Name,Age,Gender,Education_Level,Field_of_Study,Degrees,Institute_Name,Graduation_Year,Experience_Years,Current_Job_Title,Previous_Job_Titles,Skills,Certifications,Target_Job_Description
Akash Pillai,30,Non-Binary,Master's,Cybersecurity,Master's in Cybersecurity,University of Pennsylvania,2025,0,,,node js  javascript  deep learning  statistics  sql,Google Cloud Professional,seeking a challenging role as a software developer where i can apply my skills and knowledge to contribute to organizational success and professional growth
Charlotte Taylor,27,Non-Binary,Bachelor's,Electronics Engineering,Bachelor's in Electronics Engineering,Pune University,2019,5,Cybersecurity Engineer,,spark  kubernetes  terraform  natural language processing,TensorFlow Developer Certificate,targeting a cybersecurity engineer position to utilize my educational background and experience to drive results and achieve career objectives
James Zhou,45,Male,Bachelor's,Computer Science,Bachelor's in Computer Science,Amity University,2023,2,Prompt Engineer,,data analysis  node js  machine learning  linux  jenkins  network security  rest apis,"Microsoft Azure Fundamentals, Cisco Certified Network Associate, Oracle Certified Professional",targeting a prompt engineer position to utilize my educational background and experience to drive results and achieve career objectives
Amelia Thomas,28,Male,Master's,Information Technology,Master's in Information Technology,University of Pennsylvania,2023,2,AI Engineer,,docker  kubernetes  blockchain  spark,,targeting a data scientist position where i can utilize my expertise in python  r  sql  and machine learning algorithms to solve business challenges through data analysis and predictive modeling
Amanda Jain,42,Non-Binary,Master's,Electronics Engineering,Master's in Electronics Engineering,University of Toronto,2023,2,Cybersecurity Engineer,,statistics  blockchain  kubernetes  cybersecurity,,looking for an opportunity as a prompt engineer to leverage my expertise in electronics engineering and make a meaningful impact in the industry
Sarah Nair,40,Male,Bachelor's,Software Engineering,Bachelor's in Software Engineering,Amity University,2024,0,,,python  linux  network security  java  aws  ci cd  git  natural language processing,,targeting a quantum computing specialist position to utilize my educational background and experience to drive results and achieve career objectives
Rahul Patel,45,Non-Binary,Master's,Software Engineering,Master's in Software Engineering,London School of Economics,2023,0,,,ansible  kubernetes  computer vision  devops  blockchain  machine learning  pytorch,"Certified Ethical Hacker, Project Management Professional",seeking a challenging role as a backend developer where i can apply my skills and knowledge to contribute to organizational success and professional growth
Aisha Anderson,21,Non-Binary,Master's,Electrical Engineering,"Master's in Electrical Engineering, Bachelor's in Electronics Engineering",Yale University,2018,7,Product Manager,"Site Reliability Engineer, Software Engineer, Cloud Engineer",node js  react  deep learning  javascript,"Google Cloud Professional, Google Data Analytics Professional",seeking a product manager position to drive product strategy  define roadmaps  and collaborate with engineering and design teams to deliver successful products
Jessica Jackson,32,Female,Bachelor's,Robotics,Bachelor's in Robotics,Vellore Institute of Technology,2023,1,Data Scientist,,react  rest apis  agile  mongodb,Certified Kubernetes Administrator,looking for an opportunity as a data scientist to work with large datasets  build predictive models  and communicate findings to stakeholders through compelling visualizations and reports
Jackson Patel,35,Non-Binary,Bachelor's,Electronics Engineering,Bachelor's in Electronics Engineering,Stanford University,2017,6,Quantum Computing Specialist,"UI/UX Designer, Site Reliability Engineer, Frontend Developer",sql  natural language processing  kubernetes  graphql,"TensorFlow Developer Certificate, Certified Kubernetes Administrator, Certified Ethical Hacker",targeting a quantum computing specialist position to utilize my educational background and experience to drive results and achieve career objectives
Rohan Park,43,Female,Bachelor's,Computer Engineering,Bachelor's in Computer Engineering,Stanford University,2024,0,,,kafka  terraform  react  linux,,seeking a software engineer position to develop high quality  scalable software solutions using modern programming languages and development methodologies
Sneha Gupta,26,Male,Master's,Electronics Engineering,Master's in Electronics Engineering,Amity University,2019,5,Product Manager,Prompt Engineer,aws  jenkins  natural language processing  javascript  sql  graphql  linux,"Certified Kubernetes Administrator, Project Management Professional",seeking a product manager position to drive product strategy  define roadmaps  and collaborate with engineering and design teams to deliver successful products
Aadhya White,40,Non-Binary,Certificate,Information Technology,Certificate in Information Technology,University of Cambridge,2017,8,Cloud Architect,,cloud computing  computer vision  azure  scrum  node js,Certified Information Systems Security Professional,targeting a quantum computing specialist position to utilize my educational background and experience to drive results and achieve career objectives
Rohan Martinez,42,Male,PhD,Software Engineering,PhD in Software Engineering,Manipal Institute of Technology,2025,0,,,mongodb  ansible  docker  data analysis,"Scrum Master Certified, Certified Kubernetes Administrator",looking for an opportunity as a blockchain engineer to leverage my expertise in software engineering and make a meaningful impact in the industry
Sneha Rao,29,Male,Bachelor's,Artificial Intelligence,Bachelor's in Artificial Intelligence,London School of Economics,2023,2,Blockchain Engineer,,python  agile  azure  computer vision,CompTIA Security+,seeking a challenging role as a blockchain engineer where i can apply my skills and knowledge to contribute to organizational success and professional growth
Ashley Mittal,38,Male,PhD,Electrical Engineering,PhD in Electrical Engineering,Manipal Institute of Technology,2025,0,,,blockchain  azure  javascript  git  ci cd,,seeking a challenging role as a quantum computing specialist where i can apply my skills and knowledge to contribute to organizational success and professional growth
Benjamin Zhou,38,Female,Diploma,Robotics,Diploma in Robotics,University of Oxford,2017,1,Machine Learning Engineer,,kubernetes  tensorflow  graphql  java  agile,"Oracle Certified Professional, Project Management Professional, Certified Kubernetes Administrator",seeking a challenging role as a machine learning engineer where i can apply my skills and knowledge to contribute to organizational success and professional growth
Priya Jones,27,Female,Bachelor's,Data Science,Bachelor's in Data Science,University of Oxford,2020,3,Product Manager,AI Engineer,pytorch  rest apis  agile  data analysis,,seeking a product manager position to drive product strategy  define roadmaps  and collaborate with engineering and design teams to deliver successful products
Ava Johnson,39,Female,High School,Electrical Engineering,High School in Electrical Engineering,Christian Medical College,2015,8,Site Reliability Engineer,Big Data Engineer,linux  blockchain  cloud computing  aws  microservices  pytorch,"AWS Certified Solutions Architect, CompTIA Security+",looking for an opportunity as a site reliability engineer to leverage my expertise in electrical engineering and make a meaningful impact in the industry
Aisha Park,31,Non-Binary,Bachelor's,Information Technology,Bachelor's in Information Technology,Technical University of Munich,2021,0,,,git  graphql  linux  rest apis  statistics  azure  pytorch  kafka,"Project Management Professional, CompTIA Security+, Microsoft Azure Fundamentals",looking for a ui ux designer position where i can combine creativity with analytical thinking to design user centered interfaces that solve real problems
Isabella Brown,34,Non-Binary,Master's,Cybersecurity,Master's in Cybersecurity,SRM Institute of Science and Technology,2018,0,,,solidity  machine learning  cloud computing  penetration testing  kubernetes  sql  statistics,"Google Cloud Professional, Certified Kubernetes Administrator",seeking a challenging role as a mobile applications developer where i can apply my skills and knowledge to contribute to organizational success and professional growth
Jackson Reddy,40,Male,Master's,Electronics Engineering,Master's in Electronics Engineering,University of California Berkeley,2021,4,Software Developer,"Product Manager, Cloud Engineer",microservices  network security  rest apis  natural language processing  docker,,looking for an opportunity as a software developer to leverage my expertise in electronics engineering and make a meaningful impact in the industry
Arjun White,42,Non-Binary,Certificate,Electrical Engineering,Certificate in Electrical Engineering,University of Oxford,2023,0,,,cloud computing  blockchain  ansible  solidity  kubernetes  penetration testing  jenkins,"Oracle Certified Professional, Certified Kubernetes Administrator",looking for an opportunity as a prompt engineer to leverage my expertise in electrical engineering and make a meaningful impact in the industry
Ethan Patel,43,Female,Bachelor's,Cybersecurity,Bachelor's in Cybersecurity,University of Pennsylvania,2021,0,,,sql  azure  docker  deep learning  microservices  jenkins  machine learning  node js,"Certified Ethical Hacker, Certified Information Systems Security Professional, Google Data Analytics Professional",looking for an opportunity as a prompt engineer to leverage my expertise in cybersecurity and make a meaningful impact in the industry
Alexander Zhou,39,Non-Binary,High School,Electrical Engineering,High School in Electrical Engineering,Christian Medical College,2022,0,,,python  scrum  git  microservices  graphql  deep learning  network security,Cisco Certified Network Associate,looking for an opportunity as a full stack developer to leverage my expertise in electrical engineering and make a meaningful impact in the industry
Jessica Chen,33,Non-Binary,Bachelor's,Machine Learning,Bachelor's in Machine Learning,University of Toronto,2021,3,Machine Learning Engineer,Blockchain Engineer,terraform  java  rest apis  kafka  sql  blockchain  azure  cybersecurity,AWS Certified Solutions Architect,looking for an opportunity as a machine learning engineer to leverage my expertise in machine learning and make a meaningful impact in the industry
Ava Gupta,36,Male,Master's,Computer Science,Master's in Computer Science,Amity University,2017,1,Big Data Engineer,,node js  javascript  java  natural language processing  pytorch,,seeking a challenging role as a big data engineer where i can apply my skills and knowledge to contribute to organizational success and professional growth
Evelyn Wang,29,Female,Bachelor's,Electrical Engineering,Bachelor's in Electrical Engineering,Technical University of Munich,2024,1,Frontend Developer,,kubernetes  git  mongodb  kafka,,targeting a frontend developer position to utilize my educational background and experience to drive results and achieve career objectives
Olivia Patel,39,Non-Binary,PhD,Data Science,PhD in Data Science,Indian Institute of Technology Delhi,2021,0,,,spark  aws  jenkins  javascript  scrum  blockchain,"Google Cloud Professional, Google Data Analytics Professional",looking for a cloud engineer role where i can architect cloud solutions  automate deployments  and optimize cloud resources for performance and cost efficiency
Charlotte Lee,35,Non-Binary,Bachelor's,Software Engineering,Bachelor's in Software Engineering,University of Oxford,2022,3,MLOps Specialist,Prompt Engineer,terraform  penetration testing  cybersecurity  blockchain  data analysis  linux,Google Cloud Professional,seeking a challenging role as a mlops specialist where i can apply my skills and knowledge to contribute to organizational success and professional growth
Rahul Wilson,26,Female,Bachelor's,Computer Engineering,Bachelor's in Computer Engineering,Amity University,2021,1,Prompt Engineer,,spark  data analysis  ansible  python  devops  pytorch,,targeting a prompt engineer position to utilize my educational background and experience to drive results and achieve career objectives
Matthew Rao,35,Male,Bachelor's,Data Science,Bachelor's in Data Science,Mumbai University,2020,2,Full-Stack Developer,,git  kafka  ci cd  penetration testing  ansible,"Certified Ethical Hacker, CompTIA Security+",seeking a challenging role as a full stack developer where i can apply my skills and knowledge to contribute to organizational success and professional growth
Ankit Zhang,27,Female,Bachelor's,Information Systems,Bachelor's in Information Systems,University of Cambridge,2018,4,Frontend Developer,"Machine Learning Engineer, Blockchain Engineer",pytorch  machine learning  penetration testing  data analysis  kafka,"Google Cloud Professional, Certified Kubernetes Administrator",seeking a challenging role as a frontend developer where i can apply my skills and knowledge to contribute to organizational success and professional growth
Aditi Pillai,30,Non-Binary,PhD,Electronics Engineering,PhD in Electronics Engineering,University of Toronto,2022,0,,,python  jenkins  statistics  penetration testing,"TensorFlow Developer Certificate, Certified Information Systems Security Professional, Microsoft Azure Fundamentals",seeking a challenging role as a ai ethics officer where i can apply my skills and knowledge to contribute to organizational success and professional growth
Amelia Rao,23,Non-Binary,Master's,Computer Science,"Master's in Computer Science, Bachelor's in Information Systems",Pune University,2022,2,Site Reliability Engineer,,jenkins  git  sql  natural language processing  aws,"Scrum Master Certified, Oracle Certified Professional, CompTIA Security+",looking for an opportunity as a machine learning engineer to leverage my expertise in computer science and make a meaningful impact in the industry
Meera Venkatesh,22,Non-Binary,Diploma,Information Technology,Diploma in Information Technology,National Institute of Technology Trichy,2015,9,Software Engineer,,computer vision  sql  kubernetes  natural language processing  tensorflow,,seeking a software engineer position to develop high quality  scalable software solutions using modern programming languages and development methodologies
Isabella Liu,30,Non-Binary,PhD,Information Technology,"PhD in Information Technology, Bachelor's in Computer Engineering",University of Washington,2016,0,,,computer vision  kafka  pytorch  blockchain  aws,Project Management Professional,looking for an opportunity as a backend developer to leverage my expertise in information technology and make a meaningful impact in the industry
Diya Yang,39,Female,Bachelor's,Machine Learning,Bachelor's in Machine Learning,Indian Institute of Science,2021,4,Frontend Developer,,rest apis  data analysis  cloud computing  terraform  network security  solidity,,seeking a challenging role as a frontend developer where i can apply my skills and knowledge to contribute to organizational success and professional growth
Christopher Krishnan,39,Male,Certificate,Electronics Engineering,Certificate in Electronics Engineering,Armed Forces Medical College,2020,0,,,javascript  tensorflow  penetration testing  devops  solidity  data analysis  kafka  blockchain,"Google Cloud Professional, TensorFlow Developer Certificate, Certified Information Systems Security Professional",seeking a challenging role as a blockchain engineer where i can apply my skills and knowledge to contribute to organizational success and professional growth
Emily Martin,43,Female,Bachelor's,Artificial Intelligence,Bachelor's in Artificial Intelligence,Indian Institute of Technology Delhi,2025,0,,,cybersecurity  sql  linux  computer vision,"Google Cloud Professional, Certified Ethical Hacker",looking for an opportunity as a quantum computing specialist to leverage my expertise in artificial intelligence and make a meaningful impact in the industry
Michael Kumar,27,Non-Binary,Bachelor's,Machine Learning,Bachelor's in Machine Learning,Amity University,2017,0,,,react  machine learning  data analysis  ansible  azure  statistics  solidity,"Google Cloud Professional, AWS Certified Solutions Architect, Project Management Professional",targeting a cybersecurity engineer position to utilize my educational background and experience to drive results and achieve career objectives
Michael Gupta,28,Male,Master's,Information Technology,Master's in Information Technology,Pune University,2018,2,Blockchain Engineer,,network security  statistics  cloud computing  data analysis  graphql,"TensorFlow Developer Certificate, Certified Kubernetes Administrator, Oracle Certified Professional",looking for an opportunity as a cybersecurity engineer to leverage my expertise in information technology and make a meaningful impact in the industry
Emily Nair,29,Male,Bachelor's,Computer Engineering,Bachelor's in Computer Engineering,Pune University,2018,6,Software Developer,"Frontend Developer, Full-Stack Developer",network security  docker  solidity  terraform  penetration testing  scrum  agile  microservices,"Certified Information Systems Security Professional, Certified Kubernetes Administrator, CompTIA Security+",targeting a software developer position to utilize my educational background and experience to drive results and achieve career objectives
David Mittal,36,Male,Bachelor's,Electrical Engineering,Bachelor's in Electrical Engineering,University of Washington,2021,1,Prompt Engineer,,solidity  mongodb  devops  cybersecurity,,looking for an opportunity as a prompt engineer to leverage my expertise in electrical engineering and make a meaningful impact in the industry
Emily Venkatesh,43,Female,Master's,Cybersecurity,"Master's in Cybersecurity, Bachelor's in Information Technology",University of California Berkeley,2022,2,Data Scientist,,microservices  linux  network security  terraform  javascript  node js  natural language processing  statistics,CompTIA Security+,looking for an opportunity as a backend developer to leverage my expertise in cybersecurity and make a meaningful impact in the industry
Aditi Rodriguez,32,Female,Bachelor's,Data Science,Bachelor's in Data Science,University of Pennsylvania,2025,0,,,jenkins  tensorflow  kubernetes  kafka  sql  microservices  natural language processing,"Scrum Master Certified, Microsoft Azure Fundamentals, Certified Kubernetes Administrator",looking for an opportunity as a mlops specialist to leverage my expertise in data science and make a meaningful impact in the industry
Jessica Sharma,35,Female,Master's,Software Engineering,Master's in Software Engineering,University of California Berkeley,2018,5,Cybersecurity Analyst,"UI/UX Designer, AI Engineer",scrum  kafka  git  blockchain  computer vision  cybersecurity  jenkins,Certified Ethical Hacker,targeting a cybersecurity analyst role to contribute to the development and maintenance of robust security frameworks  policies  and procedures
Amelia Davis,21,Non-Binary,PhD,Robotics,PhD in Robotics,Indian Institute of Science,2019,0,,,network security  statistics  deep learning  scrum  jenkins  pytorch  computer vision  azure,,targeting a data scientist position where i can utilize my expertise in python  r  sql  and machine learning algorithms to solve business challenges through data analysis and predictive modeling
Charlotte Zhang,25,Male,PhD,Cybersecurity,PhD in Cybersecurity,Columbia University,2019,2,Mobile Applications Developer,,pytorch  azure  terraform  ci cd  devops,"Microsoft Azure Fundamentals, Cisco Certified Network Associate",seeking a challenging role as a site reliability engineer where i can apply my skills and knowledge to contribute to organizational success and professional growth
Arya Wu,28,Non-Binary,Master's,Artificial Intelligence,Master's in Artificial Intelligence,Chennai University,2016,7,Quantum Computing Specialist,"Cloud Architect, Product Manager",sql  rest apis  python  computer vision  terraform  aws,"Certified Information Systems Security Professional, Project Management Professional, CompTIA Security+",targeting a quantum computing specialist position to utilize my educational background and experience to drive results and achieve career objectives
Aisha Lee,35,Non-Binary,Bachelor's,Artificial Intelligence,Bachelor's in Artificial Intelligence,Georgia Institute of Technology,2021,4,Cloud Engineer,"Machine Learning Engineer, Site Reliability Engineer",javascript  git  network security  aws  mongodb,Google Data Analytics Professional,targeting a cloud engineer position to contribute to cloud migration projects and build resilient  scalable cloud native applications
Ananya Rao,40,Female,PhD,Computer Engineering,PhD in Computer Engineering,All India Institute of Medical Sciences,2019,0,,,machine learning  solidity  kafka  natural language processing  ci cd  mongodb,"Google Data Analytics Professional, Project Management Professional",looking for an opportunity as a data scientist to work with large datasets  build predictive models  and communicate findings to stakeholders through compelling visualizations and reports
Akash Park,27,Non-Binary,Master's,Computer Science,Master's in Computer Science,University of Washington,2024,0,,,natural language processing  azure  jenkins  machine learning  node js  ansible,Certified Kubernetes Administrator,seeking a data scientist role to apply statistical analysis  machine learning  and data visualization techniques to extract meaningful insights from complex datasets and drive data driven decision making
Arjun Menon,29,Male,Bachelor's,Computer Science,Bachelor's in Computer Science,Birla Institute of Technology,2019,0,,,scrum  natural language processing  kafka  linux,,targeting a machine learning engineer position to utilize my educational background and experience to drive results and achieve career objectives
Michael Iyer,24,Non-Binary,Bachelor's,Machine Learning,Bachelor's in Machine Learning,Stanford University,2022,3,Big Data Engineer,Frontend Developer,kafka  mongodb  solidity  cloud computing  deep learning  javascript  git  cybersecurity,,looking for an opportunity as a big data engineer to leverage my expertise in machine learning and make a meaningful impact in the industry
Aisha Gupta,31,Non-Binary,Bachelor's,Software Engineering,Bachelor's in Software Engineering,Carnegie Mellon University,2025,0,,,kafka  ansible  linux  microservices  devops  statistics  cybersecurity  blockchain,,targeting a blockchain engineer position to utilize my educational background and experience to drive results and achieve career objectives
Amanda Brown,34,Female,PhD,Artificial Intelligence,PhD in Artificial Intelligence,Massachusetts Institute of Technology,2016,1,Prompt Engineer,,rest apis  graphql  mongodb  linux  blockchain  ansible  computer vision,"Microsoft Azure Fundamentals, Project Management Professional",targeting a prompt engineer position to utilize my educational background and experience to drive results and achieve career objectives
Joshua Thomas,25,Non-Binary,Bachelor's,Information Systems,Bachelor's in Information Systems,Manipal Institute of Technology,2017,3,Big Data Engineer,Cloud Engineer,aws  graphql  scrum  blockchain  react  statistics,"Certified Information Systems Security Professional, Google Cloud Professional",looking for an opportunity as a quantum computing specialist to leverage my expertise in information systems and make a meaningful impact in the industry
Meera Jones,34,Non-Binary,Diploma,Electrical Engineering,Diploma in Electrical Engineering,Birla Institute of Technology,2017,6,Cloud Architect,,java  data analysis  spark  tensorflow  kafka  git  agile  scrum,,seeking a challenging role as a cloud architect where i can apply my skills and knowledge to contribute to organizational success and professional growth
Joshua Iyer,27,Female,Bachelor's,Cybersecurity,Bachelor's in Cybersecurity,Stanford University,2025,0,,,git  linux  jenkins  sql  react  docker,Oracle Certified Professional,looking for a devops engineer position where i can streamline software deployment processes  improve system reliability  and foster a culture of continuous integration and delivery
Jessica Jackson,36,Non-Binary,Bachelor's,Computer Engineering,Bachelor's in Computer Engineering,Stanford University,2015,3,Blockchain Engineer,Prompt Engineer,aws  scrum  blockchain  spark  statistics  network security  git  javascript,Certified Ethical Hacker,seeking a software engineer position to develop high quality  scalable software solutions using modern programming languages and development methodologies
Aadhya Rao,44,Female,Bachelor's,Artificial Intelligence,Bachelor's in Artificial Intelligence,Christian Medical College,2015,1,Software Developer,,cloud computing  ansible  scrum  node js  rest apis,,looking for an opportunity as a quantum computing specialist to leverage my expertise in artificial intelligence and make a meaningful impact in the industry
Meera Moore,43,Non-Binary,Bachelor's,Information Technology,Bachelor's in Information Technology,Christian Medical College,2016,9,Full-Stack Developer,,linux  kubernetes  cybersecurity  ci cd,,looking for an opportunity as a full stack developer to leverage my expertise in information technology and make a meaningful impact in the industry
Mason Yang,31,Male,Bachelor's,Software Engineering,Bachelor's in Software Engineering,University of Washington,2019,4,Cybersecurity Analyst,DevOps Engineer,aws  devops  cloud computing  pytorch  scrum  terraform  docker  natural language processing,,targeting a cybersecurity analyst role to contribute to the development and maintenance of robust security frameworks  policies  and procedures
Rahul White,45,Non-Binary,Master's,Machine Learning,Master's in Machine Learning,Massachusetts Institute of Technology,2019,0,,,linux  spark  docker  solidity  node js  penetration testing  ansible  git,"Scrum Master Certified, AWS Certified Solutions Architect",seeking a challenging role as a backend developer where i can apply my skills and knowledge to contribute to organizational success and professional growth
Charlotte Rodriguez,23,Non-Binary,PhD,Information Technology,PhD in Information Technology,Mumbai University,2016,2,Cloud Architect,,cloud computing  microservices  cybersecurity  ansible  javascript  solidity  pytorch  linux,"Google Data Analytics Professional, Microsoft Azure Fundamentals, AWS Certified Solutions Architect",targeting a cloud architect position to utilize my educational background and experience to drive results and achieve career objectives
Ethan Thompson,37,Non-Binary,Master's,Cybersecurity,Master's in Cybersecurity,University of Cambridge,2019,5,Cloud Architect,,microservices  graphql  agile  react  jenkins  node js,"Google Cloud Professional, Google Data Analytics Professional",looking for an opportunity as a big data engineer to leverage my expertise in cybersecurity and make a meaningful impact in the industry
Akash Srinivasan,42,Male,PhD,Computer Engineering,PhD in Computer Engineering,Christian Medical College,2023,1,Cybersecurity Engineer,,azure  sql  git  ansible  microservices  agile  spark,,seeking a challenging role as a cybersecurity engineer where i can apply my skills and knowledge to contribute to organizational success and professional growth
Emily Zhou,36,Male,Bachelor's,Software Engineering,Bachelor's in Software Engineering,Mumbai University,2024,0,,,statistics  mongodb  cloud computing  terraform,,looking for an opportunity as a machine learning engineer to leverage my expertise in software engineering and make a meaningful impact in the industry
Arya Smith,26,Non-Binary,Master's,Software Engineering,Master's in Software Engineering,SRM Institute of Science and Technology,2023,1,Software Engineer,,graphql  ci cd  natural language processing  solidity,"Oracle Certified Professional, CompTIA Security+",looking for an opportunity as a mobile applications developer to leverage my expertise in software engineering and make a meaningful impact in the industry
Christopher Krishnan,35,Female,Master's,Artificial Intelligence,Master's in Artificial Intelligence,Carnegie Mellon University,2019,0,,,graphql  kubernetes  pytorch  azure  computer vision  react  penetration testing  ci cd,,seeking a challenging role as a mlops specialist where i can apply my skills and knowledge to contribute to organizational success and professional growth
Lucas Thompson,37,Male,PhD,Information Technology,PhD in Information Technology,Chennai University,2018,0,,,scrum  java  graphql  react  rest apis  cloud computing  ci cd,Certified Ethical Hacker,seeking a product manager position to drive product strategy  define roadmaps  and collaborate with engineering and design teams to deliver successful products
Matthew Kim,31,Male,Bachelor's,Computer Engineering,Bachelor's in Computer Engineering,Christian Medical College,2016,3,AI Ethics Officer,,penetration testing  solidity  python  sql  java,"Certified Kubernetes Administrator, Microsoft Azure Fundamentals",seeking a challenging role as a ai ethics officer where i can apply my skills and knowledge to contribute to organizational success and professional growth
Michael Lee,40,Female,Bachelor's,Machine Learning,Bachelor's in Machine Learning,Armed Forces Medical College,2017,1,Cloud Architect,,java  cloud computing  jenkins  natural language processing  docker  statistics  blockchain  python,"Certified Kubernetes Administrator, Scrum Master Certified",looking for an opportunity as a cloud architect to leverage my expertise in machine learning and make a meaningful impact in the industry
Aisha Iyer,38,Non-Binary,Master's,Information Systems,Master's in Information Systems,Massachusetts Institute of Technology,2020,5,Quantum Computing Specialist,"Prompt Engineer, Machine Learning Engineer",microservices  penetration testing  javascript  ci cd,"CompTIA Security+, AWS Certified Solutions Architect",seeking a challenging role as a quantum computing specialist where i can apply my skills and knowledge to contribute to organizational success and professional growth
Benjamin Menon,31,Non-Binary,Bachelor's,Electronics Engineering,Bachelor's in Electronics Engineering,Vellore Institute of Technology,2015,4,Mobile Applications Developer,"AI Ethics Officer, Blockchain Engineer",tensorflow  azure  node js  cybersecurity  javascript  statistics  pytorch,,seeking a challenging role as a mobile applications developer where i can apply my skills and knowledge to contribute to organizational success and professional growth
Samantha Kim,27,Female,Bachelor's,Computer Science,Bachelor's in Computer Science,Yale University,2020,4,Cybersecurity Engineer,,data analysis  aws  ci cd  blockchain  rest apis  solidity,"Certified Information Systems Security Professional, Microsoft Azure Fundamentals, TensorFlow Developer Certificate",targeting a cybersecurity engineer position to utilize my educational background and experience to drive results and achieve career objectives
Harper Gupta,34,Non-Binary,Certificate,Software Engineering,Certificate in Software Engineering,National Institute of Technology Trichy,2022,0,,,linux  mongodb  sql  spark  statistics  git,"Scrum Master Certified, CompTIA Security+, Certified Ethical Hacker",targeting a quantum computing specialist position to utilize my educational background and experience to drive results and achieve career objectives
Benjamin Venkatesh,34,Female,Master's,Computer Science,"Master's in Computer Science, Bachelor's in Electronics Engineering",Chennai University,2020,4,Cybersecurity Analyst,,ci cd  cloud computing  kubernetes  java  docker  solidity  javascript,Google Cloud Professional,targeting a cybersecurity analyst role to contribute to the development and maintenance of robust security frameworks  policies  and procedures
Ethan Thomas,32,Female,Master's,Electrical Engineering,"Master's in Electrical Engineering, Bachelor's in Computer Engineering",London School of Economics,2018,4,Machine Learning Engineer,Software Engineer,ci cd  rest apis  linux  data analysis  natural language processing  aws  java  tensorflow,"Google Data Analytics Professional, Certified Ethical Hacker, Oracle Certified Professional",seeking a challenging role as a machine learning engineer where i can apply my skills and knowledge to contribute to organizational success and professional growth
Arjun Patel,35,Male,PhD,Machine Learning,PhD in Machine Learning,Birla Institute of Technology,2020,0,,,scrum  node js  ansible  terraform  statistics  git,CompTIA Security+,seeking a cybersecurity analyst position to protect organizational assets by implementing security measures  conducting vulnerability assessments  and responding to security incidents
Arjun Garcia,36,Male,Bachelor's,Electrical Engineering,Bachelor's in Electrical Engineering,Massachusetts Institute of Technology,2017,1,Big Data Engineer,,ansible  azure  sql  node js  git  rest apis  penetration testing,"Oracle Certified Professional, Certified Ethical Hacker, Scrum Master Certified",targeting a big data engineer position to utilize my educational background and experience to drive results and achieve career objectives
Vikram Taylor,25,Non-Binary,Master's,Software Engineering,Master's in Software Engineering,SRM Institute of Science and Technology,2020,4,Cybersecurity Analyst,Software Engineer,cloud computing  react  aws  devops  docker  git  kubernetes,Certified Information Systems Security Professional,targeting a machine learning engineer position to utilize my educational background and experience to drive results and achieve career objectives
Rohan Davis,25,Non-Binary,Bachelor's,Information Systems,Bachelor's in Information Systems,University of Toronto,2025,0,,,kubernetes  kafka  docker  spark  agile  javascript  java  sql,,targeting a cybersecurity analyst role to contribute to the development and maintenance of robust security frameworks  policies  and procedures
Michael Venkatesh,41,Male,Master's,Electronics Engineering,Master's in Electronics Engineering,National Institute of Technology Trichy,2022,3,Quantum Computing Specialist,,git  penetration testing  natural language processing  rest apis  spark  cybersecurity,,looking for an opportunity as a quantum computing specialist to leverage my expertise in electronics engineering and make a meaningful impact in the industry
Matthew Wilson,44,Female,Diploma,Software Engineering,Diploma in Software Engineering,University of California Berkeley,2015,6,Site Reliability Engineer,DevOps Engineer,ansible  mongodb  linux  natural language processing  cybersecurity  aws  data analysis  solidity,Microsoft Azure Fundamentals,looking for an opportunity as a big data engineer to leverage my expertise in software engineering and make a meaningful impact in the industry
Meera Zhang,31,Male,Master's,Machine Learning,Master's in Machine Learning,Stanford University,2019,6,MLOps Specialist,"UI/UX Designer, Quantum Computing Specialist, AI Engineer",network security  git  spark  java  sql  rest apis  cloud computing,"Certified Kubernetes Administrator, Oracle Certified Professional, Scrum Master Certified",seeking a challenging role as a mlops specialist where i can apply my skills and knowledge to contribute to organizational success and professional growth
Harper Bansal,29,Non-Binary,Bachelor's,Artificial Intelligence,Bachelor's in Artificial Intelligence,University of Cambridge,2016,7,Blockchain Engineer,,rest apis  react  jenkins  ansible,Certified Information Systems Security Professional,seeking a challenging role as a big data engineer where i can apply my skills and knowledge to contribute to organizational success and professional growth
Ananya Moore,32,Female,Master's,Cybersecurity,Master's in Cybersecurity,University of Washington,2024,0,,,spark  cloud computing  rest apis  javascript  azure,"Oracle Certified Professional, TensorFlow Developer Certificate",looking for an opportunity as a machine learning engineer to leverage my expertise in cybersecurity and make a meaningful impact in the industry
Karan Wilson,26,Female,Certificate,Robotics,Certificate in Robotics,Carnegie Mellon University,2021,0,,,agile  cloud computing  kafka  terraform  network security  git  penetration testing  java,"Certified Information Systems Security Professional, Project Management Professional",targeting a ui ux designer role to contribute to the entire design process from concept to implementation  ensuring optimal user satisfaction and usability
Priya Miller,41,Non-Binary,Master's,Robotics,Master's in Robotics,Armed Forces Medical College,2017,3,Data Scientist,,penetration testing  kubernetes  devops  microservices  docker  natural language processing  javascript  aws,AWS Certified Solutions Architect,targeting a data scientist position where i can utilize my expertise in python  r  sql  and machine learning algorithms to solve business challenges through data analysis and predictive modeling
Arjun Iyer,27,Non-Binary,Bachelor's,Electronics Engineering,Bachelor's in Electronics Engineering,Technical University of Munich,2018,4,Frontend Developer,,microservices  linux  tensorflow  cybersecurity  terraform  agile  scrum  computer vision,"Certified Kubernetes Administrator, Oracle Certified Professional, Cisco Certified Network Associate",targeting a ai ethics officer position to utilize my educational background and experience to drive results and achieve career objectives
Matthew Rao,31,Female,Bachelor's,Robotics,Bachelor's in Robotics,Indian Institute of Science,2019,0,,,aws  jenkins  terraform  microservices  rest apis  scrum,Cisco Certified Network Associate,looking for an opportunity as a blockchain engineer to leverage my expertise in robotics and make a meaningful impact in the industry
Ethan Kim,29,Non-Binary,Master's,Data Science,Master's in Data Science,SRM Institute of Science and Technology,2025,0,,,ansible  data analysis  azure  mongodb  natural language processing  terraform,,seeking a challenging role as a quantum computing specialist where i can apply my skills and knowledge to contribute to organizational success and professional growth
Michael Anderson,43,Female,Bachelor's,Software Engineering,Bachelor's in Software Engineering,Harvard University,2025,0,,,kubernetes  graphql  penetration testing  jenkins  pytorch  statistics  linux  devops,,targeting an ai engineer position to contribute to the development of intelligent systems using python  tensorflow  and pytorch  eager to work on large scale ai projects in a collaborative environment
Joshua Zhang,22,Male,Bachelor's,Software Engineering,Bachelor's in Software Engineering,Yale University,2017,7,Data Scientist,,network security  tensorflow  statistics  javascript  python  git  mongodb,"Cisco Certified Network Associate, TensorFlow Developer Certificate",looking for an opportunity as a data scientist to work with large datasets  build predictive models  and communicate findings to stakeholders through compelling visualizations and reports
Emma Zhang,35,Non-Binary,Bachelor's,Software Engineering,Bachelor's in Software Engineering,University of California Berkeley,2017,7,AI Engineer,,statistics  jenkins  pytorch  tensorflow  rest apis  blockchain,"Google Cloud Professional, Certified Ethical Hacker",aspiring to join a dynamic team as an ai engineer where i can leverage my expertise in deep learning  natural language processing  and computer vision to build innovative ai products and services
Alexander Garcia,35,Female,Diploma,Computer Engineering,Diploma in Computer Engineering,Technical University of Munich,2016,4,Software Developer,,python  computer vision  ci cd  natural language processing  react  aws  cybersecurity  git,Certified Ethical Hacker,seeking a challenging role as a software developer where i can apply my skills and knowledge to contribute to organizational success and professional growth
Arjun Reddy,25,Female,Master's,Electrical Engineering,"Master's in Electrical Engineering, Bachelor's in Information Systems",Vellore Institute of Technology,2024,0,,,ansible  penetration testing  terraform  machine learning  natural language processing  sql  solidity,"Google Cloud Professional, Scrum Master Certified",looking for an opportunity as a big data engineer to leverage my expertise in electrical engineering and make a meaningful impact in the industry
Vikram Thompson,24,Non-Binary,Bachelor's,Electrical Engineering,Bachelor's in Electrical Engineering,Armed Forces Medical College,2022,3,AI Ethics Officer,AI Engineer,cloud computing  solidity  react  cybersecurity,Google Data Analytics Professional,looking for an opportunity as a ai ethics officer to leverage my expertise in electrical engineering and make a meaningful impact in the industry
Ava Sharma,44,Male,Master's,Computer Science,Master's in Computer Science,Armed Forces Medical College,2020,3,Site Reliability Engineer,Full-Stack Developer,node js  terraform  react  spark  penetration testing  javascript,"Certified Ethical Hacker, Microsoft Azure Fundamentals",seeking a challenging role as a site reliability engineer where i can apply my skills and knowledge to contribute to organizational success and professional growth
Christopher Park,38,Male,Master's,Cybersecurity,Master's in Cybersecurity,Technical University of Munich,2022,3,Cloud Engineer,,terraform  rest apis  devops  azure  deep learning,,seeking a cloud engineer position to design  implement  and maintain scalable cloud infrastructure using aws  azure  or google cloud platform
Evelyn Taylor,25,Female,Bachelor's,Robotics,Bachelor's in Robotics,University of California Berkeley,2024,0,,,graphql  java  natural language processing  machine learning,,targeting a cloud engineer position to contribute to cloud migration projects and build resilient  scalable cloud native applications
Christopher Liu,22,Male,Master's,Artificial Intelligence,Master's in Artificial Intelligence,Delhi University,2018,2,MLOps Specialist,,terraform  machine learning  react  azure  cloud computing,"Certified Kubernetes Administrator, CompTIA Security+",seeking a challenging role as a mobile applications developer where i can apply my skills and knowledge to contribute to organizational success and professional growth
Michael Martinez,29,Male,Master's,Electrical Engineering,Master's in Electrical Engineering,Columbia University,2018,4,Machine Learning Engineer,Data Scientist,ansible  network security  react  scrum  microservices  devops  linux,"Certified Ethical Hacker, Microsoft Azure Fundamentals, Cisco Certified Network Associate",targeting a devops engineer role to work with containerization technologies  configuration management tools  and cloud platforms to optimize software delivery
Michael Martin,38,Non-Binary,Bachelor's,Data Science,Bachelor's in Data Science,University of Oxford,2021,4,Blockchain Engineer,,agile  sql  solidity  ci cd  terraform,AWS Certified Solutions Architect,seeking a challenging role as a blockchain engineer where i can apply my skills and knowledge to contribute to organizational success and professional growth
Samantha Srinivasan,44,Non-Binary,Master's,Machine Learning,Master's in Machine Learning,Manipal Institute of Technology,2021,4,Software Engineer,Full-Stack Developer,git  python  machine learning  pytorch  aws  penetration testing,CompTIA Security+,looking for a software engineer role where i can contribute to full stack development  write clean and maintainable code  and collaborate with cross functional teams
Kavya Kim,32,Female,Bachelor's,Information Systems,Bachelor's in Information Systems,SRM Institute of Science and Technology,2017,0,,,mongodb  penetration testing  linux  machine learning  ci cd  jenkins  graphql,,targeting a ai ethics officer position to utilize my educational background and experience to drive results and achieve career objectives
Aryan Srinivasan,44,Female,Bachelor's,Data Science,Bachelor's in Data Science,Yale University,2022,2,Prompt Engineer,,microservices  jenkins  natural language processing  network security  ansible,"Cisco Certified Network Associate, TensorFlow Developer Certificate",targeting a prompt engineer position to utilize my educational background and experience to drive results and achieve career objectives
Kavya Rao,26,Non-Binary,Certificate,Computer Science,Certificate in Computer Science,SRM Institute of Science and Technology,2016,0,,,node js  react  python  graphql,Project Management Professional,seeking a challenging role as a mlops specialist where i can apply my skills and knowledge to contribute to organizational success and professional growth
Sneha White,32,Male,Master's,Electronics Engineering,"Master's in Electronics Engineering, Bachelor's in Robotics",Christian Medical College,2017,0,,,network security  java  python  terraform  graphql  jenkins  kafka,"Google Data Analytics Professional, Cisco Certified Network Associate",seeking a challenging role as a cloud architect where i can apply my skills and knowledge to contribute to organizational success and professional growth
Vikram Mittal,28,Male,Master's,Computer Engineering,Master's in Computer Engineering,Harvard University,2025,0,,,rest apis  sql  ci cd  spark  cybersecurity  natural language processing,Cisco Certified Network Associate,targeting a big data engineer position to utilize my educational background and experience to drive results and achieve career objectives
Samantha Singh,23,Female,Bachelor's,Information Systems,Bachelor's in Information Systems,University of California Berkeley,2023,0,,,python  kubernetes  sql  network security,"Project Management Professional, Certified Information Systems Security Professional, Scrum Master Certified",seeking a challenging role as a ai ethics officer where i can apply my skills and knowledge to contribute to organizational success and professional growth
Ashley Krishnan,36,Female,High School,Information Technology,High School in Information Technology,University of Washington,2021,2,Backend Developer,,terraform  jenkins  javascript  tensorflow  linux  java,Scrum Master Certified,seeking a challenging role as a backend developer where i can apply my skills and knowledge to contribute to organizational success and professional growth
Meera Hernandez,42,Non-Binary,Bachelor's,Robotics,Bachelor's in Robotics,All India Institute of Medical Sciences,2020,0,,,cloud computing  scrum  react  mongodb,"Certified Kubernetes Administrator, Google Cloud Professional, Certified Information Systems Security Professional",looking for an opportunity as a machine learning engineer to leverage my expertise in robotics and make a meaningful impact in the industry
Ethan Rao,28,Female,Master's,Artificial Intelligence,"Master's in Artificial Intelligence, Bachelor's in Software Engineering",Pune University,2025,0,,,kafka  microservices  sql  statistics  natural language processing,,looking for an opportunity as a site reliability engineer to leverage my expertise in artificial intelligence and make a meaningful impact in the industry
James Thomas,24,Male,High School,Computer Engineering,High School in Computer Engineering,Armed Forces Medical College,2016,0,,,data analysis  mongodb  azure  sql  tensorflow  blockchain,"Google Data Analytics Professional, Oracle Certified Professional, CompTIA Security+",looking for an opportunity as a mobile applications developer to leverage my expertise in computer engineering and make a meaningful impact in the industry
Rohan Gupta,40,Non-Binary,Master's,Artificial Intelligence,Master's in Artificial Intelligence,Georgia Institute of Technology,2019,3,AI Engineer,,graphql  microservices  sql  ansible  natural language processing  devops,Project Management Professional,aspiring to join a dynamic team as an ai engineer where i can leverage my expertise in deep learning  natural language processing  and computer vision to build innovative ai products and services
Lucas Martin,30,Female,Master's,Cybersecurity,"Master's in Cybersecurity, Bachelor's in Artificial Intelligence",Mumbai University,2024,1,Blockchain Engineer,,network security  spark  pytorch  cybersecurity  mongodb,Cisco Certified Network Associate,looking for an opportunity as a blockchain engineer to leverage my expertise in cybersecurity and make a meaningful impact in the industry
David Subramanian,25,Female,Bachelor's,Robotics,Bachelor's in Robotics,All India Institute of Medical Sciences,2020,0,,,linux  tensorflow  rest apis  spark  statistics  network security  natural language processing,"Certified Ethical Hacker, Cisco Certified Network Associate",targeting a software engineer position to work on challenging technical problems and build innovative applications that deliver value to users
Olivia Srinivasan,38,Male,Master's,Information Systems,Master's in Information Systems,Christian Medical College,2021,0,,,machine learning  solidity  statistics  node js  graphql  network security  azure,"Certified Kubernetes Administrator, Cisco Certified Network Associate",targeting an ai engineer position to contribute to the development of intelligent systems using python  tensorflow  and pytorch  eager to work on large scale ai projects in a collaborative environment
Priya Srinivasan,33,Non-Binary,Master's,Robotics,Master's in Robotics,All India Institute of Medical Sciences,2020,3,Site Reliability Engineer,,javascript  ci cd  terraform  sql  mongodb  natural language processing  scrum  kubernetes,,looking for an opportunity as a site reliability engineer to leverage my expertise in robotics and make a meaningful impact in the industry
Sophia Nair,44,Non-Binary,Master's,Robotics,Master's in Robotics,Columbia University,2016,1,Software Developer,,solidity  ci cd  rest apis  cybersecurity  kafka,Certified Information Systems Security Professional,targeting a software developer position to utilize my educational background and experience to drive results and achieve career objectives
Arya Taylor,30,Female,Master's,Data Science,"Master's in Data Science, Bachelor's in Cybersecurity",University of California Berkeley,2025,0,,,scrum  penetration testing  mongodb  solidity  ansible  linux  node js,"AWS Certified Solutions Architect, CompTIA Security+",targeting a mlops specialist position to utilize my educational background and experience to drive results and achieve career objectives
Jackson Iyer,26,Non-Binary,Bachelor's,Information Systems,Bachelor's in Information Systems,Christian Medical College,2021,0,,,deep learning  rest apis  tensorflow  jenkins  blockchain  kafka  java,TensorFlow Developer Certificate,seeking a challenging role as a site reliability engineer where i can apply my skills and knowledge to contribute to organizational success and professional growth
Noah Davis,45,Non-Binary,PhD,Information Technology,"PhD in Information Technology, Bachelor's in Electronics Engineering",Yale University,2023,1,Software Developer,,terraform  tensorflow  ci cd  linux,TensorFlow Developer Certificate,targeting a software developer position to utilize my educational background and experience to drive results and achieve career objectives
Amelia Srinivasan,24,Female,Bachelor's,Machine Learning,Bachelor's in Machine Learning,Amity University,2019,0,,,git  kafka  sql  azure  linux,,looking for an opportunity as a cloud architect to leverage my expertise in machine learning and make a meaningful impact in the industry
Ashley Mittal,37,Female,Bachelor's,Software Engineering,Bachelor's in Software Engineering,Delhi University,2022,2,AI Ethics Officer,,blockchain  tensorflow  network security  terraform  kafka  kubernetes  jenkins,"Microsoft Azure Fundamentals, Oracle Certified Professional",seeking a challenging role as a software developer where i can apply my skills and knowledge to contribute to organizational success and professional growth
Olivia Hernandez,38,Non-Binary,Master's,Artificial Intelligence,"Master's in Artificial Intelligence, Bachelor's in Computer Engineering",National Institute of Technology Trichy,2022,3,Backend Developer,,graphql  solidity  network security  kubernetes  sql  java  deep learning,"AWS Certified Solutions Architect, Cisco Certified Network Associate",targeting a backend developer position to utilize my educational background and experience to drive results and achieve career objectives
Ankit Davis,45,Non-Binary,PhD,Cybersecurity,PhD in Cybersecurity,Amity University,2019,0,,,solidity  terraform  machine learning  blockchain,,looking for an opportunity as a quantum computing specialist to leverage my expertise in cybersecurity and make a meaningful impact in the industry
Ava Taylor,23,Female,PhD,Information Technology,PhD in Information Technology,Bangalore University,2023,2,Product Manager,,kafka  scrum  blockchain  kubernetes  azure,Certified Kubernetes Administrator,targeting a product manager position to lead cross functional teams in building products that meet customer needs and achieve business objectives
Isabella Rodriguez,39,Female,Diploma,Information Systems,Diploma in Information Systems,Georgia Institute of Technology,2018,0,,,azure  graphql  react  data analysis,CompTIA Security+,looking for an opportunity as a backend developer to leverage my expertise in information systems and make a meaningful impact in the industry
Jackson Wu,42,Female,Master's,Electrical Engineering,Master's in Electrical Engineering,Yale University,2020,5,Cybersecurity Engineer,,graphql  microservices  solidity  node js  sql  rest apis,"CompTIA Security+, Certified Information Systems Security Professional",targeting a cybersecurity engineer position to utilize my educational background and experience to drive results and achieve career objectives
Ashley Taylor,23,Non-Binary,Bachelor's,Artificial Intelligence,Bachelor's in Artificial Intelligence,Indian Institute of Science,2016,7,Software Engineer,Mobile Applications Developer,data analysis  linux  statistics  agile  azure  network security  ansible,,looking for a software engineer role where i can contribute to full stack development  write clean and maintainable code  and collaborate with cross functional teams
Aadhya Jackson,27,Non-Binary,PhD,Electronics Engineering,PhD in Electronics Engineering,Technical University of Munich,2018,1,AI Engineer,,data analysis  sql  ci cd  computer vision  kubernetes,,seeking a ui ux designer role to create intuitive and engaging user experiences through user research  wireframing  prototyping  and visual design
Priya Patel,25,Non-Binary,Bachelor's,Electronics Engineering,Bachelor's in Electronics Engineering,Massachusetts Institute of Technology,2018,1,Mobile Applications Developer,,python  agile  aws  blockchain,TensorFlow Developer Certificate,looking for an opportunity as a mobile applications developer to leverage my expertise in electronics engineering and make a meaningful impact in the industry
Mason Bansal,33,Male,Master's,Electronics Engineering,Master's in Electronics Engineering,University of Washington,2021,3,Cybersecurity Analyst,,devops  jenkins  python  kubernetes,"Certified Information Systems Security Professional, CompTIA Security+, Certified Kubernetes Administrator",seeking a challenging role as a machine learning engineer where i can apply my skills and knowledge to contribute to organizational success and professional growth
Samantha Jain,39,Non-Binary,Bachelor's,Artificial Intelligence,Bachelor's in Artificial Intelligence,Indian Institute of Technology Bombay,2025,0,,,natural language processing  data analysis  sql  ansible  spark,"Oracle Certified Professional, CompTIA Security+",seeking a challenging role as a prompt engineer where i can apply my skills and knowledge to contribute to organizational success and professional growth
Vikram Subramanian,37,Male,Master's,Computer Engineering,Master's in Computer Engineering,Massachusetts Institute of Technology,2023,0,,,natural language processing  network security  microservices  aws,TensorFlow Developer Certificate,looking for an opportunity as a cybersecurity engineer to leverage my expertise in computer engineering and make a meaningful impact in the industry
James Bansal,33,Non-Binary,Bachelor's,Information Systems,Bachelor's in Information Systems,Stanford University,2021,4,Site Reliability Engineer,"Full-Stack Developer, Cybersecurity Analyst",penetration testing  node js  java  kafka  python,"Certified Kubernetes Administrator, AWS Certified Solutions Architect",targeting a backend developer position to utilize my educational background and experience to drive results and achieve career objectives
Kavya Menon,40,Male,Bachelor's,Computer Engineering,Bachelor's in Computer Engineering,Amity University,2016,1,Cybersecurity Analyst,,machine learning  docker  terraform  linux  rest apis  node js  git  blockchain,AWS Certified Solutions Architect,targeting a cybersecurity analyst role to contribute to the development and maintenance of robust security frameworks  policies  and procedures
Aditi Martinez,42,Non-Binary,Master's,Software Engineering,Master's in Software Engineering,University of Toronto,2017,4,Cloud Engineer,,azure  python  kubernetes  network security,"Google Data Analytics Professional, Oracle Certified Professional",looking for a cloud engineer role where i can architect cloud solutions  automate deployments  and optimize cloud resources for performance and cost efficiency
Harper Davis,37,Male,Bachelor's,Electrical Engineering,Bachelor's in Electrical Engineering,Yale University,2024,0,,,network security  cybersecurity  cloud computing  ci cd,,looking for an opportunity as a cybersecurity engineer to leverage my expertise in electrical engineering and make a meaningful impact in the industry
Andrew Agarwal,39,Non-Binary,Master's,Data Science,"Master's in Data Science, Bachelor's in Computer Science",Armed Forces Medical College,2018,6,Prompt Engineer,"Cybersecurity Analyst, Software Developer",javascript  python  natural language processing  penetration testing,"Certified Ethical Hacker, Microsoft Azure Fundamentals",looking for an opportunity as a mlops specialist to leverage my expertise in data science and make a meaningful impact in the industry
Ankit Nair,42,Male,Bachelor's,Information Systems,Bachelor's in Information Systems,Chennai University,2018,4,Product Manager,Big Data Engineer,node js  cybersecurity  statistics  git  linux  sql  kafka,,targeting a data scientist position where i can utilize my expertise in python  r  sql  and machine learning algorithms to solve business challenges through data analysis and predictive modeling
Rahul Zhou,45,Male,Master's,Information Systems,Master's in Information Systems,Mumbai University,2015,6,UI/UX Designer,,python  graphql  java  deep learning  terraform,"Project Management Professional, CompTIA Security+",seeking a product manager position to drive product strategy  define roadmaps  and collaborate with engineering and design teams to deliver successful products
Vikram Garcia,34,Female,Diploma,Software Engineering,Diploma in Software Engineering,University of California Berkeley,2023,0,,,sql  javascript  deep learning  devops  graphql  ci cd,"CompTIA Security+, Google Cloud Professional, Scrum Master Certified",looking for an opportunity as a frontend developer to leverage my expertise in software engineering and make a meaningful impact in the industry
Aisha Srinivasan,39,Male,Bachelor's,Software Engineering,Bachelor's in Software Engineering,Vellore Institute of Technology,2017,1,Product Manager,,computer vision  linux  rest apis  kafka  ansible  solidity,"Certified Kubernetes Administrator, Google Cloud Professional",seeking a product manager position to drive product strategy  define roadmaps  and collaborate with engineering and design teams to deliver successful products
Ethan White,31,Female,Bachelor's,Cybersecurity,Bachelor's in Cybersecurity,Manipal Institute of Technology,2020,0,,,git  cybersecurity  computer vision  aws  sql  kubernetes  spark,,targeting a software engineer position to work on challenging technical problems and build innovative applications that deliver value to users
Jackson Taylor,33,Non-Binary,High School,Computer Engineering,High School in Computer Engineering,University of Pennsylvania,2016,2,Blockchain Engineer,,java  rest apis  solidity  ansible  natural language processing,,seeking a challenging role as a blockchain engineer where i can apply my skills and knowledge to contribute to organizational success and professional growth
Andrew Jones,25,Male,PhD,Cybersecurity,"PhD in Cybersecurity, Bachelor's in Electronics Engineering",London School of Economics,2017,0,,,kafka  computer vision  node js  java,,looking for an opportunity as a backend developer to leverage my expertise in cybersecurity and make a meaningful impact in the industry
Ankit Singh,35,Male,Bachelor's,Electrical Engineering,Bachelor's in Electrical Engineering,University of Oxford,2022,0,,,network security  java  microservices  blockchain  tensorflow  scrum  machine learning,Cisco Certified Network Associate,targeting a site reliability engineer position to utilize my educational background and experience to drive results and achieve career objectives
Karan Venkatesh,28,Non-Binary,Bachelor's,Artificial Intelligence,Bachelor's in Artificial Intelligence,Indian Institute of Technology Bombay,2021,2,Quantum Computing Specialist,,react  sql  data analysis  microservices  azure  graphql  pytorch,Project Management Professional,looking for an opportunity as a quantum computing specialist to leverage my expertise in artificial intelligence and make a meaningful impact in the industry
Benjamin Krishnan,37,Female,Bachelor's,Software Engineering,Bachelor's in Software Engineering,SRM Institute of Science and Technology,2017,0,,,spark  deep learning  java  data analysis  react  penetration testing,"Oracle Certified Professional, Scrum Master Certified",targeting an ai engineer position to contribute to the development of intelligent systems using python  tensorflow  and pytorch  eager to work on large scale ai projects in a collaborative environment
Jackson Davis,38,Non-Binary,Bachelor's,Data Science,Bachelor's in Data Science,University of Washington,2024,1,Software Developer,,scrum  tensorflow  kafka  natural language processing  linux  spark  java,"Scrum Master Certified, Oracle Certified Professional",seeking a challenging role as a software developer where i can apply my skills and knowledge to contribute to organizational success and professional growth
Rahul Singh,23,Male,Bachelor's,Data Science,Bachelor's in Data Science,Indian Institute of Technology Bombay,2017,2,MLOps Specialist,,penetration testing  python  agile  pytorch  azure  jenkins  tensorflow  linux,,aspiring to join a dynamic team as an ai engineer where i can leverage my expertise in deep learning  natural language processing  and computer vision to build innovative ai products and services
Aisha Thomas,43,Non-Binary,Bachelor's,Information Technology,Bachelor's in Information Technology,Bangalore University,2018,2,Prompt Engineer,,linux  azure  kubernetes  blockchain  network security  spark,CompTIA Security+,targeting a prompt engineer position to utilize my educational background and experience to drive results and achieve career objectives
Ashley Rodriguez,25,Male,Master's,Robotics,Master's in Robotics,Amity University,2020,1,Software Developer,,jenkins  javascript  tensorflow  linux  deep learning  mongodb  network security,Certified Information Systems Security Professional,seeking a challenging role as a software developer where i can apply my skills and knowledge to contribute to organizational success and professional growth
Matthew Park,41,Non-Binary,PhD,Machine Learning,PhD in Machine Learning,Armed Forces Medical College,2017,7,Big Data Engineer,"Cloud Engineer, AI Ethics Officer, Software Developer",machine learning  natural language processing  node js  scrum  computer vision  mongodb,,targeting an ai engineer position to contribute to the development of intelligent systems using python  tensorflow  and pytorch  eager to work on large scale ai projects in a collaborative environment
Samantha Chen,28,Male,Master's,Computer Science,"Master's in Computer Science, Bachelor's in Information Technology",Harvard University,2020,4,Frontend Developer,,linux  computer vision  mongodb  node js,"Microsoft Azure Fundamentals, Certified Ethical Hacker",looking for a ui ux designer position where i can combine creativity with analytical thinking to design user centered interfaces that solve real problems
David Smith,40,Female,Bachelor's,Information Technology,Bachelor's in Information Technology,University of California Berkeley,2015,8,Machine Learning Engineer,,pytorch  graphql  ansible  terraform  computer vision,"Cisco Certified Network Associate, Certified Kubernetes Administrator",looking for an opportunity as a prompt engineer to leverage my expertise in information technology and make a meaningful impact in the industry
Aadhya Jackson,23,Female,PhD,Electronics Engineering,PhD in Electronics Engineering,University of Toronto,2016,6,Cloud Architect,"Big Data Engineer, DevOps Engineer, Mobile Applications Developer",pytorch  mongodb  java  machine learning  kubernetes  statistics  sql,"Google Cloud Professional, Cisco Certified Network Associate, Certified Ethical Hacker",seeking a challenging role as a cloud architect where i can apply my skills and knowledge to contribute to organizational success and professional growth
Ava Thompson,35,Female,Bachelor's,Computer Engineering,Bachelor's in Computer Engineering,Stanford University,2021,3,Backend Developer,Software Developer,docker  mongodb  sql  scrum,"Oracle Certified Professional, Scrum Master Certified, Certified Kubernetes Administrator",seeking a challenging role as a software developer where i can apply my skills and knowledge to contribute to organizational success and professional growth
Priya Martinez,23,Female,PhD,Robotics,"PhD in Robotics, Bachelor's in Computer Science",Christian Medical College,2016,6,Data Scientist,Cloud Architect,jenkins  devops  spark  docker  aws  solidity  tensorflow  kubernetes,Oracle Certified Professional,looking for an opportunity as a data scientist to work with large datasets  build predictive models  and communicate findings to stakeholders through compelling visualizations and reports
James Zhang,23,Male,Bachelor's,Artificial Intelligence,Bachelor's in Artificial Intelligence,Armed Forces Medical College,2017,0,,,data analysis  devops  cybersecurity  python  kafka  graphql,,targeting a quantum computing specialist position to utilize my educational background and experience to drive results and achieve career objectives
Aryan Wu,24,Male,Master's,Information Technology,Master's in Information Technology,All India Institute of Medical Sciences,2015,5,UI/UX Designer,,scrum  graphql  computer vision  microservices  network security  penetration testing  javascript  tensorflow,"Certified Ethical Hacker, Microsoft Azure Fundamentals",targeting a ui ux designer role to contribute to the entire design process from concept to implementation  ensuring optimal user satisfaction and usability
Priya Davis,32,Male,Bachelor's,Computer Engineering,Bachelor's in Computer Engineering,Armed Forces Medical College,2024,0,,,network security  mongodb  deep learning  azure  git  solidity,"Cisco Certified Network Associate, CompTIA Security+",looking for a ui ux designer position where i can combine creativity with analytical thinking to design user centered interfaces that solve real problems
Noah Martin,44,Female,Master's,Cybersecurity,Master's in Cybersecurity,Amity University,2015,5,Blockchain Engineer,Mobile Applications Developer,kubernetes  node js  git  cloud computing  rest apis  azure  java  tensorflow,Certified Kubernetes Administrator,targeting a data scientist position where i can utilize my expertise in python  r  sql  and machine learning algorithms to solve business challenges through data analysis and predictive modeling
Amelia Lee,24,Non-Binary,High School,Cybersecurity,High School in Cybersecurity,University of Cambridge,2015,2,Software Engineer,,solidity  tensorflow  penetration testing  ansible  scrum  terraform  kubernetes  computer vision,,seeking a challenging role as a ai ethics officer where i can apply my skills and knowledge to contribute to organizational success and professional growth
David Jones,42,Male,Bachelor's,Artificial Intelligence,Bachelor's in Artificial Intelligence,SRM Institute of Science and Technology,2019,2,Frontend Developer,,python  penetration testing  azure  tensorflow,,targeting a mlops specialist position to utilize my educational background and experience to drive results and achieve career objectives
Lucas Jackson,33,Female,Master's,Data Science,"Master's in Data Science, Bachelor's in Information Technology",Mumbai University,2019,6,Mobile Applications Developer,"Software Engineer, Machine Learning Engineer",devops  rest apis  mongodb  python  cloud computing  ci cd,"Cisco Certified Network Associate, Project Management Professional",targeting a mobile applications developer position to utilize my educational background and experience to drive results and achieve career objectives
Samantha Garcia,22,Non-Binary,Bachelor's,Cybersecurity,Bachelor's in Cybersecurity,Vellore Institute of Technology,2020,1,Backend Developer,,java  network security  statistics  computer vision  graphql,"Certified Ethical Hacker, CompTIA Security+, AWS Certified Solutions Architect",targeting a backend developer position to utilize my educational background and experience to drive results and achieve career objectives
Priya Park,32,Non-Binary,Bachelor's,Software Engineering,Bachelor's in Software Engineering,SRM Institute of Science and Technology,2020,2,Backend Developer,,tensorflow  statistics  mongodb  penetration testing  azure  computer vision  spark  agile,,looking for an opportunity as a backend developer to leverage my expertise in software engineering and make a meaningful impact in the industry
Charlotte Miller,39,Female,Master's,Information Technology,Master's in Information Technology,Pune University,2023,0,,,kafka  node js  penetration testing  pytorch,,seeking a challenging role as a ai ethics officer where i can apply my skills and knowledge to contribute to organizational success and professional growth
Arjun Williams,31,Female,Certificate,Machine Learning,Certificate in Machine Learning,Indian Institute of Technology Delhi,2022,1,Machine Learning Engineer,,tensorflow  sql  network security  agile  spark  linux,,seeking a challenging role as a machine learning engineer where i can apply my skills and knowledge to contribute to organizational success and professional growth
Rahul Wu,45,Male,Bachelor's,Artificial Intelligence,Bachelor's in Artificial Intelligence,Vellore Institute of Technology,2015,10,Product Manager,"UI/UX Designer, Machine Learning Engineer",rest apis  blockchain  penetration testing  microservices  python  javascript  pytorch,"AWS Certified Solutions Architect, Certified Information Systems Security Professional",seeking a challenging role as a cybersecurity engineer where i can apply my skills and knowledge to contribute to organizational success and professional growth
Alexander Nair,39,Female,Bachelor's,Computer Science,Bachelor's in Computer Science,Vellore Institute of Technology,2017,6,UI/UX Designer,Machine Learning Engineer,cybersecurity  devops  kafka  agile  blockchain  azure,"TensorFlow Developer Certificate, Certified Information Systems Security Professional",seeking a ui ux designer role to create intuitive and engaging user experiences through user research  wireframing  prototyping  and visual design
Amanda Verma,39,Non-Binary,Bachelor's,Cybersecurity,Bachelor's in Cybersecurity,University of California Berkeley,2025,0,,,microservices  computer vision  terraform  react,,seeking a challenging role as a frontend developer where i can apply my skills and knowledge to contribute to organizational success and professional growth
Ashley Jain,34,Female,Bachelor's,Information Systems,Bachelor's in Information Systems,University of California Berkeley,2023,0,,,docker  machine learning  python  git  graphql  mongodb  data analysis,Certified Ethical Hacker,looking for an opportunity as a blockchain engineer to leverage my expertise in information systems and make a meaningful impact in the industry
Ankit Agarwal,36,Male,Master's,Computer Engineering,Master's in Computer Engineering,Indian Institute of Technology Delhi,2015,1,Backend Developer,,scrum  graphql  statistics  kubernetes  javascript,"Certified Kubernetes Administrator, CompTIA Security+, TensorFlow Developer Certificate",looking for an opportunity as a mlops specialist to leverage my expertise in computer engineering and make a meaningful impact in the industry
Arya Gupta,45,Non-Binary,Bachelor's,Robotics,Bachelor's in Robotics,Birla Institute of Technology,2015,5,Prompt Engineer,Cloud Engineer,deep learning  cybersecurity  statistics  computer vision  kafka  react,,seeking a cloud engineer position to design  implement  and maintain scalable cloud infrastructure using aws  azure  or google cloud platform
Samantha Singh,21,Male,Master's,Software Engineering,Master's in Software Engineering,University of Pennsylvania,2019,5,Site Reliability Engineer,"DevOps Engineer, Cloud Engineer",solidity  data analysis  sql  ci cd  agile  tensorflow,,seeking a challenging role as a prompt engineer where i can apply my skills and knowledge to contribute to organizational success and professional growth
Ashley Zhang,22,Male,Bachelor's,Electrical Engineering,Bachelor's in Electrical Engineering,Armed Forces Medical College,2022,0,,,solidity  tensorflow  microservices  scrum  java  azure  penetration testing  network security,,looking for an opportunity as a ai ethics officer to leverage my expertise in electrical engineering and make a meaningful impact in the industry
David Wilson,21,Non-Binary,PhD,Information Systems,PhD in Information Systems,University of Washington,2023,2,Software Developer,,deep learning  agile  devops  jenkins  mongodb  blockchain  natural language processing  penetration testing,"Project Management Professional, Oracle Certified Professional",targeting a software developer position to utilize my educational background and experience to drive results and achieve career objectives
Emma Nair,36,Female,PhD,Information Technology,PhD in Information Technology,London School of Economics,2016,7,AI Ethics Officer,"Cybersecurity Engineer, AI Engineer, Cloud Engineer",natural language processing  agile  data analysis  react  cloud computing  deep learning,"Certified Ethical Hacker, Certified Kubernetes Administrator, Google Cloud Professional",looking for an opportunity as a ai ethics officer to leverage my expertise in information technology and make a meaningful impact in the industry
Michael Singh,38,Non-Binary,High School,Information Technology,High School in Information Technology,Mumbai University,2023,2,Cloud Architect,,git  cloud computing  ansible  machine learning  cybersecurity  agile  ci cd  react,TensorFlow Developer Certificate,targeting a cloud architect position to utilize my educational background and experience to drive results and achieve career objectives
Charlotte Liu,35,Male,Bachelor's,Electronics Engineering,Bachelor's in Electronics Engineering,Indian Institute of Science,2017,6,Product Manager,Software Engineer,agile  scrum  statistics  ansible,"CompTIA Security+, Google Cloud Professional",seeking a product manager position to drive product strategy  define roadmaps  and collaborate with engineering and design teams to deliver successful products
Amelia Brown,35,Male,Master's,Information Technology,"Master's in Information Technology, Bachelor's in Robotics",Stanford University,2023,2,Site Reliability Engineer,,kafka  aws  solidity  cybersecurity,TensorFlow Developer Certificate,targeting a site reliability engineer position to utilize my educational background and experience to drive results and achieve career objectives
Andrew Johnson,43,Non-Binary,Bachelor's,Software Engineering,Bachelor's in Software Engineering,Georgia Institute of Technology,2017,8,Cloud Engineer,"Frontend Developer, Quantum Computing Specialist",spark  linux  cloud computing  microservices  graphql  natural language processing  data analysis,"Certified Information Systems Security Professional, Cisco Certified Network Associate, TensorFlow Developer Certificate",targeting a cloud engineer position to contribute to cloud migration projects and build resilient  scalable cloud native applications
Noah Williams,27,Non-Binary,Master's,Electronics Engineering,Master's in Electronics Engineering,Armed Forces Medical College,2025,0,,,tensorflow  cloud computing  terraform  linux  aws,"Google Data Analytics Professional, TensorFlow Developer Certificate",targeting a big data engineer position to utilize my educational background and experience to drive results and achieve career objectives
Isabella Jackson,21,Non-Binary,Bachelor's,Artificial Intelligence,Bachelor's in Artificial Intelligence,University of Washington,2015,4,Machine Learning Engineer,"Data Scientist, Big Data Engineer",react  pytorch  data analysis  kubernetes,"Project Management Professional, Cisco Certified Network Associate",looking for an opportunity as a machine learning engineer to leverage my expertise in artificial intelligence and make a meaningful impact in the industry
Ananya Venkatesh,42,Non-Binary,Master's,Data Science,"Master's in Data Science, Bachelor's in Computer Engineering",Vellore Institute of Technology,2024,1,Cybersecurity Engineer,,microservices  natural language processing  cloud computing  statistics  react  spark  devops  graphql,"Google Data Analytics Professional, AWS Certified Solutions Architect",targeting a cybersecurity engineer position to utilize my educational background and experience to drive results and achieve career objectives
Matthew Kim,32,Non-Binary,Master's,Electrical Engineering,Master's in Electrical Engineering,Christian Medical College,2019,1,Software Engineer,,statistics  solidity  tensorflow  node js  cloud computing,,looking for a software engineer role where i can contribute to full stack development  write clean and maintainable code  and collaborate with cross functional teams
Aadhya Anderson,35,Non-Binary,PhD,Computer Science,PhD in Computer Science,Massachusetts Institute of Technology,2023,2,Machine Learning Engineer,,spark  react  git  network security  scrum  node js,"Google Data Analytics Professional, Certified Kubernetes Administrator",seeking a challenging role as a machine learning engineer where i can apply my skills and knowledge to contribute to organizational success and professional growth
Benjamin Jones,27,Non-Binary,Bachelor's,Cybersecurity,Bachelor's in Cybersecurity,Amity University,2015,5,UI/UX Designer,,devops  penetration testing  ansible  python  aws,"TensorFlow Developer Certificate, Certified Kubernetes Administrator",looking for a ui ux designer position where i can combine creativity with analytical thinking to design user centered interfaces that solve real problems
Ava Menon,44,Female,High School,Information Systems,High School in Information Systems,National Institute of Technology Trichy,2023,2,Big Data Engineer,,cloud computing  solidity  network security  javascript  statistics  pytorch  linux  sql,,targeting a big data engineer position to utilize my educational background and experience to drive results and achieve career objectives
Sarah Zhou,27,Non-Binary,Bachelor's,Information Technology,Bachelor's in Information Technology,Stanford University,2017,8,Software Engineer,Blockchain Engineer,blockchain  node js  docker  java  cybersecurity  agile  javascript  sql,,looking for a software engineer role where i can contribute to full stack development  write clean and maintainable code  and collaborate with cross functional teams
Alexander Thompson,41,Female,Bachelor's,Computer Science,Bachelor's in Computer Science,Massachusetts Institute of Technology,2020,0,,,terraform  python  node js  kafka,,looking for an opportunity as a full stack developer to leverage my expertise in computer science and make a meaningful impact in the industry
Christopher Martinez,40,Male,Bachelor's,Machine Learning,Bachelor's in Machine Learning,Technical University of Munich,2025,0,,,java  penetration testing  kubernetes  terraform  deep learning  azure  rest apis,"Project Management Professional, Microsoft Azure Fundamentals",targeting a full stack developer position to utilize my educational background and experience to drive results and achieve career objectives
David Thomas,21,Non-Binary,PhD,Software Engineering,PhD in Software Engineering,Bangalore University,2018,2,Cloud Engineer,,python  jenkins  spark  rest apis,,seeking a cloud engineer position to design  implement  and maintain scalable cloud infrastructure using aws  azure  or google cloud platform
Karan Miller,27,Male,Bachelor's,Electrical Engineering,Bachelor's in Electrical Engineering,Amity University,2016,1,Prompt Engineer,,cybersecurity  ansible  node js  statistics  jenkins  computer vision  mongodb  pytorch,"Certified Information Systems Security Professional, Oracle Certified Professional, Microsoft Azure Fundamentals",looking for an opportunity as a data scientist to work with large datasets  build predictive models  and communicate findings to stakeholders through compelling visualizations and reports
Ethan Anderson,40,Non-Binary,Bachelor's,Electrical Engineering,Bachelor's in Electrical Engineering,Christian Medical College,2019,1,Machine Learning Engineer,,jenkins  ci cd  linux  blockchain  kubernetes  python  spark  natural language processing,CompTIA Security+,looking for an opportunity as a machine learning engineer to leverage my expertise in electrical engineering and make a meaningful impact in the industry
Priya White,35,Female,Master's,Machine Learning,"Master's in Machine Learning, Bachelor's in Robotics",Massachusetts Institute of Technology,2016,8,Quantum Computing Specialist,"Software Developer, Software Engineer, Data Scientist",tensorflow  spark  sql  data analysis,Google Data Analytics Professional,targeting a quantum computing specialist position to utilize my educational background and experience to drive results and achieve career objectives
Ava Menon,38,Female,Master's,Software Engineering,Master's in Software Engineering,Indian Institute of Technology Delhi,2025,0,,,deep learning  kafka  statistics  azure  cybersecurity  cloud computing  devops,,targeting a big data engineer position to utilize my educational background and experience to drive results and achieve career objectives
Christopher Smith,45,Non-Binary,Bachelor's,Software Engineering,Bachelor's in Software Engineering,University of Toronto,2020,5,DevOps Engineer,Full-Stack Developer,jenkins  docker  penetration testing  scrum  javascript  deep learning  network security  devops,,looking for a devops engineer position where i can streamline software deployment processes  improve system reliability  and foster a culture of continuous integration and delivery
Evelyn Singh,22,Non-Binary,Bachelor's,Robotics,Bachelor's in Robotics,Massachusetts Institute of Technology,2023,0,,,computer vision  kafka  terraform  tensorflow  microservices  jenkins,"Scrum Master Certified, Project Management Professional",targeting a mlops specialist position to utilize my educational background and experience to drive results and achieve career objectives
Amelia Taylor,32,Female,Master's,Electrical Engineering,Master's in Electrical Engineering,Carnegie Mellon University,2025,0,,,azure  solidity  kubernetes  deep learning  node js  cloud computing  data analysis  machine learning,Microsoft Azure Fundamentals,aspiring to join a dynamic team as an ai engineer where i can leverage my expertise in deep learning  natural language processing  and computer vision to build innovative ai products and services
Amanda Jain,36,Non-Binary,Master's,Data Science,Master's in Data Science,Indian Institute of Science,2024,0,,,graphql  java  natural language processing  javascript  azure,Microsoft Azure Fundamentals,seeking a challenging role as a software developer where i can apply my skills and knowledge to contribute to organizational success and professional growth
Ava Johnson,37,Female,Master's,Electrical Engineering,Master's in Electrical Engineering,University of Washington,2024,0,,,statistics  sql  machine learning  solidity,"TensorFlow Developer Certificate, Microsoft Azure Fundamentals, Certified Kubernetes Administrator",targeting a cybersecurity engineer position to utilize my educational background and experience to drive results and achieve career objectives
Jessica Nair,29,Male,Master's,Cybersecurity,Master's in Cybersecurity,Armed Forces Medical College,2017,2,Mobile Applications Developer,,kafka  node js  deep learning  microservices  ansible  azure  mongodb  java,Google Data Analytics Professional,targeting a mobile applications developer position to utilize my educational background and experience to drive results and achieve career objectives
Diya Singh,38,Non-Binary,Master's,Information Technology,Master's in Information Technology,Columbia University,2021,4,AI Ethics Officer,,spark  terraform  python  blockchain  devops,"Certified Information Systems Security Professional, AWS Certified Solutions Architect, Google Data Analytics Professional",looking for an opportunity as a ai ethics officer to leverage my expertise in information technology and make a meaningful impact in the industry
Priya Zhou,28,Male,Bachelor's,Information Systems,Bachelor's in Information Systems,Pune University,2025,0,,,pytorch  python  kafka  devops  aws  ansible,,looking for an opportunity as a site reliability engineer to leverage my expertise in information systems and make a meaningful impact in the industry
Michael Thomas,24,Male,Bachelor's,Electrical Engineering,Bachelor's in Electrical Engineering,Columbia University,2017,8,Blockchain Engineer,"Software Developer, Big Data Engineer",terraform  blockchain  jenkins  ci cd  data analysis  rest apis,Certified Ethical Hacker,targeting a blockchain engineer position to utilize my educational background and experience to drive results and achieve career objectives
Amelia Yang,25,Non-Binary,Bachelor's,Data Science,Bachelor's in Data Science,National Institute of Technology Trichy,2021,0,,,mongodb  machine learning  cloud computing  rest apis  agile,,seeking a challenging role as a mobile applications developer where i can apply my skills and knowledge to contribute to organizational success and professional growth
Arya Reddy,40,Female,Bachelor's,Computer Engineering,Bachelor's in Computer Engineering,Birla Institute of Technology,2025,0,,,sql  javascript  microservices  rest apis  devops  statistics,,seeking a product manager position to drive product strategy  define roadmaps  and collaborate with engineering and design teams to deliver successful products
Olivia Park,37,Female,Bachelor's,Electrical Engineering,Bachelor's in Electrical Engineering,Bangalore University,2025,0,,,deep learning  kubernetes  javascript  ci cd  natural language processing  python  kafka  sql,"Oracle Certified Professional, Certified Ethical Hacker",targeting a mlops specialist position to utilize my educational background and experience to drive results and achieve career objectives
Olivia Iyer,21,Non-Binary,Master's,Information Technology,Master's in Information Technology,Indian Institute of Technology Delhi,2019,4,Quantum Computing Specialist,,ansible  kafka  scrum  jenkins  data analysis  deep learning,TensorFlow Developer Certificate,targeting a quantum computing specialist position to utilize my educational background and experience to drive results and achieve career objectives
Isabella Anderson,24,Non-Binary,Diploma,Information Systems,Diploma in Information Systems,Indian Institute of Technology Bombay,2022,0,,,solidity  microservices  jenkins  penetration testing  natural language processing  agile,"Project Management Professional, TensorFlow Developer Certificate, Scrum Master Certified",seeking a challenging role as a software developer where i can apply my skills and knowledge to contribute to organizational success and professional growth
Alexander Lee,28,Non-Binary,Master's,Cybersecurity,Master's in Cybersecurity,Mumbai University,2016,2,Site Reliability Engineer,,devops  terraform  python  computer vision  natural language processing  statistics,,looking for an opportunity as a site reliability engineer to leverage my expertise in cybersecurity and make a meaningful impact in the industry
Noah Krishnan,29,Male,PhD,Electronics Engineering,PhD in Electronics Engineering,University of California Berkeley,2016,7,Software Engineer,,pytorch  natural language processing  kafka  computer vision  machine learning  deep learning  spark,Scrum Master Certified,looking for a software engineer role where i can contribute to full stack development  write clean and maintainable code  and collaborate with cross functional teams
Charlotte Venkatesh,31,Female,PhD,Electrical Engineering,PhD in Electrical Engineering,All India Institute of Medical Sciences,2025,0,,,tensorflow  cloud computing  data analysis  rest apis  deep learning  azure  react,"TensorFlow Developer Certificate, Google Data Analytics Professional, AWS Certified Solutions Architect",looking for an opportunity as a blockchain engineer to leverage my expertise in electrical engineering and make a meaningful impact in the industry
Ankit Wang,37,Female,Bachelor's,Computer Science,Bachelor's in Computer Science,University of Toronto,2018,5,AI Engineer,Site Reliability Engineer,microservices  kafka  mongodb  linux  ci cd,"Microsoft Azure Fundamentals, Google Data Analytics Professional",seeking a challenging role as an ai engineer to develop and implement cutting edge artificial intelligence solutions  looking to work on machine learning models  neural networks  and ai driven applications that solve real world business problems
Michael Wang,45,Female,Bachelor's,Artificial Intelligence,Bachelor's in Artificial Intelligence,University of Washington,2022,1,Blockchain Engineer,,tensorflow  jenkins  azure  deep learning  mongodb  data analysis  natural language processing,"Certified Ethical Hacker, Certified Kubernetes Administrator, Microsoft Azure Fundamentals",seeking a challenging role as a blockchain engineer where i can apply my skills and knowledge to contribute to organizational success and professional growth
Sarah Iyer,38,Non-Binary,Bachelor's,Machine Learning,Bachelor's in Machine Learning,Manipal Institute of Technology,2019,5,UI/UX Designer,"Prompt Engineer, Blockchain Engineer",ansible  jenkins  react  rest apis  mongodb  kubernetes,,looking for a ui ux designer position where i can combine creativity with analytical thinking to design user centered interfaces that solve real problems
Charlotte Pillai,38,Female,Bachelor's,Artificial Intelligence,Bachelor's in Artificial Intelligence,Yale University,2022,3,Cloud Engineer,Cybersecurity Engineer,spark  pytorch  jenkins  terraform  tensorflow  statistics,"Certified Information Systems Security Professional, Project Management Professional",seeking a cloud engineer position to design  implement  and maintain scalable cloud infrastructure using aws  azure  or google cloud platform
Emma Lee,31,Female,Master's,Electrical Engineering,"Master's in Electrical Engineering, Bachelor's in Computer Engineering",All India Institute of Medical Sciences,2019,6,Big Data Engineer,"Site Reliability Engineer, DevOps Engineer",sql  kubernetes  agile  deep learning,"Certified Information Systems Security Professional, Project Management Professional",seeking a challenging role as a full stack developer where i can apply my skills and knowledge to contribute to organizational success and professional growth
Arjun Zhang,28,Non-Binary,Bachelor's,Robotics,Bachelor's in Robotics,Massachusetts Institute of Technology,2022,0,,,machine learning  kubernetes  rest apis  mongodb,,looking for an opportunity as a frontend developer to leverage my expertise in robotics and make a meaningful impact in the industry
Vikram Wu,23,Male,Bachelor's,Software Engineering,Bachelor's in Software Engineering,Indian Institute of Science,2025,0,,,git  deep learning  natural language processing  statistics  solidity  azure  devops,AWS Certified Solutions Architect,looking to join a cybersecurity team as an analyst where i can apply my knowledge of network security  threat detection  and incident response to safeguard digital infrastructure
Priya White,38,Female,Master's,Software Engineering,"Master's in Software Engineering, Bachelor's in Computer Engineering",Chennai University,2021,2,Frontend Developer,,tensorflow  kafka  cybersecurity  blockchain  devops  git  scrum  penetration testing,Oracle Certified Professional,targeting a frontend developer position to utilize my educational background and experience to drive results and achieve career objectives
Samantha Bansal,32,Female,Master's,Computer Science,Master's in Computer Science,Christian Medical College,2021,3,Product Manager,Cybersecurity Analyst,penetration testing  git  python  blockchain  statistics  deep learning  jenkins,"Certified Kubernetes Administrator, Certified Ethical Hacker",looking for an opportunity as a frontend developer to leverage my expertise in computer science and make a meaningful impact in the industry
Sarah Garcia,37,Non-Binary,PhD,Electronics Engineering,"PhD in Electronics Engineering, Bachelor's in Machine Learning",London School of Economics,2019,3,Blockchain Engineer,,terraform  data analysis  graphql  pytorch  node js  tensorflow,Cisco Certified Network Associate,seeking a challenging role as a blockchain engineer where i can apply my skills and knowledge to contribute to organizational success and professional growth
Aditi Menon,21,Male,Diploma,Computer Engineering,Diploma in Computer Engineering,Yale University,2018,4,AI Ethics Officer,Mobile Applications Developer,solidity  python  deep learning  sql  docker,,targeting a blockchain engineer position to utilize my educational background and experience to drive results and achieve career objectives
Abhinav Anderson,23,Male,Bachelor's,Artificial Intelligence,Bachelor's in Artificial Intelligence,Indian Institute of Science,2018,1,Cybersecurity Analyst,,penetration testing  tensorflow  pytorch  computer vision  microservices  python  aws  natural language processing,"Oracle Certified Professional, TensorFlow Developer Certificate, Certified Kubernetes Administrator",seeking a cybersecurity analyst position to protect organizational assets by implementing security measures  conducting vulnerability assessments  and responding to security incidents
Priya Hernandez,42,Female,PhD,Software Engineering,PhD in Software Engineering,Stanford University,2025,0,,,ansible  devops  aws  computer vision,"Project Management Professional, Cisco Certified Network Associate, Certified Kubernetes Administrator",seeking a challenging role as a cybersecurity engineer where i can apply my skills and knowledge to contribute to organizational success and professional growth
Jackson Lee,34,Female,High School,Computer Engineering,High School in Computer Engineering,Chennai University,2016,7,Software Developer,"Cybersecurity Engineer, Data Scientist",rest apis  natural language processing  python  javascript,"CompTIA Security+, Scrum Master Certified, Microsoft Azure Fundamentals",seeking a challenging role as a software developer where i can apply my skills and knowledge to contribute to organizational success and professional growth
Benjamin Kim,25,Non-Binary,Master's,Information Technology,"Master's in Information Technology, Bachelor's in Computer Science",Yale University,2022,3,Machine Learning Engineer,,deep learning  linux  ansible  scrum  solidity  pytorch  java,"Certified Information Systems Security Professional, CompTIA Security+, Microsoft Azure Fundamentals",targeting a machine learning engineer position to utilize my educational background and experience to drive results and achieve career objectives
Benjamin Wilson,44,Female,Bachelor's,Electrical Engineering,Bachelor's in Electrical Engineering,University of Pennsylvania,2015,8,Quantum Computing Specialist,AI Engineer,node js  devops  docker  solidity  statistics,"Google Data Analytics Professional, Certified Information Systems Security Professional",targeting a quantum computing specialist position to utilize my educational background and experience to drive results and achieve career objectives
Charlotte Zhou,40,Male,Bachelor's,Information Technology,Bachelor's in Information Technology,Massachusetts Institute of Technology,2015,2,Backend Developer,,microservices  pytorch  devops  network security  docker  statistics  linux  graphql,"Google Cloud Professional, Oracle Certified Professional",seeking a challenging role as a backend developer where i can apply my skills and knowledge to contribute to organizational success and professional growth
Olivia Agarwal,36,Male,Bachelor's,Electrical Engineering,Bachelor's in Electrical Engineering,Manipal Institute of Technology,2025,0,,,network security  devops  computer vision  react  ci cd  deep learning  node js,,seeking a challenging role as a cybersecurity engineer where i can apply my skills and knowledge to contribute to organizational success and professional growth
Evelyn Lee,22,Female,Master's,Artificial Intelligence,Master's in Artificial Intelligence,University of California Berkeley,2016,8,Big Data Engineer,MLOps Specialist,data analysis  devops  javascript  node js,"Google Cloud Professional, Certified Kubernetes Administrator",targeting a big data engineer position to utilize my educational background and experience to drive results and achieve career objectives
Jackson Krishnan,41,Male,Master's,Information Systems,"Master's in Information Systems, Bachelor's in Software Engineering",All India Institute of Medical Sciences,2023,0,,,jenkins  scrum  cybersecurity  blockchain,,targeting a site reliability engineer position to utilize my educational background and experience to drive results and achieve career objectives
Diya Thompson,32,Female,Master's,Cybersecurity,Master's in Cybersecurity,Indian Institute of Technology Delhi,2015,9,Big Data Engineer,UI/UX Designer,blockchain  linux  natural language processing  terraform  machine learning  microservices  computer vision,"TensorFlow Developer Certificate, Oracle Certified Professional",seeking a challenging role as a big data engineer where i can apply my skills and knowledge to contribute to organizational success and professional growth
Mason Jones,27,Female,High School,Robotics,High School in Robotics,University of Toronto,2020,1,Blockchain Engineer,,cloud computing  ansible  jenkins  docker  mongodb  javascript  cybersecurity  scrum,Microsoft Azure Fundamentals,looking for an opportunity as a blockchain engineer to leverage my expertise in robotics and make a meaningful impact in the industry
Akash Krishnan,33,Non-Binary,PhD,Robotics,PhD in Robotics,Christian Medical College,2021,0,,,penetration testing  tensorflow  network security  mongodb  git  javascript,"Google Cloud Professional, AWS Certified Solutions Architect, Certified Information Systems Security Professional",seeking a cybersecurity analyst position to protect organizational assets by implementing security measures  conducting vulnerability assessments  and responding to security incidents
Joshua Kim,40,Male,Master's,Electronics Engineering,Master's in Electronics Engineering,SRM Institute of Science and Technology,2017,0,,,git  devops  javascript  linux,Certified Information Systems Security Professional,targeting a full stack developer position to utilize my educational background and experience to drive results and achieve career objectives
Amelia Thompson,45,Non-Binary,Master's,Information Technology,Master's in Information Technology,University of Toronto,2016,6,Machine Learning Engineer,AI Ethics Officer,statistics  rest apis  docker  azure  agile  sql  penetration testing,,targeting a product manager position to lead cross functional teams in building products that meet customer needs and achieve business objectives
Olivia Rao,33,Non-Binary,Master's,Information Systems,"Master's in Information Systems, Bachelor's in Cybersecurity",Indian Institute of Technology Bombay,2019,2,Cloud Architect,,natural language processing  spark  node js  data analysis  blockchain  linux  sql  aws,"Certified Ethical Hacker, Certified Information Systems Security Professional, CompTIA Security+",looking for an opportunity as a cloud architect to leverage my expertise in information systems and make a meaningful impact in the industry
Karan Mittal,35,Male,PhD,Data Science,PhD in Data Science,Carnegie Mellon University,2019,0,,,docker  sql  aws  react  natural language processing  spark,"AWS Certified Solutions Architect, Certified Information Systems Security Professional",looking for a software engineer role where i can contribute to full stack development  write clean and maintainable code  and collaborate with cross functional teams
Noah Yang,38,Male,Bachelor's,Information Systems,Bachelor's in Information Systems,University of Cambridge,2018,4,Blockchain Engineer,"AI Engineer, Cybersecurity Analyst",penetration testing  docker  java  microservices  devops  javascript  computer vision  kubernetes,,looking for an opportunity as a blockchain engineer to leverage my expertise in information systems and make a meaningful impact in the industry
Jessica Davis,42,Non-Binary,Bachelor's,Information Technology,Bachelor's in Information Technology,Birla Institute of Technology,2018,7,AI Engineer,,microservices  deep learning  spark  cloud computing  mongodb  linux,"Scrum Master Certified, Google Data Analytics Professional, Google Cloud Professional",seeking a challenging role as an ai engineer to develop and implement cutting edge artificial intelligence solutions  looking to work on machine learning models  neural networks  and ai driven applications that solve real world business problems
Jackson Iyer,30,Female,Master's,Robotics,Master's in Robotics,Pune University,2015,4,DevOps Engineer,Full-Stack Developer,scrum  git  natural language processing  cloud computing,"Oracle Certified Professional, AWS Certified Solutions Architect",targeting a devops engineer role to work with containerization technologies  configuration management tools  and cloud platforms to optimize software delivery
Arjun Gupta,44,Female,Master's,Electronics Engineering,Master's in Electronics Engineering,Georgia Institute of Technology,2018,3,UI/UX Designer,,graphql  natural language processing  jenkins  docker  blockchain,"Scrum Master Certified, Certified Information Systems Security Professional",looking for an opportunity as a cloud architect to leverage my expertise in electronics engineering and make a meaningful impact in the industry
Andrew Mittal,41,Non-Binary,PhD,Cybersecurity,PhD in Cybersecurity,University of Oxford,2017,1,Cybersecurity Analyst,,terraform  aws  tensorflow  linux  docker  java  ansible  graphql,"Cisco Certified Network Associate, TensorFlow Developer Certificate, Project Management Professional",seeking a cybersecurity analyst position to protect organizational assets by implementing security measures  conducting vulnerability assessments  and responding to security incidents
Samantha Venkatesh,40,Female,Master's,Electrical Engineering,Master's in Electrical Engineering,Georgia Institute of Technology,2017,0,,,deep learning  spark  java  scrum  sql  penetration testing  azure  devops,"Microsoft Azure Fundamentals, Certified Ethical Hacker",looking for a product manager role where i can leverage market research  user feedback  and data analysis to guide product development decisions
Samantha Sharma,29,Female,Bachelor's,Electronics Engineering,Bachelor's in Electronics Engineering,Indian Institute of Science,2024,1,Full-Stack Developer,,node js  tensorflow  solidity  network security  linux,"Certified Kubernetes Administrator, Certified Ethical Hacker, CompTIA Security+",targeting a software engineer position to work on challenging technical problems and build innovative applications that deliver value to users
Joshua Krishnan,40,Non-Binary,Master's,Robotics,"Master's in Robotics, Bachelor's in Machine Learning",All India Institute of Medical Sciences,2019,2,Data Scientist,,mongodb  solidity  cybersecurity  javascript  natural language processing  devops  rest apis  ansible,"Google Data Analytics Professional, Project Management Professional, AWS Certified Solutions Architect",looking for an opportunity as a data scientist to work with large datasets  build predictive models  and communicate findings to stakeholders through compelling visualizations and reports
Isabella Venkatesh,22,Non-Binary,Master's,Software Engineering,"Master's in Software Engineering, Bachelor's in Electrical Engineering",Vellore Institute of Technology,2022,0,,,sql  cloud computing  aws  tensorflow  terraform  azure  rest apis,"Certified Information Systems Security Professional, TensorFlow Developer Certificate, AWS Certified Solutions Architect",looking for an opportunity as a mobile applications developer to leverage my expertise in software engineering and make a meaningful impact in the industry
Ashley Kim,43,Male,Master's,Information Technology,Master's in Information Technology,Pune University,2023,0,,,solidity  ci cd  sql  devops,"CompTIA Security+, Google Data Analytics Professional, Scrum Master Certified",looking to join a cybersecurity team as an analyst where i can apply my knowledge of network security  threat detection  and incident response to safeguard digital infrastructure
Meera Park,25,Male,PhD,Software Engineering,PhD in Software Engineering,Vellore Institute of Technology,2015,4,Frontend Developer,AI Ethics Officer,graphql  git  solidity  statistics,Google Cloud Professional,targeting a frontend developer position to utilize my educational background and experience to drive results and achieve career objectives
Aadhya Subramanian,36,Male,Bachelor's,Electronics Engineering,Bachelor's in Electronics Engineering,Birla Institute of Technology,2017,0,,,graphql  solidity  sql  python  natural language processing  data analysis  machine learning,,looking for an opportunity as a ai ethics officer to leverage my expertise in electronics engineering and make a meaningful impact in the industry
Abhinav Mittal,22,Non-Binary,Master's,Electrical Engineering,Master's in Electrical Engineering,Birla Institute of Technology,2022,2,Cybersecurity Analyst,,sql  react  mongodb  graphql  tensorflow  kubernetes,"Scrum Master Certified, Project Management Professional",looking for a ui ux designer position where i can combine creativity with analytical thinking to design user centered interfaces that solve real problems
James Thomas,33,Male,Master's,Information Systems,Master's in Information Systems,University of California Berkeley,2024,0,,,penetration testing  azure  aws  data analysis  agile  devops,"Google Data Analytics Professional, Certified Kubernetes Administrator, CompTIA Security+",looking to join a cybersecurity team as an analyst where i can apply my knowledge of network security  threat detection  and incident response to safeguard digital infrastructure
Amanda Wang,40,Non-Binary,Bachelor's,Electrical Engineering,Bachelor's in Electrical Engineering,SRM Institute of Science and Technology,2019,0,,,devops  jenkins  scrum  azure  network security  spark,"TensorFlow Developer Certificate, Microsoft Azure Fundamentals, Scrum Master Certified",seeking a challenging role as a prompt engineer where i can apply my skills and knowledge to contribute to organizational success and professional growth
Aarav White,41,Male,Master's,Data Science,Master's in Data Science,Delhi University,2015,0,,,graphql  javascript  agile  scrum  machine learning  python  pytorch,"Cisco Certified Network Associate, Google Cloud Professional",looking for an opportunity as a cloud architect to leverage my expertise in data science and make a meaningful impact in the industry
Emily Moore,44,Non-Binary,Master's,Computer Science,Master's in Computer Science,Armed Forces Medical College,2015,4,DevOps Engineer,"Prompt Engineer, Quantum Computing Specialist",agile  penetration testing  javascript  azure  docker,"Google Data Analytics Professional, Certified Information Systems Security Professional, TensorFlow Developer Certificate",targeting a devops engineer role to work with containerization technologies  configuration management tools  and cloud platforms to optimize software delivery
Aarav Brown,39,Non-Binary,Bachelor's,Cybersecurity,Bachelor's in Cybersecurity,Pune University,2017,4,Prompt Engineer,"Data Scientist, Blockchain Engineer",data analysis  java  agile  microservices  terraform,Scrum Master Certified,looking to join a cybersecurity team as an analyst where i can apply my knowledge of network security  threat detection  and incident response to safeguard digital infrastructure
Akash Rao,28,Female,Master's,Computer Engineering,Master's in Computer Engineering,University of Washington,2018,7,MLOps Specialist,"Prompt Engineer, Machine Learning Engineer",git  tensorflow  aws  ci cd  javascript  pytorch  sql  solidity,,seeking a software engineer position to develop high quality  scalable software solutions using modern programming languages and development methodologies
Vikram Chen,25,Male,Master's,Machine Learning,Master's in Machine Learning,Technical University of Munich,2015,4,Full-Stack Developer,,aws  python  git  javascript  sql  agile  cybersecurity  ansible,,looking for an opportunity as a full stack developer to leverage my expertise in machine learning and make a meaningful impact in the industry
Olivia Williams,30,Female,Master's,Machine Learning,Master's in Machine Learning,University of California Berkeley,2018,5,Backend Developer,"UI/UX Designer, Software Developer",data analysis  docker  kubernetes  aws,,seeking a challenging role as a backend developer where i can apply my skills and knowledge to contribute to organizational success and professional growth
Emma Patel,30,Non-Binary,PhD,Information Systems,PhD in Information Systems,Harvard University,2021,4,Cybersecurity Engineer,"Frontend Developer, Mobile Applications Developer",azure  java  penetration testing  react,,targeting a mobile applications developer position to utilize my educational background and experience to drive results and achieve career objectives
Benjamin Martinez,31,Male,Master's,Electronics Engineering,Master's in Electronics Engineering,University of Pennsylvania,2022,1,Quantum Computing Specialist,,cybersecurity  jenkins  azure  sql,"Google Cloud Professional, TensorFlow Developer Certificate, Cisco Certified Network Associate",targeting a quantum computing specialist position to utilize my educational background and experience to drive results and achieve career objectives
Ava Thomas,33,Male,Master's,Electronics Engineering,Master's in Electronics Engineering,University of Cambridge,2020,1,Prompt Engineer,,cybersecurity  network security  java  node js  penetration testing  aws,"TensorFlow Developer Certificate, Oracle Certified Professional",looking for an opportunity as a prompt engineer to leverage my expertise in electronics engineering and make a meaningful impact in the industry
Matthew Agarwal,31,Non-Binary,Master's,Computer Engineering,Master's in Computer Engineering,Christian Medical College,2021,2,Quantum Computing Specialist,,rest apis  kafka  graphql  natural language processing  ansible  kubernetes  penetration testing,"Google Cloud Professional, Certified Information Systems Security Professional, Certified Kubernetes Administrator",seeking a challenging role as a quantum computing specialist where i can apply my skills and knowledge to contribute to organizational success and professional growth
Liam Park,42,Male,Master's,Robotics,Master's in Robotics,Pune University,2020,5,Software Developer,,aws  kafka  cybersecurity  linux  mongodb  solidity  tensorflow,"Certified Ethical Hacker, Google Cloud Professional",seeking a challenging role as a software developer where i can apply my skills and knowledge to contribute to organizational success and professional growth
Aryan Wu,41,Male,Master's,Electronics Engineering,Master's in Electronics Engineering,Christian Medical College,2020,4,Machine Learning Engineer,Full-Stack Developer,terraform  statistics  microservices  solidity  pytorch  machine learning  linux,"Scrum Master Certified, Project Management Professional",looking for an opportunity as a machine learning engineer to leverage my expertise in electronics engineering and make a meaningful impact in the industry
Aditi Thomas,38,Male,High School,Information Systems,High School in Information Systems,All India Institute of Medical Sciences,2021,1,Big Data Engineer,,statistics  java  natural language processing  blockchain,"Project Management Professional, Certified Information Systems Security Professional, Certified Ethical Hacker",looking for an opportunity as a big data engineer to leverage my expertise in information systems and make a meaningful impact in the industry
Arjun Williams,38,Female,PhD,Cybersecurity,PhD in Cybersecurity,Christian Medical College,2017,0,,,statistics  azure  python  node js  java,CompTIA Security+,targeting a site reliability engineer position to utilize my educational background and experience to drive results and achieve career objectives
Michael White,43,Non-Binary,PhD,Electrical Engineering,PhD in Electrical Engineering,Yale University,2018,4,DevOps Engineer,"Software Developer, Big Data Engineer",cloud computing  blockchain  ansible  solidity  microservices  scrum  deep learning,Certified Ethical Hacker,seeking a devops engineer role to bridge development and operations teams by implementing ci cd pipelines  infrastructure automation  and monitoring solutions
Abhinav Krishnan,36,Non-Binary,Bachelor's,Electrical Engineering,Bachelor's in Electrical Engineering,Harvard University,2018,1,AI Ethics Officer,,docker  devops  data analysis  cybersecurity,,targeting a ai ethics officer position to utilize my educational background and experience to drive results and achieve career objectives
Aryan Martinez,40,Male,PhD,Information Systems,PhD in Information Systems,Technical University of Munich,2024,1,AI Engineer,,cybersecurity  cloud computing  penetration testing  agile  graphql  scrum  statistics,"Microsoft Azure Fundamentals, AWS Certified Solutions Architect",targeting an ai engineer position to contribute to the development of intelligent systems using python  tensorflow  and pytorch  eager to work on large scale ai projects in a collaborative environment
Aditi Park,30,Non-Binary,Master's,Computer Engineering,Master's in Computer Engineering,Indian Institute of Technology Delhi,2016,9,Backend Developer,"Big Data Engineer, DevOps Engineer, Blockchain Engineer",azure  cloud computing  node js  data analysis,"Microsoft Azure Fundamentals, Scrum Master Certified",targeting a ai ethics officer position to utilize my educational background and experience to drive results and achieve career objectives
Jackson Rao,26,Non-Binary,PhD,Cybersecurity,PhD in Cybersecurity,National Institute of Technology Trichy,2018,5,Cybersecurity Analyst,Cloud Engineer,spark  docker  network security  graphql  microservices,Project Management Professional,seeking a cybersecurity analyst position to protect organizational assets by implementing security measures  conducting vulnerability assessments  and responding to security incidents
Emma White,33,Female,Bachelor's,Robotics,Bachelor's in Robotics,Pune University,2025,0,,,microservices  penetration testing  computer vision  docker  devops,"AWS Certified Solutions Architect, Cisco Certified Network Associate, TensorFlow Developer Certificate",targeting a quantum computing specialist position to utilize my educational background and experience to drive results and achieve career objectives
Christopher Singh,24,Non-Binary,Master's,Artificial Intelligence,Master's in Artificial Intelligence,Vellore Institute of Technology,2023,2,Prompt Engineer,,agile  data analysis  kafka  mongodb  computer vision  rest apis,"Oracle Certified Professional, Project Management Professional, Certified Kubernetes Administrator",targeting a cloud architect position to utilize my educational background and experience to drive results and achieve career objectives
Aadhya Chen,21,Male,High School,Information Technology,High School in Information Technology,Indian Institute of Technology Bombay,2024,0,,,solidity  scrum  deep learning  statistics,"Certified Kubernetes Administrator, AWS Certified Solutions Architect",targeting a mlops specialist position to utilize my educational background and experience to drive results and achieve career objectives
Jessica Brown,40,Non-Binary,Bachelor's,Information Technology,Bachelor's in Information Technology,University of Pennsylvania,2019,5,Prompt Engineer,DevOps Engineer,azure  microservices  jenkins  tensorflow  aws  ansible  computer vision  statistics,"Project Management Professional, Google Cloud Professional, Oracle Certified Professional",seeking a cybersecurity analyst position to protect organizational assets by implementing security measures  conducting vulnerability assessments  and responding to security incidents
Lucas Zhou,22,Female,Bachelor's,Computer Science,Bachelor's in Computer Science,Yale University,2016,0,,,tensorflow  solidity  node js  network security  pytorch  rest apis,Project Management Professional,looking for an opportunity as a blockchain engineer to leverage my expertise in computer science and make a meaningful impact in the industry
Noah Venkatesh,41,Male,PhD,Robotics,PhD in Robotics,Indian Institute of Technology Delhi,2015,4,Blockchain Engineer,Full-Stack Developer,javascript  node js  jenkins  computer vision,"AWS Certified Solutions Architect, TensorFlow Developer Certificate, Microsoft Azure Fundamentals",targeting a blockchain engineer position to utilize my educational background and experience to drive results and achieve career objectives
Aadhya Nair,43,Female,Master's,Artificial Intelligence,"Master's in Artificial Intelligence, Bachelor's in Information Systems",Mumbai University,2016,4,Cybersecurity Analyst,,deep learning  python  microservices  penetration testing  aws  scrum  agile  git,"AWS Certified Solutions Architect, Project Management Professional, CompTIA Security+",targeting a cybersecurity analyst role to contribute to the development and maintenance of robust security frameworks  policies  and procedures
Abhinav Hernandez,42,Male,Bachelor's,Artificial Intelligence,Bachelor's in Artificial Intelligence,Amity University,2022,2,Cloud Engineer,,network security  sql  solidity  pytorch  azure  javascript,AWS Certified Solutions Architect,looking for a cloud engineer role where i can architect cloud solutions  automate deployments  and optimize cloud resources for performance and cost efficiency
Aarav Singh,31,Male,Bachelor's,Robotics,Bachelor's in Robotics,Indian Institute of Science,2017,0,,,aws  machine learning  devops  cybersecurity  terraform  docker  deep learning,,looking for an opportunity as a data scientist to work with large datasets  build predictive models  and communicate findings to stakeholders through compelling visualizations and reports
Karan Singh,28,Non-Binary,Master's,Computer Science,Master's in Computer Science,University of California Berkeley,2016,9,DevOps Engineer,Site Reliability Engineer,git  mongodb  cybersecurity  kubernetes,,looking for a devops engineer position where i can streamline software deployment processes  improve system reliability  and foster a culture of continuous integration and delivery
Joshua Chen,33,Female,Bachelor's,Electronics Engineering,Bachelor's in Electronics Engineering,National Institute of Technology Trichy,2020,3,Software Developer,,azure  linux  machine learning  javascript  tensorflow  agile  node js  aws,"Microsoft Azure Fundamentals, Certified Ethical Hacker",seeking a challenging role as a software developer where i can apply my skills and knowledge to contribute to organizational success and professional growth
Ananya Lee,40,Female,Master's,Computer Science,Master's in Computer Science,Columbia University,2017,4,AI Ethics Officer,Product Manager,python  tensorflow  sql  kafka,"Certified Ethical Hacker, CompTIA Security+",seeking a challenging role as a ai ethics officer where i can apply my skills and knowledge to contribute to organizational success and professional growth
Karan Wang,22,Non-Binary,Bachelor's,Machine Learning,Bachelor's in Machine Learning,Carnegie Mellon University,2023,2,Cloud Architect,,git  scrum  graphql  python,Certified Kubernetes Administrator,targeting a cloud architect position to utilize my educational background and experience to drive results and achieve career objectives
Sneha Jones,35,Non-Binary,Master's,Computer Engineering,Master's in Computer Engineering,Stanford University,2025,0,,,aws  docker  penetration testing  network security  tensorflow,Project Management Professional,seeking a data scientist role to apply statistical analysis  machine learning  and data visualization techniques to extract meaningful insights from complex datasets and drive data driven decision making
Harper Miller,31,Non-Binary,PhD,Machine Learning,PhD in Machine Learning,Carnegie Mellon University,2016,7,Data Scientist,"Site Reliability Engineer, Software Engineer",react  terraform  tensorflow  kubernetes,,targeting a data scientist position where i can utilize my expertise in python  r  sql  and machine learning algorithms to solve business challenges through data analysis and predictive modeling
Christopher Wilson,28,Male,Bachelor's,Information Technology,Bachelor's in Information Technology,University of Pennsylvania,2017,2,Product Manager,,pytorch  microservices  deep learning  node js  penetration testing  network security  react,"Microsoft Azure Fundamentals, Certified Kubernetes Administrator, Scrum Master Certified",seeking a product manager position to drive product strategy  define roadmaps  and collaborate with engineering and design teams to deliver successful products
Sarah Taylor,29,Male,Bachelor's,Computer Science,Bachelor's in Computer Science,National Institute of Technology Trichy,2025,0,,,react  data analysis  azure  aws  cybersecurity  terraform  graphql  kubernetes,"Certified Kubernetes Administrator, Cisco Certified Network Associate",seeking a challenging role as a frontend developer where i can apply my skills and knowledge to contribute to organizational success and professional growth
Meera Pillai,28,Male,Bachelor's,Information Systems,Bachelor's in Information Systems,Delhi University,2021,4,Software Developer,,kafka  penetration testing  cybersecurity  data analysis  python,"CompTIA Security+, Certified Kubernetes Administrator, Oracle Certified Professional",looking for an opportunity as a ai ethics officer to leverage my expertise in information systems and make a meaningful impact in the industry
Abhinav Singh,36,Non-Binary,Master's,Computer Science,"Master's in Computer Science, Bachelor's in Electronics Engineering",Harvard University,2015,4,Site Reliability Engineer,Software Developer,rest apis  penetration testing  mongodb  solidity  network security  natural language processing  sql  python,"Certified Kubernetes Administrator, Microsoft Azure Fundamentals, Certified Information Systems Security Professional",targeting a site reliability engineer position to utilize my educational background and experience to drive results and achieve career objectives
Aryan Verma,35,Female,Master's,Robotics,"Master's in Robotics, Bachelor's in Computer Engineering",Manipal Institute of Technology,2025,0,,,ci cd  cybersecurity  python  node js  microservices,"Google Data Analytics Professional, AWS Certified Solutions Architect",looking for an opportunity as a full stack developer to leverage my expertise in robotics and make a meaningful impact in the industry
Joshua Kumar,37,Non-Binary,Bachelor's,Computer Science,Bachelor's in Computer Science,Mumbai University,2018,7,Software Developer,Product Manager,ci cd  cybersecurity  javascript  spark  ansible  tensorflow  node js,Microsoft Azure Fundamentals,looking for a cloud engineer role where i can architect cloud solutions  automate deployments  and optimize cloud resources for performance and cost efficiency
Benjamin Davis,37,Non-Binary,Bachelor's,Computer Science,Bachelor's in Computer Science,University of Cambridge,2022,0,,,scrum  solidity  network security  cloud computing  devops  aws,"CompTIA Security+, Google Data Analytics Professional, Project Management Professional",seeking a cybersecurity analyst position to protect organizational assets by implementing security measures  conducting vulnerability assessments  and responding to security incidents
Evelyn Gupta,23,Female,PhD,Computer Engineering,PhD in Computer Engineering,Indian Institute of Technology Bombay,2019,5,Cybersecurity Analyst,,kubernetes  data analysis  aws  docker,"Microsoft Azure Fundamentals, Certified Kubernetes Administrator, Google Data Analytics Professional",looking to join a cybersecurity team as an analyst where i can apply my knowledge of network security  threat detection  and incident response to safeguard digital infrastructure
Benjamin Martin,35,Non-Binary,Master's,Computer Engineering,Master's in Computer Engineering,Delhi University,2022,3,Software Engineer,,java  deep learning  devops  agile,"Scrum Master Certified, Certified Information Systems Security Professional, Project Management Professional",looking for a software engineer role where i can contribute to full stack development  write clean and maintainable code  and collaborate with cross functional teams
Emma Miller,28,Female,Bachelor's,Computer Engineering,Bachelor's in Computer Engineering,University of Washington,2017,0,,,scrum  statistics  cybersecurity  kubernetes  terraform,"Microsoft Azure Fundamentals, Oracle Certified Professional",looking for an opportunity as a data scientist to work with large datasets  build predictive models  and communicate findings to stakeholders through compelling visualizations and reports
Meera Bansal,35,Female,Bachelor's,Data Science,Bachelor's in Data Science,Technical University of Munich,2016,6,Machine Learning Engineer,"Prompt Engineer, AI Engineer",linux  scrum  docker  ci cd,"Google Data Analytics Professional, Microsoft Azure Fundamentals, Oracle Certified Professional",targeting a quantum computing specialist position to utilize my educational background and experience to drive results and achieve career objectives
Kavya Nair,31,Non-Binary,Master's,Machine Learning,Master's in Machine Learning,All India Institute of Medical Sciences,2024,1,UI/UX Designer,,docker  jenkins  solidity  agile  aws  penetration testing  javascript  azure,,looking for a ui ux designer position where i can combine creativity with analytical thinking to design user centered interfaces that solve real problems
Aditi Subramanian,41,Male,Master's,Data Science,Master's in Data Science,Stanford University,2025,0,,,java  sql  terraform  solidity  cloud computing,"Certified Kubernetes Administrator, TensorFlow Developer Certificate, Certified Information Systems Security Professional",seeking a challenging role as a blockchain engineer where i can apply my skills and knowledge to contribute to organizational success and professional growth
Matthew Jackson,32,Female,Bachelor's,Computer Engineering,Bachelor's in Computer Engineering,National Institute of Technology Trichy,2021,3,Big Data Engineer,,git  solidity  ansible  sql  machine learning  kafka,"Oracle Certified Professional, TensorFlow Developer Certificate, Cisco Certified Network Associate",seeking a challenging role as a big data engineer where i can apply my skills and knowledge to contribute to organizational success and professional growth
Noah Martinez,36,Non-Binary,Certificate,Information Technology,Certificate in Information Technology,Birla Institute of Technology,2021,3,Software Developer,,sql  python  graphql  data analysis  jenkins  tensorflow  cybersecurity,Certified Kubernetes Administrator,looking for an opportunity as a software developer to leverage my expertise in information technology and make a meaningful impact in the industry
Rahul Pillai,44,Female,Bachelor's,Computer Science,Bachelor's in Computer Science,Indian Institute of Technology Bombay,2016,7,Cybersecurity Analyst,"Software Developer, AI Ethics Officer",git  penetration testing  aws  statistics  graphql  tensorflow,"CompTIA Security+, Project Management Professional, Certified Kubernetes Administrator",targeting a machine learning engineer position to utilize my educational background and experience to drive results and achieve career objectives
Harper Miller,41,Non-Binary,Master's,Robotics,Master's in Robotics,Georgia Institute of Technology,2020,2,Cloud Engineer,,cloud computing  jenkins  java  computer vision  kubernetes  react,Certified Information Systems Security Professional,targeting a cloud engineer position to contribute to cloud migration projects and build resilient  scalable cloud native applications
Benjamin Kumar,30,Female,Master's,Information Technology,Master's in Information Technology,University of Oxford,2025,0,,,tensorflow  mongodb  spark  kubernetes  terraform,"Certified Information Systems Security Professional, Project Management Professional",looking for an opportunity as a mlops specialist to leverage my expertise in information technology and make a meaningful impact in the industry
Ananya Menon,39,Female,PhD,Computer Science,"PhD in Computer Science, Bachelor's in Data Science",Carnegie Mellon University,2021,0,,,statistics  ci cd  network security  graphql  agile  kubernetes  mongodb  machine learning,Google Data Analytics Professional,seeking a challenging role as a machine learning engineer where i can apply my skills and knowledge to contribute to organizational success and professional growth
Arjun Verma,36,Female,Bachelor's,Cybersecurity,Bachelor's in Cybersecurity,University of Washington,2018,3,Machine Learning Engineer,,spark  devops  agile  tensorflow  git  java  aws,Microsoft Azure Fundamentals,looking for an opportunity as a machine learning engineer to leverage my expertise in cybersecurity and make a meaningful impact in the industry
Ashley Wu,24,Male,High School,Machine Learning,High School in Machine Learning,Columbia University,2016,0,,,pytorch  mongodb  javascript  cloud computing,,seeking a challenging role as a site reliability engineer where i can apply my skills and knowledge to contribute to organizational success and professional growth
Mason Park,21,Male,Master's,Electrical Engineering,Master's in Electrical Engineering,Amity University,2023,0,,,pytorch  tensorflow  scrum  java  sql  docker  data analysis  jenkins,"Microsoft Azure Fundamentals, Google Data Analytics Professional",targeting a software engineer position to work on challenging technical problems and build innovative applications that deliver value to users
Samantha Sharma,37,Male,Master's,Computer Engineering,"Master's in Computer Engineering, Bachelor's in Cybersecurity",Pune University,2021,1,DevOps Engineer,,python  mongodb  machine learning  cloud computing  penetration testing  ci cd  tensorflow  solidity,,looking for a devops engineer position where i can streamline software deployment processes  improve system reliability  and foster a culture of continuous integration and delivery
Ankit White,24,Non-Binary,Bachelor's,Cybersecurity,Bachelor's in Cybersecurity,Technical University of Munich,2025,0,,,ansible  javascript  sql  linux  network security  aws,"Cisco Certified Network Associate, TensorFlow Developer Certificate, Scrum Master Certified",looking for an opportunity as a frontend developer to leverage my expertise in cybersecurity and make a meaningful impact in the industry
Sophia Pillai,34,Female,Certificate,Artificial Intelligence,Certificate in Artificial Intelligence,London School of Economics,2023,0,,,penetration testing  ci cd  tensorflow  python,"Project Management Professional, Google Cloud Professional, Certified Ethical Hacker",seeking a software engineer position to develop high quality  scalable software solutions using modern programming languages and development methodologies
Arya Moore,33,Non-Binary,Master's,Information Technology,Master's in Information Technology,University of Oxford,2024,1,DevOps Engineer,,ci cd  pytorch  agile  spark,"Google Cloud Professional, Certified Kubernetes Administrator, Certified Ethical Hacker",targeting a devops engineer role to work with containerization technologies  configuration management tools  and cloud platforms to optimize software delivery
Diya Moore,36,Non-Binary,Bachelor's,Machine Learning,Bachelor's in Machine Learning,University of California Berkeley,2015,7,Cloud Engineer,Full-Stack Developer,computer vision  network security  deep learning  azure,,targeting a cloud engineer position to contribute to cloud migration projects and build resilient  scalable cloud native applications
Christopher Wilson,25,Female,Master's,Information Technology,Master's in Information Technology,Indian Institute of Science,2021,0,,,network security  cybersecurity  pytorch  statistics  spark  terraform  cloud computing  computer vision,"Oracle Certified Professional, Google Data Analytics Professional",looking to join a cybersecurity team as an analyst where i can apply my knowledge of network security  threat detection  and incident response to safeguard digital infrastructure
Ethan Wilson,33,Female,Master's,Computer Science,Master's in Computer Science,Yale University,2025,0,,,git  kubernetes  network security  blockchain  azure  spark  microservices  jenkins,,targeting a devops engineer role to work with containerization technologies  configuration management tools  and cloud platforms to optimize software delivery
Meera Reddy,36,Non-Binary,PhD,Information Systems,PhD in Information Systems,Georgia Institute of Technology,2020,5,Data Scientist,"Prompt Engineer, Full-Stack Developer",computer vision  network security  microservices  scrum  statistics  linux  react,,seeking a data scientist role to apply statistical analysis  machine learning  and data visualization techniques to extract meaningful insights from complex datasets and drive data driven decision making
Harper Taylor,32,Female,Bachelor's,Electronics Engineering,Bachelor's in Electronics Engineering,National Institute of Technology Trichy,2015,0,,,natural language processing  git  kafka  sql  node js,"Google Cloud Professional, Certified Information Systems Security Professional",looking for a product manager role where i can leverage market research  user feedback  and data analysis to guide product development decisions
Jessica Jackson,39,Non-Binary,PhD,Computer Engineering,"PhD in Computer Engineering, Bachelor's in Machine Learning",Mumbai University,2017,5,Software Engineer,Cybersecurity Engineer,kafka  java  linux  microservices  ansible  jenkins  mongodb,"Google Cloud Professional, CompTIA Security+, Project Management Professional",seeking a challenging role as an ai engineer to develop and implement cutting edge artificial intelligence solutions  looking to work on machine learning models  neural networks  and ai driven applications that solve real world business problems
Kavya Brown,30,Female,High School,Electrical Engineering,High School in Electrical Engineering,Columbia University,2021,0,,,sql  kafka  mongodb  agile  data analysis,,targeting a full stack developer position to utilize my educational background and experience to drive results and achieve career objectives
Mason Nair,30,Female,Master's,Cybersecurity,"Master's in Cybersecurity, Bachelor's in Electronics Engineering",Christian Medical College,2024,0,,,rest apis  computer vision  cloud computing  cybersecurity  tensorflow  java  terraform,"Certified Kubernetes Administrator, Project Management Professional, TensorFlow Developer Certificate",targeting a software engineer position to work on challenging technical problems and build innovative applications that deliver value to users
Olivia Thomas,35,Male,Bachelor's,Robotics,Bachelor's in Robotics,National Institute of Technology Trichy,2019,1,Backend Developer,,blockchain  graphql  linux  node js  machine learning  kafka,"Cisco Certified Network Associate, Project Management Professional",seeking a challenging role as a backend developer where i can apply my skills and knowledge to contribute to organizational success and professional growth
Arya Williams,21,Male,Master's,Computer Engineering,Master's in Computer Engineering,Birla Institute of Technology,2025,0,,,ansible  blockchain  kafka  javascript  pytorch  kubernetes  data analysis,AWS Certified Solutions Architect,targeting a mobile applications developer position to utilize my educational background and experience to drive results and achieve career objectives
Rahul Verma,22,Male,Bachelor's,Computer Engineering,Bachelor's in Computer Engineering,University of Toronto,2022,1,Cybersecurity Analyst,,ci cd  sql  rest apis  azure  natural language processing  aws  cloud computing,,looking to join a cybersecurity team as an analyst where i can apply my knowledge of network security  threat detection  and incident response to safeguard digital infrastructure
Emily Srinivasan,44,Female,PhD,Robotics,PhD in Robotics,Chennai University,2016,6,Product Manager,Blockchain Engineer,machine learning  docker  mongodb  tensorflow  spark  data analysis  solidity,"Cisco Certified Network Associate, Scrum Master Certified, AWS Certified Solutions Architect",seeking a product manager position to drive product strategy  define roadmaps  and collaborate with engineering and design teams to deliver successful products
Charlotte Reddy,43,Female,PhD,Computer Science,PhD in Computer Science,All India Institute of Medical Sciences,2019,6,UI/UX Designer,DevOps Engineer,javascript  react  natural language processing  computer vision  microservices  git  ci cd  aws,TensorFlow Developer Certificate,looking for an opportunity as a cybersecurity engineer to leverage my expertise in computer science and make a meaningful impact in the industry
Sarah Wilson,45,Non-Binary,Bachelor's,Computer Science,Bachelor's in Computer Science,Massachusetts Institute of Technology,2020,5,Prompt Engineer,Frontend Developer,network security  penetration testing  graphql  agile,"Google Cloud Professional, Microsoft Azure Fundamentals, Cisco Certified Network Associate",seeking a challenging role as a blockchain engineer where i can apply my skills and knowledge to contribute to organizational success and professional growth
Samantha Kumar,41,Non-Binary,Bachelor's,Machine Learning,Bachelor's in Machine Learning,Carnegie Mellon University,2017,2,Backend Developer,,python  rest apis  pytorch  git  linux,,looking for an opportunity as a cybersecurity engineer to leverage my expertise in machine learning and make a meaningful impact in the industry
James Thompson,36,Non-Binary,Bachelor's,Software Engineering,Bachelor's in Software Engineering,Indian Institute of Technology Bombay,2023,2,Backend Developer,,linux  statistics  pytorch  sql  graphql  ci cd  tensorflow  rest apis,"Scrum Master Certified, Certified Kubernetes Administrator, AWS Certified Solutions Architect",seeking a challenging role as a backend developer where i can apply my skills and knowledge to contribute to organizational success and professional growth
Evelyn Williams,29,Non-Binary,PhD,Computer Science,PhD in Computer Science,SRM Institute of Science and Technology,2018,4,Full-Stack Developer,,blockchain  computer vision  docker  sql  ci cd  kubernetes  aws  python,"Oracle Certified Professional, TensorFlow Developer Certificate, Project Management Professional",seeking a challenging role as a full stack developer where i can apply my skills and knowledge to contribute to organizational success and professional growth
Harper Brown,40,Male,Certificate,Computer Engineering,Certificate in Computer Engineering,London School of Economics,2018,7,Backend Developer,"Machine Learning Engineer, Prompt Engineer, Frontend Developer",graphql  tensorflow  docker  java  statistics,"Certified Kubernetes Administrator, Scrum Master Certified",looking for an opportunity as a backend developer to leverage my expertise in computer engineering and make a meaningful impact in the industry
Christopher Brown,43,Female,Master's,Robotics,Master's in Robotics,Indian Institute of Science,2015,9,Cloud Architect,"Backend Developer, Big Data Engineer, Machine Learning Engineer",node js  mongodb  ansible  react  jenkins  agile,TensorFlow Developer Certificate,targeting a cloud architect position to utilize my educational background and experience to drive results and achieve career objectives
Abhinav Srinivasan,26,Female,Bachelor's,Machine Learning,Bachelor's in Machine Learning,Delhi University,2015,7,Blockchain Engineer,"Site Reliability Engineer, UI/UX Designer",azure  sql  linux  devops  blockchain  docker  computer vision,,looking for an opportunity as a prompt engineer to leverage my expertise in machine learning and make a meaningful impact in the industry
Karan Wu,29,Non-Binary,Bachelor's,Software Engineering,Bachelor's in Software Engineering,Indian Institute of Science,2022,3,Prompt Engineer,Data Scientist,docker  ansible  solidity  react  pytorch  spark  kafka,Microsoft Azure Fundamentals,looking for an opportunity as a prompt engineer to leverage my expertise in software engineering and make a meaningful impact in the industry
Benjamin Liu,38,Female,Master's,Information Technology,Master's in Information Technology,University of Oxford,2024,0,,,scrum  sql  machine learning  statistics,Microsoft Azure Fundamentals,targeting a machine learning engineer position to utilize my educational background and experience to drive results and achieve career objectives
Aadhya Iyer,45,Non-Binary,Bachelor's,Information Technology,Bachelor's in Information Technology,Delhi University,2017,0,,,mongodb  agile  java  statistics  aws  rest apis  ci cd,,looking for a product manager role where i can leverage market research  user feedback  and data analysis to guide product development decisions
Matthew Park,36,Female,Master's,Computer Engineering,Master's in Computer Engineering,University of Cambridge,2020,5,Cloud Architect,"Full-Stack Developer, Cybersecurity Analyst",agile  javascript  solidity  linux,Certified Kubernetes Administrator,looking for an opportunity as a cloud architect to leverage my expertise in computer engineering and make a meaningful impact in the industry
Ava Johnson,28,Female,Bachelor's,Data Science,Bachelor's in Data Science,Georgia Institute of Technology,2020,2,DevOps Engineer,,rest apis  statistics  docker  aws  git  network security  blockchain,"Project Management Professional, Scrum Master Certified",looking for a devops engineer position where i can streamline software deployment processes  improve system reliability  and foster a culture of continuous integration and delivery
Ethan Hernandez,36,Female,Master's,Artificial Intelligence,"Master's in Artificial Intelligence, Bachelor's in Electronics Engineering",University of Washington,2022,0,,,ci cd  tensorflow  blockchain  jenkins  sql  javascript  cloud computing,"TensorFlow Developer Certificate, Project Management Professional",looking to join a cybersecurity team as an analyst where i can apply my knowledge of network security  threat detection  and incident response to safeguard digital infrastructure
Evelyn Jackson,23,Female,Bachelor's,Software Engineering,Bachelor's in Software Engineering,University of California Berkeley,2023,0,,,natural language processing  devops  blockchain  statistics  react  node js,,looking for an opportunity as a backend developer to leverage my expertise in software engineering and make a meaningful impact in the industry
Jessica Zhang,39,Female,Bachelor's,Electrical Engineering,Bachelor's in Electrical Engineering,University of Pennsylvania,2025,0,,,java  aws  cybersecurity  tensorflow  ansible  rest apis  javascript  sql,"CompTIA Security+, Cisco Certified Network Associate, Certified Information Systems Security Professional",looking to join a cybersecurity team as an analyst where i can apply my knowledge of network security  threat detection  and incident response to safeguard digital infrastructure
Emily Johnson,27,Male,Bachelor's,Electrical Engineering,Bachelor's in Electrical Engineering,Columbia University,2022,3,Blockchain Engineer,Frontend Developer,blockchain  terraform  java  python,"Google Cloud Professional, AWS Certified Solutions Architect, Microsoft Azure Fundamentals",targeting a blockchain engineer position to utilize my educational background and experience to drive results and achieve career objectives
Ashley Chen,33,Female,Bachelor's,Software Engineering,Bachelor's in Software Engineering,Amity University,2021,4,AI Engineer,Mobile Applications Developer,aws  java  pytorch  machine learning  penetration testing,Project Management Professional,seeking a challenging role as an ai engineer to develop and implement cutting edge artificial intelligence solutions  looking to work on machine learning models  neural networks  and ai driven applications that solve real world business problems
Priya Jackson,21,Male,Bachelor's,Software Engineering,Bachelor's in Software Engineering,University of California Berkeley,2025,0,,,network security  penetration testing  java  solidity  natural language processing  pytorch  statistics,"AWS Certified Solutions Architect, Certified Information Systems Security Professional, Oracle Certified Professional",looking for an opportunity as a frontend developer to leverage my expertise in software engineering and make a meaningful impact in the industry
Michael Rao,44,Non-Binary,Master's,Information Systems,Master's in Information Systems,Christian Medical College,2024,0,,,network security  rest apis  cloud computing  kafka,"Certified Kubernetes Administrator, CompTIA Security+, AWS Certified Solutions Architect",looking for a ui ux designer position where i can combine creativity with analytical thinking to design user centered interfaces that solve real problems
David Martin,36,Male,Master's,Electronics Engineering,Master's in Electronics Engineering,Mumbai University,2024,1,Big Data Engineer,,blockchain  java  kubernetes  statistics  pytorch  penetration testing  scrum,"Certified Kubernetes Administrator, Google Data Analytics Professional, Oracle Certified Professional",looking for an opportunity as a big data engineer to leverage my expertise in electronics engineering and make a meaningful impact in the industry
Amanda Liu,33,Female,PhD,Electronics Engineering,"PhD in Electronics Engineering, Bachelor's in Electrical Engineering",Yale University,2016,7,Cybersecurity Engineer,Quantum Computing Specialist,penetration testing  kubernetes  machine learning  statistics  sql  spark,Microsoft Azure Fundamentals,seeking a challenging role as a cybersecurity engineer where i can apply my skills and knowledge to contribute to organizational success and professional growth
Aarav Taylor,29,Female,Master's,Software Engineering,Master's in Software Engineering,Yale University,2019,6,MLOps Specialist,,node js  agile  blockchain  aws,Google Cloud Professional,targeting a mlops specialist position to utilize my educational background and experience to drive results and achieve career objectives
Lucas Mittal,43,Non-Binary,Master's,Information Technology,Master's in Information Technology,Indian Institute of Science,2023,0,,,solidity  cybersecurity  aws  mongodb,,targeting a frontend developer position to utilize my educational background and experience to drive results and achieve career objectives
Ankit Brown,32,Male,Master's,Robotics,Master's in Robotics,Columbia University,2020,1,Mobile Applications Developer,,network security  mongodb  docker  ci cd  agile  azure  aws  pytorch,"Certified Ethical Hacker, AWS Certified Solutions Architect, Certified Kubernetes Administrator",looking for an opportunity as a mobile applications developer to leverage my expertise in robotics and make a meaningful impact in the industry
Matthew Wu,34,Female,Master's,Data Science,Master's in Data Science,Indian Institute of Technology Delhi,2023,0,,,graphql  deep learning  azure  blockchain  spark  terraform  cybersecurity  ci cd,,looking for an opportunity as a machine learning engineer to leverage my expertise in data science and make a meaningful impact in the industry
James Moore,45,Male,Bachelor's,Artificial Intelligence,Bachelor's in Artificial Intelligence,Technical University of Munich,2020,0,,,jenkins  react  devops  statistics  graphql,"Project Management Professional, CompTIA Security+, Google Data Analytics Professional",looking for an opportunity as a data scientist to work with large datasets  build predictive models  and communicate findings to stakeholders through compelling visualizations and reports
Vikram Venkatesh,25,Non-Binary,Bachelor's,Electronics Engineering,Bachelor's in Electronics Engineering,University of Cambridge,2018,0,,,solidity  scrum  rest apis  pytorch  git  sql  javascript  agile,"CompTIA Security+, Oracle Certified Professional, Microsoft Azure Fundamentals",targeting a software engineer position to work on challenging technical problems and build innovative applications that deliver value to users
Mason Iyer,31,Non-Binary,Bachelor's,Computer Science,Bachelor's in Computer Science,Bangalore University,2016,0,,,computer vision  natural language processing  git  blockchain  cloud computing  aws  react  ci cd,"Project Management Professional, Google Data Analytics Professional",targeting a quantum computing specialist position to utilize my educational background and experience to drive results and achieve career objectives
Ankit Thompson,30,Non-Binary,Master's,Machine Learning,Master's in Machine Learning,Georgia Institute of Technology,2021,1,Prompt Engineer,,kafka  jenkins  terraform  spark  deep learning,"Cisco Certified Network Associate, Oracle Certified Professional",targeting a prompt engineer position to utilize my educational background and experience to drive results and achieve career objectives
Aryan Williams,45,Female,Master's,Software Engineering,"Master's in Software Engineering, Bachelor's in Electronics Engineering",All India Institute of Medical Sciences,2024,1,Software Developer,,graphql  sql  kafka  react  blockchain  azure  penetration testing,TensorFlow Developer Certificate,looking for an opportunity as a frontend developer to leverage my expertise in software engineering and make a meaningful impact in the industry
Sarah Jackson,35,Non-Binary,PhD,Machine Learning,PhD in Machine Learning,Carnegie Mellon University,2018,0,,,docker  cloud computing  azure  network security  cybersecurity,CompTIA Security+,targeting a site reliability engineer position to utilize my educational background and experience to drive results and achieve career objectives
Emma Pillai,32,Male,Master's,Artificial Intelligence,Master's in Artificial Intelligence,Chennai University,2019,0,,,ci cd  jenkins  statistics  javascript,Google Cloud Professional,seeking a cloud engineer position to design  implement  and maintain scalable cloud infrastructure using aws  azure  or google cloud platform
Arya Srinivasan,34,Male,PhD,Computer Engineering,PhD in Computer Engineering,Technical University of Munich,2024,1,AI Ethics Officer,,tensorflow  network security  python  aws  ansible,"Google Cloud Professional, AWS Certified Solutions Architect",targeting a ui ux designer role to contribute to the entire design process from concept to implementation  ensuring optimal user satisfaction and usability
Diya Bansal,45,Male,Master's,Machine Learning,Master's in Machine Learning,London School of Economics,2019,6,Mobile Applications Developer,,docker  linux  sql  graphql  microservices  deep learning  rest apis,"Google Data Analytics Professional, AWS Certified Solutions Architect",targeting a mobile applications developer position to utilize my educational background and experience to drive results and achieve career objectives
Sarah Zhou,43,Female,Master's,Information Technology,Master's in Information Technology,Birla Institute of Technology,2015,3,Cybersecurity Engineer,Cybersecurity Analyst,sql  pytorch  terraform  react  devops  kafka  penetration testing  java,,targeting a cybersecurity engineer position to utilize my educational background and experience to drive results and achieve career objectives
Diya Wilson,33,Non-Binary,High School,Computer Science,High School in Computer Science,Carnegie Mellon University,2016,4,Prompt Engineer,Cybersecurity Analyst,tensorflow  graphql  java  devops  linux  microservices  computer vision,,seeking a challenging role as a prompt engineer where i can apply my skills and knowledge to contribute to organizational success and professional growth
Mason Martin,42,Male,Bachelor's,Cybersecurity,Bachelor's in Cybersecurity,Delhi University,2019,6,Data Scientist,Product Manager,react  git  microservices  mongodb,"Microsoft Azure Fundamentals, Certified Ethical Hacker",targeting a devops engineer role to work with containerization technologies  configuration management tools  and cloud platforms to optimize software delivery
Aryan Garcia,36,Non-Binary,Master's,Artificial Intelligence,"Master's in Artificial Intelligence, Bachelor's in Computer Science",University of Oxford,2023,2,Cloud Engineer,,react  linux  cybersecurity  ansible  graphql  node js,"AWS Certified Solutions Architect, Certified Ethical Hacker, Project Management Professional",targeting a cloud engineer position to contribute to cloud migration projects and build resilient  scalable cloud native applications
David Bansal,30,Non-Binary,Bachelor's,Information Technology,Bachelor's in Information Technology,Indian Institute of Technology Delhi,2022,2,Cybersecurity Engineer,,machine learning  docker  ci cd  terraform  kubernetes  natural language processing  blockchain  solidity,,seeking a challenging role as a cybersecurity engineer where i can apply my skills and knowledge to contribute to organizational success and professional growth
Aadhya Kumar,36,Female,Master's,Electronics Engineering,Master's in Electronics Engineering,All India Institute of Medical Sciences,2016,8,Site Reliability Engineer,Cloud Architect,machine learning  kafka  cloud computing  statistics  javascript  kubernetes,,targeting a full stack developer position to utilize my educational background and experience to drive results and achieve career objectives
James Chen,31,Non-Binary,Bachelor's,Robotics,Bachelor's in Robotics,Georgia Institute of Technology,2025,0,,,natural language processing  linux  agile  machine learning  cybersecurity  jenkins,,targeting a mobile applications developer position to utilize my educational background and experience to drive results and achieve career objectives
Priya Sharma,21,Non-Binary,Bachelor's,Information Systems,Bachelor's in Information Systems,Bangalore University,2021,2,Frontend Developer,,rest apis  terraform  sql  node js  kafka  java  solidity,,targeting a frontend developer position to utilize my educational background and experience to drive results and achieve career objectives
Aadhya Jain,35,Female,PhD,Machine Learning,PhD in Machine Learning,Chennai University,2015,9,AI Engineer,Cybersecurity Engineer,java  data analysis  scrum  pytorch  sql,"Oracle Certified Professional, CompTIA Security+",aspiring to join a dynamic team as an ai engineer where i can leverage my expertise in deep learning  natural language processing  and computer vision to build innovative ai products and services
Ankit Davis,39,Non-Binary,Master's,Information Systems,Master's in Information Systems,University of Oxford,2018,0,,,spark  jenkins  tensorflow  node js  azure  ansible  terraform  computer vision,Google Data Analytics Professional,targeting a software engineer position to work on challenging technical problems and build innovative applications that deliver value to users
Christopher Menon,40,Female,Master's,Machine Learning,Master's in Machine Learning,SRM Institute of Science and Technology,2015,6,AI Engineer,Full-Stack Developer,react  linux  blockchain  graphql  data analysis  aws  cybersecurity,"Certified Information Systems Security Professional, Google Data Analytics Professional, AWS Certified Solutions Architect",seeking a challenging role as an ai engineer to develop and implement cutting edge artificial intelligence solutions  looking to work on machine learning models  neural networks  and ai driven applications that solve real world business problems
Emily Gupta,39,Male,Certificate,Data Science,Certificate in Data Science,Indian Institute of Technology Bombay,2022,0,,,node js  natural language processing  pytorch  kubernetes  agile  git  spark,,targeting a frontend developer position to utilize my educational background and experience to drive results and achieve career objectives
Sarah Anderson,29,Male,Bachelor's,Data Science,Bachelor's in Data Science,London School of Economics,2024,0,,,agile  devops  natural language processing  node js,"Oracle Certified Professional, Google Cloud Professional, Project Management Professional",seeking a challenging role as a prompt engineer where i can apply my skills and knowledge to contribute to organizational success and professional growth
Abhinav Hernandez,31,Non-Binary,Bachelor's,Software Engineering,Bachelor's in Software Engineering,University of California Berkeley,2024,0,,,react  git  blockchain  node js  mongodb  spark  devops,"Certified Ethical Hacker, Oracle Certified Professional",targeting a data scientist position where i can utilize my expertise in python  r  sql  and machine learning algorithms to solve business challenges through data analysis and predictive modeling
Jessica Venkatesh,21,Female,Bachelor's,Artificial Intelligence,Bachelor's in Artificial Intelligence,Indian Institute of Technology Delhi,2024,0,,,mongodb  agile  java  cybersecurity  devops  kafka  pytorch  spark,,targeting a cloud architect position to utilize my educational background and experience to drive results and achieve career objectives
Arjun Lee,37,Female,Bachelor's,Machine Learning,Bachelor's in Machine Learning,Technical University of Munich,2024,0,,,tensorflow  natural language processing  azure  javascript  react  jenkins  git,"Google Data Analytics Professional, Project Management Professional, Certified Information Systems Security Professional",seeking a challenging role as a cloud architect where i can apply my skills and knowledge to contribute to organizational success and professional growth
Priya Martinez,40,Female,Bachelor's,Computer Science,Bachelor's in Computer Science,Vellore Institute of Technology,2016,7,MLOps Specialist,"Cloud Architect, Frontend Developer, Prompt Engineer",docker  react  natural language processing  cloud computing  kafka  blockchain  scrum  pytorch,Project Management Professional,targeting a mlops specialist position to utilize my educational background and experience to drive results and achieve career objectives
Meera Anderson,40,Female,Bachelor's,Software Engineering,Bachelor's in Software Engineering,Columbia University,2020,3,Cloud Engineer,,javascript  network security  deep learning  python  jenkins  terraform  cybersecurity,Certified Kubernetes Administrator,seeking a cloud engineer position to design  implement  and maintain scalable cloud infrastructure using aws  azure  or google cloud platform
Charlotte Sharma,23,Female,High School,Information Technology,High School in Information Technology,Birla Institute of Technology,2018,2,Machine Learning Engineer,,solidity  pytorch  ci cd  javascript  java  kafka,Cisco Certified Network Associate,targeting a machine learning engineer position to utilize my educational background and experience to drive results and achieve career objectives
Jackson Johnson,27,Male,Bachelor's,Computer Engineering,Bachelor's in Computer Engineering,University of Pennsylvania,2018,5,Cloud Engineer,"Cloud Architect, Site Reliability Engineer",azure  microservices  aws  agile,Cisco Certified Network Associate,targeting a cloud engineer position to contribute to cloud migration projects and build resilient  scalable cloud native applications
Aisha Jain,25,Male,Master's,Data Science,"Master's in Data Science, Bachelor's in Electronics Engineering",University of Oxford,2017,7,Quantum Computing Specialist,,ci cd  linux  blockchain  natural language processing  javascript  pytorch  statistics,Certified Information Systems Security Professional,looking for an opportunity as a quantum computing specialist to leverage my expertise in data science and make a meaningful impact in the industry
Jessica Venkatesh,23,Male,Master's,Electronics Engineering,"Master's in Electronics Engineering, Bachelor's in Artificial Intelligence",Indian Institute of Science,2018,3,MLOps Specialist,,network security  devops  cybersecurity  tensorflow  linux  ci cd,"CompTIA Security+, TensorFlow Developer Certificate, Oracle Certified Professional",looking for an opportunity as a mlops specialist to leverage my expertise in electronics engineering and make a meaningful impact in the industry
Noah Martinez,34,Female,Master's,Cybersecurity,Master's in Cybersecurity,Mumbai University,2021,3,Blockchain Engineer,Prompt Engineer,sql  azure  spark  statistics  solidity  devops  scrum  deep learning,,looking for an opportunity as a blockchain engineer to leverage my expertise in cybersecurity and make a meaningful impact in the industry
Alexander Verma,26,Female,Bachelor's,Electronics Engineering,Bachelor's in Electronics Engineering,Carnegie Mellon University,2016,8,Cybersecurity Analyst,Backend Developer,sql  statistics  cloud computing  jenkins  terraform  spark,"Certified Kubernetes Administrator, Google Cloud Professional",looking to join a cybersecurity team as an analyst where i can apply my knowledge of network security  threat detection  and incident response to safeguard digital infrastructure
Ava Martinez,44,Non-Binary,PhD,Data Science,PhD in Data Science,University of Washington,2021,1,Frontend Developer,,azure  terraform  computer vision  python  git  statistics  scrum  rest apis,"Scrum Master Certified, Project Management Professional, AWS Certified Solutions Architect",targeting a frontend developer position to utilize my educational background and experience to drive results and achieve career objectives
Aryan Pillai,45,Female,Master's,Machine Learning,Master's in Machine Learning,Indian Institute of Technology Bombay,2020,0,,,linux  pytorch  blockchain  graphql,TensorFlow Developer Certificate,seeking a challenging role as a prompt engineer where i can apply my skills and knowledge to contribute to organizational success and professional growth
Mason Yang,21,Female,PhD,Cybersecurity,PhD in Cybersecurity,Indian Institute of Science,2017,5,Prompt Engineer,"Cloud Architect, Software Developer",graphql  blockchain  rest apis  terraform  git,"Scrum Master Certified, AWS Certified Solutions Architect",looking for an opportunity as a prompt engineer to leverage my expertise in cybersecurity and make a meaningful impact in the industry
Alexander Brown,33,Male,Master's,Data Science,"Master's in Data Science, Bachelor's in Electronics Engineering",Birla Institute of Technology,2015,9,AI Ethics Officer,Software Engineer,agile  jenkins  solidity  git,,seeking a challenging role as a ai ethics officer where i can apply my skills and knowledge to contribute to organizational success and professional growth
Alexander Rodriguez,27,Male,Bachelor's,Information Systems,Bachelor's in Information Systems,Armed Forces Medical College,2022,3,Software Engineer,,react  ci cd  devops  python  kubernetes  linux  graphql,"Microsoft Azure Fundamentals, Google Cloud Professional, Oracle Certified Professional",seeking a cybersecurity analyst position to protect organizational assets by implementing security measures  conducting vulnerability assessments  and responding to security incidents
Mason Jackson,43,Non-Binary,Master's,Electrical Engineering,Master's in Electrical Engineering,London School of Economics,2016,9,MLOps Specialist,"Software Developer, AI Ethics Officer",kafka  pytorch  cloud computing  cybersecurity  data analysis  spark,,looking for an opportunity as a software developer to leverage my expertise in electrical engineering and make a meaningful impact in the industry
Evelyn Krishnan,22,Non-Binary,Bachelor's,Electronics Engineering,Bachelor's in Electronics Engineering,Birla Institute of Technology,2024,0,,,git  rest apis  tensorflow  graphql  natural language processing  jenkins,"TensorFlow Developer Certificate, Certified Ethical Hacker, Project Management Professional",targeting a mobile applications developer position to utilize my educational background and experience to drive results and achieve career objectives
Abhinav Garcia,26,Female,PhD,Information Systems,PhD in Information Systems,Massachusetts Institute of Technology,2016,5,UI/UX Designer,,machine learning  network security  graphql  ansible,,looking for a ui ux designer position where i can combine creativity with analytical thinking to design user centered interfaces that solve real problems
Noah Nair,22,Female,High School,Electronics Engineering,High School in Electronics Engineering,Georgia Institute of Technology,2020,3,Frontend Developer,,microservices  agile  rest apis  pytorch  jenkins  javascript  python,"Google Cloud Professional, CompTIA Security+",seeking a challenging role as a frontend developer where i can apply my skills and knowledge to contribute to organizational success and professional growth
Rohan Park,28,Non-Binary,Diploma,Software Engineering,Diploma in Software Engineering,All India Institute of Medical Sciences,2017,0,,,kubernetes  spark  java  mongodb  tensorflow  statistics,,seeking a challenging role as a ai ethics officer where i can apply my skills and knowledge to contribute to organizational success and professional growth
Christopher Davis,25,Female,Bachelor's,Data Science,Bachelor's in Data Science,Pune University,2019,4,Frontend Developer,Software Engineer,terraform  machine learning  solidity  react,,seeking a challenging role as a frontend developer where i can apply my skills and knowledge to contribute to organizational success and professional growth
Charlotte Garcia,27,Male,High School,Computer Science,High School in Computer Science,Armed Forces Medical College,2023,0,,,pytorch  node js  deep learning  mongodb  kubernetes  terraform,,aspiring to join a dynamic team as an ai engineer where i can leverage my expertise in deep learning  natural language processing  and computer vision to build innovative ai products and services
James Pillai,41,Male,Master's,Information Systems,Master's in Information Systems,Delhi University,2015,7,Full-Stack Developer,"Cybersecurity Engineer, Cloud Architect",aws  deep learning  machine learning  mongodb  scrum  linux  tensorflow,,looking for an opportunity as a full stack developer to leverage my expertise in information systems and make a meaningful impact in the industry
Abhinav Patel,27,Female,Bachelor's,Electrical Engineering,Bachelor's in Electrical Engineering,Delhi University,2025,0,,,terraform  jenkins  kubernetes  computer vision,,targeting a ai ethics officer position to utilize my educational background and experience to drive results and achieve career objectives
Andrew Wang,25,Female,Bachelor's,Robotics,Bachelor's in Robotics,SRM Institute of Science and Technology,2015,1,Prompt Engineer,,node js  agile  java  solidity  microservices  cloud computing  deep learning,,targeting a prompt engineer position to utilize my educational background and experience to drive results and achieve career objectives
Harper Wu,28,Non-Binary,Bachelor's,Software Engineering,Bachelor's in Software Engineering,University of Oxford,2020,0,,,statistics  pytorch  docker  microservices  machine learning  javascript  natural language processing,"CompTIA Security+, Certified Information Systems Security Professional, Microsoft Azure Fundamentals",targeting a big data engineer position to utilize my educational background and experience to drive results and achieve career objectives
Michael Kim,30,Male,Bachelor's,Robotics,Bachelor's in Robotics,London School of Economics,2025,0,,,natural language processing  machine learning  terraform  react  spark  deep learning,"Google Data Analytics Professional, Certified Information Systems Security Professional, Microsoft Azure Fundamentals",looking for an opportunity as a prompt engineer to leverage my expertise in robotics and make a meaningful impact in the industry
Aisha Williams,22,Non-Binary,Certificate,Data Science,Certificate in Data Science,Harvard University,2021,2,Machine Learning Engineer,,tensorflow  kafka  ansible  machine learning,Google Data Analytics Professional,seeking a challenging role as a machine learning engineer where i can apply my skills and knowledge to contribute to organizational success and professional growth
Jackson Jackson,26,Non-Binary,Bachelor's,Computer Engineering,Bachelor's in Computer Engineering,London School of Economics,2021,3,AI Ethics Officer,,pytorch  data analysis  penetration testing  sql  ci cd  rest apis  microservices,TensorFlow Developer Certificate,looking for an opportunity as a software developer to leverage my expertise in computer engineering and make a meaningful impact in the industry
Harper Gupta,45,Female,Master's,Software Engineering,Master's in Software Engineering,Columbia University,2018,3,Quantum Computing Specialist,AI Ethics Officer,computer vision  microservices  cybersecurity  git  statistics,"Google Data Analytics Professional, Scrum Master Certified, TensorFlow Developer Certificate",looking for an opportunity as a quantum computing specialist to leverage my expertise in software engineering and make a meaningful impact in the industry
Michael Moore,44,Female,Bachelor's,Computer Engineering,Bachelor's in Computer Engineering,Bangalore University,2023,2,Cybersecurity Engineer,,node js  graphql  javascript  aws  microservices  kubernetes  pytorch  blockchain,"Oracle Certified Professional, CompTIA Security+",targeting a cybersecurity engineer position to utilize my educational background and experience to drive results and achieve career objectives
Aditi Kim,33,Female,Master's,Data Science,"Master's in Data Science, Bachelor's in Electrical Engineering",National Institute of Technology Trichy,2015,0,,,ci cd  java  docker  computer vision,"Project Management Professional, Microsoft Azure Fundamentals, Cisco Certified Network Associate",seeking a challenging role as a ai ethics officer where i can apply my skills and knowledge to contribute to organizational success and professional growth
David Liu,33,Female,Master's,Information Technology,Master's in Information Technology,Harvard University,2016,5,Blockchain Engineer,"Software Engineer, Full-Stack Developer",blockchain  kubernetes  computer vision  git  cloud computing,"Scrum Master Certified, Cisco Certified Network Associate, Certified Ethical Hacker",targeting a mlops specialist position to utilize my educational background and experience to drive results and achieve career objectives
Mason Sharma,26,Female,High School,Information Technology,High School in Information Technology,Georgia Institute of Technology,2018,1,Frontend Developer,,devops  graphql  statistics  blockchain  kubernetes  tensorflow  ci cd,CompTIA Security+,seeking a challenging role as a frontend developer where i can apply my skills and knowledge to contribute to organizational success and professional growth
Liam Williams,22,Non-Binary,Bachelor's,Data Science,Bachelor's in Data Science,University of Oxford,2016,9,Blockchain Engineer,"Backend Developer, Cloud Engineer, AI Engineer",solidity  mongodb  kubernetes  sql  statistics  ansible  microservices,,seeking a challenging role as a blockchain engineer where i can apply my skills and knowledge to contribute to organizational success and professional growth
Lucas Wu,21,Non-Binary,Master's,Computer Science,Master's in Computer Science,Chennai University,2025,0,,,devops  python  microservices  spark  data analysis,"TensorFlow Developer Certificate, Certified Information Systems Security Professional, Scrum Master Certified",looking for a cloud engineer role where i can architect cloud solutions  automate deployments  and optimize cloud resources for performance and cost efficiency
Jackson Thomas,42,Female,Bachelor's,Computer Science,Bachelor's in Computer Science,University of Oxford,2018,7,Big Data Engineer,AI Engineer,mongodb  python  cybersecurity  rest apis  azure  java,,targeting a big data engineer position to utilize my educational background and experience to drive results and achieve career objectives
James Verma,41,Female,PhD,Robotics,PhD in Robotics,University of Cambridge,2024,0,,,deep learning  network security  rest apis  sql  scrum  blockchain  penetration testing,,targeting a prompt engineer position to utilize my educational background and experience to drive results and achieve career objectives
Meera Liu,37,Male,Bachelor's,Information Technology,Bachelor's in Information Technology,Harvard University,2016,0,,,cybersecurity  kubernetes  solidity  aws  penetration testing  natural language processing  devops  machine learning,Oracle Certified Professional,seeking a ui ux designer role to create intuitive and engaging user experiences through user research  wireframing  prototyping  and visual design
James Hernandez,45,Female,Bachelor's,Computer Engineering,Bachelor's in Computer Engineering,Mumbai University,2021,3,Backend Developer,Product Manager,aws  azure  terraform  network security  sql  agile  deep learning,,seeking a challenging role as a backend developer where i can apply my skills and knowledge to contribute to organizational success and professional growth
Ava Jain,30,Male,Bachelor's,Cybersecurity,Bachelor's in Cybersecurity,Technical University of Munich,2015,3,Site Reliability Engineer,Big Data Engineer,aws  jenkins  ci cd  azure  linux,"Scrum Master Certified, CompTIA Security+, AWS Certified Solutions Architect",targeting a software developer position to utilize my educational background and experience to drive results and achieve career objectives
Arjun Iyer,42,Non-Binary,Master's,Information Technology,Master's in Information Technology,University of Washington,2024,0,,,terraform  cybersecurity  linux  docker,"Certified Kubernetes Administrator, TensorFlow Developer Certificate",targeting a full stack developer position to utilize my educational background and experience to drive results and achieve career objectives
James Martinez,37,Non-Binary,Bachelor's,Robotics,Bachelor's in Robotics,SRM Institute of Science and Technology,2015,2,Full-Stack Developer,,machine learning  network security  statistics  microservices  react  agile  docker,CompTIA Security+,looking for an opportunity as a software developer to leverage my expertise in robotics and make a meaningful impact in the industry
Jessica Smith,21,Non-Binary,Bachelor's,Artificial Intelligence,Bachelor's in Artificial Intelligence,All India Institute of Medical Sciences,2016,0,,,scrum  rest apis  kafka  node js  devops  statistics  terraform,CompTIA Security+,targeting a backend developer position to utilize my educational background and experience to drive results and achieve career objectives
Aditi Liu,30,Female,Master's,Electrical Engineering,"Master's in Electrical Engineering, Bachelor's in Software Engineering",Pune University,2021,1,Cloud Engineer,,penetration testing  statistics  docker  machine learning  ansible  pytorch  python,"CompTIA Security+, Scrum Master Certified",looking for an opportunity as a machine learning engineer to leverage my expertise in electrical engineering and make a meaningful impact in the industry
Priya Johnson,22,Male,Certificate,Electronics Engineering,Certificate in Electronics Engineering,Birla Institute of Technology,2025,0,,,blockchain  docker  rest apis  natural language processing  javascript  aws  ansible  jenkins,"Cisco Certified Network Associate, CompTIA Security+, Scrum Master Certified",targeting a prompt engineer position to utilize my educational background and experience to drive results and achieve career objectives
Jessica Park,23,Female,PhD,Electronics Engineering,PhD in Electronics Engineering,SRM Institute of Science and Technology,2015,9,Full-Stack Developer,,solidity  ci cd  python  aws  ansible  sql,,targeting a full stack developer position to utilize my educational background and experience to drive results and achieve career objectives
Liam Hernandez,36,Non-Binary,Master's,Computer Engineering,Master's in Computer Engineering,Yale University,2016,9,Software Developer,,mongodb  linux  node js  terraform  tensorflow,"CompTIA Security+, AWS Certified Solutions Architect, Certified Ethical Hacker",seeking a challenging role as a software developer where i can apply my skills and knowledge to contribute to organizational success and professional growth
Jessica Jain,26,Non-Binary,Master's,Computer Science,"Master's in Computer Science, Bachelor's in Information Technology",Technical University of Munich,2020,1,Quantum Computing Specialist,,linux  aws  javascript  azure  machine learning  kubernetes  sql,"Oracle Certified Professional, AWS Certified Solutions Architect",targeting a quantum computing specialist position to utilize my educational background and experience to drive results and achieve career objectives
Aadhya Garcia,30,Male,PhD,Information Systems,PhD in Information Systems,Indian Institute of Science,2018,0,,,solidity  azure  jenkins  network security  linux  devops  scrum  machine learning,,seeking a ui ux designer role to create intuitive and engaging user experiences through user research  wireframing  prototyping  and visual design
Mason Brown,25,Non-Binary,Master's,Electrical Engineering,Master's in Electrical Engineering,University of Toronto,2025,0,,,azure  blockchain  node js  ansible  computer vision  terraform,"Project Management Professional, Microsoft Azure Fundamentals, Certified Ethical Hacker",targeting a big data engineer position to utilize my educational background and experience to drive results and achieve career objectives
Arya Menon,27,Male,Master's,Computer Engineering,Master's in Computer Engineering,Amity University,2016,8,Cybersecurity Engineer,"Cybersecurity Analyst, Prompt Engineer",ci cd  jenkins  cloud computing  spark  kubernetes,"Microsoft Azure Fundamentals, Certified Information Systems Security Professional, Certified Ethical Hacker",seeking a challenging role as a cybersecurity engineer where i can apply my skills and knowledge to contribute to organizational success and professional growth
Charlotte Anderson,45,Female,Bachelor's,Data Science,Bachelor's in Data Science,Technical University of Munich,2024,1,Blockchain Engineer,,mongodb  microservices  deep learning  aws,Google Data Analytics Professional,looking for an opportunity as a blockchain engineer to leverage my expertise in data science and make a meaningful impact in the industry
Ashley Krishnan,30,Non-Binary,Bachelor's,Information Technology,Bachelor's in Information Technology,University of Toronto,2015,2,Data Scientist,,linux  microservices  tensorflow  scrum  terraform,"TensorFlow Developer Certificate, Scrum Master Certified, Microsoft Azure Fundamentals",seeking a data scientist role to apply statistical analysis  machine learning  and data visualization techniques to extract meaningful insights from complex datasets and drive data driven decision making
Alexander Krishnan,44,Female,Bachelor's,Robotics,Bachelor's in Robotics,Christian Medical College,2023,0,,,natural language processing  graphql  cybersecurity  tensorflow  solidity  scrum,"Google Data Analytics Professional, Cisco Certified Network Associate, CompTIA Security+",looking for an opportunity as a cybersecurity engineer to leverage my expertise in robotics and make a meaningful impact in the industry
Sarah Gupta,30,Female,Master's,Information Technology,"Master's in Information Technology, Bachelor's in Computer Engineering",Yale University,2015,6,Cybersecurity Engineer,AI Ethics Officer,node js  natural language processing  sql  kubernetes,,looking for an opportunity as a cybersecurity engineer to leverage my expertise in information technology and make a meaningful impact in the industry
Sneha Chen,42,Non-Binary,Master's,Artificial Intelligence,Master's in Artificial Intelligence,SRM Institute of Science and Technology,2017,0,,,pytorch  python  blockchain  terraform  scrum  natural language processing  javascript  solidity,Project Management Professional,seeking a challenging role as an ai engineer to develop and implement cutting edge artificial intelligence solutions  looking to work on machine learning models  neural networks  and ai driven applications that solve real world business problems
Sneha Taylor,22,Female,Master's,Software Engineering,"Master's in Software Engineering, Bachelor's in Data Science",Indian Institute of Technology Delhi,2025,0,,,agile  natural language processing  terraform  aws,"Cisco Certified Network Associate, TensorFlow Developer Certificate",seeking a challenging role as a big data engineer where i can apply my skills and knowledge to contribute to organizational success and professional growth
Mason Kim,37,Male,PhD,Electrical Engineering,"PhD in Electrical Engineering, Bachelor's in Robotics",Birla Institute of Technology,2021,0,,,scrum  python  cybersecurity  agile,"Certified Information Systems Security Professional, Google Cloud Professional",looking for an opportunity as a ai ethics officer to leverage my expertise in electrical engineering and make a meaningful impact in the industry
Rahul Williams,23,Non-Binary,Master's,Software Engineering,Master's in Software Engineering,Technical University of Munich,2020,1,Site Reliability Engineer,,network security  python  docker  computer vision,TensorFlow Developer Certificate,looking for an opportunity as a site reliability engineer to leverage my expertise in software engineering and make a meaningful impact in the industry
Ananya Thompson,42,Female,Bachelor's,Cybersecurity,Bachelor's in Cybersecurity,Georgia Institute of Technology,2021,2,DevOps Engineer,,scrum  pytorch  aws  statistics,,targeting a site reliability engineer position to utilize my educational background and experience to drive results and achieve career objectives
Olivia Reddy,42,Female,Bachelor's,Machine Learning,Bachelor's in Machine Learning,Indian Institute of Technology Bombay,2017,8,Quantum Computing Specialist,Data Scientist,azure  linux  rest apis  cloud computing  microservices  spark  aws,,targeting a quantum computing specialist position to utilize my educational background and experience to drive results and achieve career objectives
Emily Jackson,40,Non-Binary,High School,Machine Learning,High School in Machine Learning,University of Oxford,2016,3,UI/UX Designer,Software Engineer,network security  sql  blockchain  natural language processing  docker  cloud computing,Certified Kubernetes Administrator,looking for a ui ux designer position where i can combine creativity with analytical thinking to design user centered interfaces that solve real problems
Matthew Agarwal,43,Non-Binary,Master's,Software Engineering,"Master's in Software Engineering, Bachelor's in Data Science",Harvard University,2015,8,Software Engineer,Product Manager,docker  deep learning  aws  azure  rest apis  javascript  data analysis  pytorch,Certified Ethical Hacker,looking for a software engineer role where i can contribute to full stack development  write clean and maintainable code  and collaborate with cross functional teams
Harper Reddy,22,Non-Binary,Bachelor's,Computer Science,Bachelor's in Computer Science,Stanford University,2017,0,,,data analysis  ci cd  scrum  graphql,Certified Information Systems Security Professional,seeking a ui ux designer role to create intuitive and engaging user experiences through user research  wireframing  prototyping  and visual design
Jessica Yang,31,Male,Bachelor's,Computer Engineering,Bachelor's in Computer Engineering,Carnegie Mellon University,2016,8,Machine Learning Engineer,Big Data Engineer,blockchain  tensorflow  computer vision  network security,"Certified Information Systems Security Professional, Cisco Certified Network Associate",targeting a cloud architect position to utilize my educational background and experience to drive results and achieve career objectives
Andrew Srinivasan,37,Non-Binary,Bachelor's,Electronics Engineering,Bachelor's in Electronics Engineering,Indian Institute of Science,2024,0,,,kafka  microservices  sql  mongodb  azure,,seeking a challenging role as a blockchain engineer where i can apply my skills and knowledge to contribute to organizational success and professional growth
Matthew Thompson,24,Male,PhD,Electrical Engineering,PhD in Electrical Engineering,University of Toronto,2023,1,Prompt Engineer,,penetration testing  pytorch  terraform  docker  javascript  azure,Certified Ethical Hacker,targeting a prompt engineer position to utilize my educational background and experience to drive results and achieve career objectives
Ankit Jackson,23,Female,Bachelor's,Information Systems,Bachelor's in Information Systems,Vellore Institute of Technology,2021,4,Cybersecurity Analyst,,spark  data analysis  azure  statistics  javascript,,aspiring to join a dynamic team as an ai engineer where i can leverage my expertise in deep learning  natural language processing  and computer vision to build innovative ai products and services
Samantha Nair,33,Non-Binary,Master's,Artificial Intelligence,"Master's in Artificial Intelligence, Bachelor's in Data Science",University of Cambridge,2019,1,Cloud Architect,,machine learning  tensorflow  python  kubernetes  spark  jenkins,"Google Data Analytics Professional, CompTIA Security+, Oracle Certified Professional",targeting a cloud architect position to utilize my educational background and experience to drive results and achieve career objectives
Jackson Rodriguez,22,Non-Binary,Bachelor's,Computer Engineering,Bachelor's in Computer Engineering,Chennai University,2020,0,,,react  natural language processing  machine learning  terraform  aws  python,"Project Management Professional, Scrum Master Certified",targeting a machine learning engineer position to utilize my educational background and experience to drive results and achieve career objectives
Rohan Miller,44,Male,Bachelor's,Electrical Engineering,Bachelor's in Electrical Engineering,University of California Berkeley,2021,2,Cybersecurity Engineer,,react  python  scrum  deep learning  data analysis  tensorflow,"AWS Certified Solutions Architect, Google Data Analytics Professional",targeting a ui ux designer role to contribute to the entire design process from concept to implementation  ensuring optimal user satisfaction and usability
Rohan Brown,35,Male,Bachelor's,Data Science,Bachelor's in Data Science,Yale University,2017,2,Software Developer,,docker  solidity  deep learning  blockchain  ci cd  spark  penetration testing,,looking for an opportunity as a software developer to leverage my expertise in data science and make a meaningful impact in the industry
Amanda Johnson,41,Female,High School,Software Engineering,High School in Software Engineering,Georgia Institute of Technology,2015,6,DevOps Engineer,,spark  pytorch  node js  docker  jenkins  blockchain  natural language processing,"Project Management Professional, Certified Ethical Hacker, Google Cloud Professional",seeking a devops engineer role to bridge development and operations teams by implementing ci cd pipelines  infrastructure automation  and monitoring solutions
Samantha Kim,22,Male,Bachelor's,Information Technology,Bachelor's in Information Technology,Vellore Institute of Technology,2017,7,UI/UX Designer,"AI Ethics Officer, Machine Learning Engineer",spark  python  mongodb  terraform  agile,,seeking a challenging role as a blockchain engineer where i can apply my skills and knowledge to contribute to organizational success and professional growth
Aditi Menon,43,Female,Master's,Information Technology,"Master's in Information Technology, Bachelor's in Artificial Intelligence",Pune University,2017,4,AI Engineer,"Full-Stack Developer, Backend Developer",mongodb  terraform  statistics  cloud computing,"Microsoft Azure Fundamentals, AWS Certified Solutions Architect, Certified Kubernetes Administrator",targeting an ai engineer position to contribute to the development of intelligent systems using python  tensorflow  and pytorch  eager to work on large scale ai projects in a collaborative environment
Ankit Rao,26,Male,Bachelor's,Computer Engineering,Bachelor's in Computer Engineering,University of Washington,2017,5,Big Data Engineer,"Site Reliability Engineer, Machine Learning Engineer",agile  aws  ci cd  sql,,targeting a big data engineer position to utilize my educational background and experience to drive results and achieve career objectives
Christopher Martinez,40,Female,Bachelor's,Information Technology,Bachelor's in Information Technology,London School of Economics,2022,0,,,ci cd  computer vision  node js  python  docker  terraform  linux,Certified Ethical Hacker,targeting a blockchain engineer position to utilize my educational background and experience to drive results and achieve career objectives
Harper Zhang,29,Male,Bachelor's,Software Engineering,Bachelor's in Software Engineering,Amity University,2021,3,DevOps Engineer,Quantum Computing Specialist,scrum  linux  network security  blockchain  penetration testing  graphql  agile,Oracle Certified Professional,targeting a devops engineer role to work with containerization technologies  configuration management tools  and cloud platforms to optimize software delivery
Sophia Hernandez,23,Non-Binary,Master's,Information Systems,Master's in Information Systems,Columbia University,2017,0,,,sql  natural language processing  ci cd  python  machine learning,,looking for an opportunity as a software developer to leverage my expertise in information systems and make a meaningful impact in the industry
Charlotte Zhou,25,Female,Master's,Information Systems,Master's in Information Systems,Christian Medical College,2020,0,,,machine learning  deep learning  react  azure  aws,Certified Ethical Hacker,seeking a challenging role as a site reliability engineer where i can apply my skills and knowledge to contribute to organizational success and professional growth
Jessica Srinivasan,23,Female,PhD,Software Engineering,PhD in Software Engineering,Armed Forces Medical College,2017,7,MLOps Specialist,"AI Ethics Officer, Site Reliability Engineer",ci cd  docker  sql  natural language processing  node js,,targeting an ai engineer position to contribute to the development of intelligent systems using python  tensorflow  and pytorch  eager to work on large scale ai projects in a collaborative environment
Emily Thompson,41,Non-Binary,High School,Information Technology,High School in Information Technology,All India Institute of Medical Sciences,2021,3,Machine Learning Engineer,Software Developer,javascript  spark  tensorflow  cloud computing,AWS Certified Solutions Architect,targeting a machine learning engineer position to utilize my educational background and experience to drive results and achieve career objectives
Mason Liu,28,Female,PhD,Computer Engineering,PhD in Computer Engineering,University of Pennsylvania,2022,3,DevOps Engineer,,microservices  azure  machine learning  rest apis  react  deep learning  ansible  tensorflow,,looking to join a cybersecurity team as an analyst where i can apply my knowledge of network security  threat detection  and incident response to safeguard digital infrastructure
David Jackson,27,Female,Bachelor's,Information Technology,Bachelor's in Information Technology,Technical University of Munich,2018,0,,,agile  java  natural language processing  statistics  kubernetes  mongodb  node js  machine learning,,seeking a challenging role as a big data engineer where i can apply my skills and knowledge to contribute to organizational success and professional growth
Lucas Gupta,39,Non-Binary,High School,Machine Learning,High School in Machine Learning,All India Institute of Medical Sciences,2023,1,Machine Learning Engineer,,linux  sql  git  python,"Oracle Certified Professional, Cisco Certified Network Associate",targeting a data scientist position where i can utilize my expertise in python  r  sql  and machine learning algorithms to solve business challenges through data analysis and predictive modeling
Christopher Agarwal,31,Female,PhD,Information Systems,PhD in Information Systems,SRM Institute of Science and Technology,2018,2,DevOps Engineer,,docker  java  microservices  penetration testing  javascript  statistics  kubernetes  spark,"Google Cloud Professional, Project Management Professional, Oracle Certified Professional",targeting a cloud engineer position to contribute to cloud migration projects and build resilient  scalable cloud native applications
Vikram Zhang,40,Non-Binary,Master's,Cybersecurity,Master's in Cybersecurity,University of Washington,2024,1,Mobile Applications Developer,,agile  statistics  ci cd  blockchain  javascript,"Certified Kubernetes Administrator, Oracle Certified Professional, Scrum Master Certified",seeking a challenging role as a mobile applications developer where i can apply my skills and knowledge to contribute to organizational success and professional growth
Arya Zhou,30,Non-Binary,PhD,Information Technology,"PhD in Information Technology, Bachelor's in Cybersecurity",Bangalore University,2016,0,,,cybersecurity  linux  kubernetes  statistics,Google Cloud Professional,targeting a ai ethics officer position to utilize my educational background and experience to drive results and achieve career objectives
Andrew White,29,Female,Diploma,Machine Learning,Diploma in Machine Learning,Georgia Institute of Technology,2022,2,Cybersecurity Engineer,,aws  jenkins  network security  javascript  ci cd,"Certified Ethical Hacker, Oracle Certified Professional",targeting a cybersecurity engineer position to utilize my educational background and experience to drive results and achieve career objectives
Michael Nair,35,Female,PhD,Electronics Engineering,PhD in Electronics Engineering,Massachusetts Institute of Technology,2018,7,Data Scientist,Mobile Applications Developer,react  natural language processing  ansible  python  docker  mongodb  statistics  microservices,Scrum Master Certified,targeting a data scientist position where i can utilize my expertise in python  r  sql  and machine learning algorithms to solve business challenges through data analysis and predictive modeling
Kavya White,24,Male,Bachelor's,Information Technology,Bachelor's in Information Technology,Columbia University,2016,0,,,pytorch  rest apis  agile  node js  linux  jenkins  network security,CompTIA Security+,targeting a full stack developer position to utilize my educational background and experience to drive results and achieve career objectives
Arya Reddy,25,Non-Binary,Bachelor's,Electrical Engineering,Bachelor's in Electrical Engineering,Christian Medical College,2019,1,Data Scientist,,microservices  react  ci cd  blockchain  penetration testing  machine learning  kafka  devops,,seeking a data scientist role to apply statistical analysis  machine learning  and data visualization techniques to extract meaningful insights from complex datasets and drive data driven decision making
Lucas Moore,23,Female,PhD,Machine Learning,PhD in Machine Learning,Armed Forces Medical College,2022,1,Site Reliability Engineer,,machine learning  computer vision  tensorflow  react  sql  blockchain  agile  git,Certified Kubernetes Administrator,looking for an opportunity as a site reliability engineer to leverage my expertise in machine learning and make a meaningful impact in the industry
Ashley Krishnan,33,Male,Master's,Electrical Engineering,Master's in Electrical Engineering,Yale University,2020,0,,,kafka  docker  linux  python,TensorFlow Developer Certificate,targeting a software engineer position to work on challenging technical problems and build innovative applications that deliver value to users
Michael Miller,37,Non-Binary,High School,Machine Learning,High School in Machine Learning,Vellore Institute of Technology,2025,0,,,kafka  mongodb  javascript  machine learning  pytorch  graphql  kubernetes,"Certified Kubernetes Administrator, Certified Information Systems Security Professional, Oracle Certified Professional",seeking a challenging role as a machine learning engineer where i can apply my skills and knowledge to contribute to organizational success and professional growth
Charlotte Thomas,21,Female,PhD,Information Systems,PhD in Information Systems,University of Pennsylvania,2021,4,Cloud Engineer,"Site Reliability Engineer, Full-Stack Developer",cybersecurity  graphql  kafka  scrum  ansible  blockchain  agile,,looking for a cloud engineer role where i can architect cloud solutions  automate deployments  and optimize cloud resources for performance and cost efficiency
Jessica Wang,42,Female,Master's,Robotics,Master's in Robotics,University of California Berkeley,2025,0,,,sql  mongodb  java  graphql,,targeting a cloud architect position to utilize my educational background and experience to drive results and achieve career objectives
Abhinav Park,30,Female,Bachelor's,Machine Learning,Bachelor's in Machine Learning,University of Cambridge,2019,2,Quantum Computing Specialist,,aws  pytorch  penetration testing  spark  scrum  cybersecurity  graphql,"AWS Certified Solutions Architect, Certified Information Systems Security Professional, Certified Kubernetes Administrator",looking for an opportunity as a quantum computing specialist to leverage my expertise in machine learning and make a meaningful impact in the industry
Christopher Garcia,21,Female,High School,Computer Science,High School in Computer Science,All India Institute of Medical Sciences,2015,9,Machine Learning Engineer,"DevOps Engineer, Full-Stack Developer, Prompt Engineer",devops  linux  agile  kubernetes  blockchain  natural language processing,"Certified Kubernetes Administrator, Scrum Master Certified, Project Management Professional",targeting a machine learning engineer position to utilize my educational background and experience to drive results and achieve career objectives
Emma Jackson,28,Male,Master's,Software Engineering,"Master's in Software Engineering, Bachelor's in Information Technology",Indian Institute of Technology Bombay,2021,0,,,jenkins  rest apis  computer vision  ansible,Certified Information Systems Security Professional,targeting a mlops specialist position to utilize my educational background and experience to drive results and achieve career objectives
Arya Verma,40,Non-Binary,Master's,Information Technology,Master's in Information Technology,Pune University,2019,2,Software Developer,,java  azure  cybersecurity  scrum  tensorflow  natural language processing  deep learning,"Certified Kubernetes Administrator, Google Data Analytics Professional",seeking a challenging role as a software developer where i can apply my skills and knowledge to contribute to organizational success and professional growth
Sarah Verma,41,Non-Binary,PhD,Information Technology,"PhD in Information Technology, Bachelor's in Computer Science",Armed Forces Medical College,2016,1,Mobile Applications Developer,,aws  mongodb  docker  statistics  computer vision  tensorflow  sql  node js,"Certified Information Systems Security Professional, Certified Kubernetes Administrator, Certified Ethical Hacker",looking for an opportunity as a mobile applications developer to leverage my expertise in information technology and make a meaningful impact in the industry
Alexander Wilson,41,Female,PhD,Software Engineering,PhD in Software Engineering,Bangalore University,2022,0,,,tensorflow  jenkins  spark  javascript,,seeking a ui ux designer role to create intuitive and engaging user experiences through user research  wireframing  prototyping  and visual design
Vikram Yang,29,Male,Bachelor's,Computer Science,Bachelor's in Computer Science,Indian Institute of Technology Bombay,2020,0,,,devops  cloud computing  docker  machine learning,"Google Cloud Professional, Certified Kubernetes Administrator",seeking a challenging role as a quantum computing specialist where i can apply my skills and knowledge to contribute to organizational success and professional growth
Amanda Wang,25,Female,Bachelor's,Data Science,Bachelor's in Data Science,Vellore Institute of Technology,2025,0,,,ansible  statistics  cybersecurity  network security  blockchain  cloud computing,"Certified Kubernetes Administrator, Cisco Certified Network Associate, Microsoft Azure Fundamentals",targeting a cybersecurity analyst role to contribute to the development and maintenance of robust security frameworks  policies  and procedures
Lucas Moore,24,Non-Binary,Master's,Electrical Engineering,"Master's in Electrical Engineering, Bachelor's in Artificial Intelligence",Christian Medical College,2018,5,Cybersecurity Analyst,DevOps Engineer,machine learning  network security  blockchain  solidity  spark,"Certified Information Systems Security Professional, Scrum Master Certified",seeking a ui ux designer role to create intuitive and engaging user experiences through user research  wireframing  prototyping  and visual design
Sneha Miller,39,Female,Bachelor's,Electronics Engineering,Bachelor's in Electronics Engineering,Amity University,2016,5,MLOps Specialist,Cloud Engineer,rest apis  java  aws  tensorflow  linux  blockchain,Certified Information Systems Security Professional,seeking a challenging role as a mlops specialist where i can apply my skills and knowledge to contribute to organizational success and professional growth
James Wang,21,Non-Binary,Bachelor's,Machine Learning,Bachelor's in Machine Learning,University of Oxford,2024,0,,,deep learning  ansible  node js  microservices  statistics  machine learning,Google Cloud Professional,targeting a software developer position to utilize my educational background and experience to drive results and achieve career objectives
David Martin,42,Female,Bachelor's,Cybersecurity,Bachelor's in Cybersecurity,Carnegie Mellon University,2022,2,Software Engineer,,react  network security  javascript  data analysis  graphql,,seeking a software engineer position to develop high quality  scalable software solutions using modern programming languages and development methodologies
Meera Verma,30,Male,Master's,Electrical Engineering,"Master's in Electrical Engineering, Bachelor's in Information Technology",Armed Forces Medical College,2019,6,AI Engineer,,statistics  azure  rest apis  javascript  terraform  devops  ansible,"Project Management Professional, AWS Certified Solutions Architect",targeting an ai engineer position to contribute to the development of intelligent systems using python  tensorflow  and pytorch  eager to work on large scale ai projects in a collaborative environment
Andrew Wilson,36,Non-Binary,High School,Computer Engineering,High School in Computer Engineering,Georgia Institute of Technology,2016,6,Frontend Developer,,network security  aws  ci cd  mongodb  java  deep learning  react,,seeking a challenging role as a frontend developer where i can apply my skills and knowledge to contribute to organizational success and professional growth
Amanda Thomas,38,Male,PhD,Computer Science,PhD in Computer Science,Pune University,2019,1,Blockchain Engineer,,aws  react  git  node js,"Certified Information Systems Security Professional, CompTIA Security+",seeking a challenging role as a blockchain engineer where i can apply my skills and knowledge to contribute to organizational success and professional growth
Arjun Wilson,25,Non-Binary,PhD,Artificial Intelligence,PhD in Artificial Intelligence,Harvard University,2019,5,Cybersecurity Engineer,"Product Manager, Backend Developer",aws  devops  kafka  natural language processing  penetration testing  network security  data analysis,"Oracle Certified Professional, CompTIA Security+",targeting a cybersecurity engineer position to utilize my educational background and experience to drive results and achieve career objectives
Joshua Brown,43,Male,Bachelor's,Machine Learning,Bachelor's in Machine Learning,Delhi University,2019,5,Data Scientist,"Cloud Engineer, Machine Learning Engineer",python  machine learning  cybersecurity  microservices  pytorch,"Google Cloud Professional, Certified Information Systems Security Professional, Certified Kubernetes Administrator",seeking a data scientist role to apply statistical analysis  machine learning  and data visualization techniques to extract meaningful insights from complex datasets and drive data driven decision making
Charlotte Hernandez,35,Non-Binary,Master's,Artificial Intelligence,"Master's in Artificial Intelligence, Bachelor's in Information Technology",Carnegie Mellon University,2018,0,,,data analysis  blockchain  kubernetes  git,,looking for a software engineer role where i can contribute to full stack development  write clean and maintainable code  and collaborate with cross functional teams
Liam Davis,21,Female,Master's,Machine Learning,Master's in Machine Learning,Mumbai University,2015,5,Big Data Engineer,"Full-Stack Developer, Site Reliability Engineer",aws  ansible  sql  scrum  blockchain  machine learning,Certified Ethical Hacker,seeking a challenging role as a big data engineer where i can apply my skills and knowledge to contribute to organizational success and professional growth
Isabella Williams,33,Male,Master's,Information Systems,"Master's in Information Systems, Bachelor's in Computer Science",University of Oxford,2018,0,,,devops  blockchain  mongodb  react  natural language processing  aws  deep learning,,seeking a challenging role as a cloud architect where i can apply my skills and knowledge to contribute to organizational success and professional growth
Lucas Jones,40,Non-Binary,Master's,Artificial Intelligence,"Master's in Artificial Intelligence, Bachelor's in Electronics Engineering",University of Cambridge,2024,0,,,deep learning  data analysis  network security  machine learning,Oracle Certified Professional,seeking a challenging role as a full stack developer where i can apply my skills and knowledge to contribute to organizational success and professional growth
Liam Nair,43,Non-Binary,Master's,Computer Engineering,Master's in Computer Engineering,Mumbai University,2015,4,DevOps Engineer,"AI Engineer, Cloud Architect",kubernetes  linux  node js  tensorflow  agile,"Microsoft Azure Fundamentals, AWS Certified Solutions Architect, Project Management Professional",looking for an opportunity as a frontend developer to leverage my expertise in computer engineering and make a meaningful impact in the industry
Priya Srinivasan,21,Female,PhD,Machine Learning,"PhD in Machine Learning, Bachelor's in Information Technology",University of California Berkeley,2019,2,Cloud Engineer,,java  jenkins  statistics  deep learning,Oracle Certified Professional,targeting a cloud engineer position to contribute to cloud migration projects and build resilient  scalable cloud native applications
Benjamin Menon,29,Non-Binary,Master's,Cybersecurity,Master's in Cybersecurity,Indian Institute of Technology Bombay,2017,3,Mobile Applications Developer,,scrum  git  agile  devops,"Google Cloud Professional, Cisco Certified Network Associate, Project Management Professional",looking for an opportunity as a mobile applications developer to leverage my expertise in cybersecurity and make a meaningful impact in the industry
Rahul Verma,28,Non-Binary,Master's,Artificial Intelligence,Master's in Artificial Intelligence,Bangalore University,2020,3,Blockchain Engineer,Software Engineer,sql  pytorch  microservices  mongodb  data analysis,"Google Data Analytics Professional, Microsoft Azure Fundamentals, Cisco Certified Network Associate",seeking a challenging role as a big data engineer where i can apply my skills and knowledge to contribute to organizational success and professional growth
Aryan Iyer,43,Female,PhD,Information Technology,PhD in Information Technology,National Institute of Technology Trichy,2019,0,,,jenkins  scrum  statistics  aws  python  network security  docker,"Project Management Professional, Microsoft Azure Fundamentals, Google Data Analytics Professional",looking for an opportunity as a site reliability engineer to leverage my expertise in information technology and make a meaningful impact in the industry
Aadhya White,22,Male,Bachelor's,Electrical Engineering,Bachelor's in Electrical Engineering,Stanford University,2019,0,,,network security  git  python  blockchain,"Project Management Professional, AWS Certified Solutions Architect",looking for a cloud engineer role where i can architect cloud solutions  automate deployments  and optimize cloud resources for performance and cost efficiency
Sneha Park,45,Non-Binary,Bachelor's,Information Technology,Bachelor's in Information Technology,Columbia University,2020,5,Frontend Developer,Full-Stack Developer,docker  pytorch  blockchain  sql  statistics  deep learning,,seeking a challenging role as a frontend developer where i can apply my skills and knowledge to contribute to organizational success and professional growth
Ava Martinez,40,Female,Bachelor's,Artificial Intelligence,Bachelor's in Artificial Intelligence,Technical University of Munich,2016,7,Backend Developer,"Site Reliability Engineer, Cloud Engineer, Machine Learning Engineer",kafka  azure  pytorch  computer vision  spark  graphql,Cisco Certified Network Associate,targeting a backend developer position to utilize my educational background and experience to drive results and achieve career objectives
Ethan Wang,31,Non-Binary,PhD,Robotics,PhD in Robotics,Armed Forces Medical College,2016,9,Product Manager,"Machine Learning Engineer, Cloud Architect",scrum  blockchain  cybersecurity  graphql  ansible  jenkins  java,,targeting a big data engineer position to utilize my educational background and experience to drive results and achieve career objectives
Meera Rodriguez,22,Female,Bachelor's,Electronics Engineering,Bachelor's in Electronics Engineering,University of Cambridge,2024,1,Cloud Engineer,,devops  cybersecurity  react  sql  jenkins  data analysis  mongodb,"Scrum Master Certified, Google Cloud Professional",targeting an ai engineer position to contribute to the development of intelligent systems using python  tensorflow  and pytorch  eager to work on large scale ai projects in a collaborative environment
Aryan Chen,37,Non-Binary,Master's,Robotics,Master's in Robotics,Vellore Institute of Technology,2016,0,,,docker  ansible  network security  azure  deep learning  spark  git  cloud computing,,seeking a software engineer position to develop high quality  scalable software solutions using modern programming languages and development methodologies
Diya Jain,37,Male,Bachelor's,Information Technology,Bachelor's in Information Technology,Technical University of Munich,2021,1,Quantum Computing Specialist,,cloud computing  solidity  rest apis  react,,looking for an opportunity as a ai ethics officer to leverage my expertise in information technology and make a meaningful impact in the industry
Karan Chen,35,Non-Binary,Master's,Artificial Intelligence,Master's in Artificial Intelligence,University of Cambridge,2025,0,,,tensorflow  docker  natural language processing  kubernetes,TensorFlow Developer Certificate,targeting a machine learning engineer position to utilize my educational background and experience to drive results and achieve career objectives
Rahul Thomas,42,Female,Bachelor's,Robotics,Bachelor's in Robotics,Indian Institute of Science,2025,0,,,graphql  blockchain  docker  java  statistics  cybersecurity  aws,"AWS Certified Solutions Architect, Scrum Master Certified, Cisco Certified Network Associate",targeting a cloud engineer position to contribute to cloud migration projects and build resilient  scalable cloud native applications
Karan Thompson,22,Female,Diploma,Machine Learning,Diploma in Machine Learning,Pune University,2023,0,,,python  kubernetes  scrum  cloud computing  ansible  machine learning,"CompTIA Security+, Google Data Analytics Professional",targeting a mobile applications developer position to utilize my educational background and experience to drive results and achieve career objectives
Arya Taylor,41,Non-Binary,Master's,Machine Learning,"Master's in Machine Learning, Bachelor's in Robotics",University of Toronto,2017,5,Frontend Developer,Cybersecurity Analyst,data analysis  git  rest apis  node js  penetration testing,"TensorFlow Developer Certificate, Scrum Master Certified, Project Management Professional",seeking a challenging role as a frontend developer where i can apply my skills and knowledge to contribute to organizational success and professional growth
Aarav Zhang,26,Male,Bachelor's,Information Technology,Bachelor's in Information Technology,Stanford University,2024,0,,,linux  deep learning  natural language processing  mongodb  tensorflow  microservices  graphql,,targeting a ai ethics officer position to utilize my educational background and experience to drive results and achieve career objectives
Aisha Thompson,45,Female,Master's,Computer Science,Master's in Computer Science,SRM Institute of Science and Technology,2018,6,Software Engineer,,mongodb  solidity  microservices  azure  pytorch  terraform,"TensorFlow Developer Certificate, Oracle Certified Professional",targeting a devops engineer role to work with containerization technologies  configuration management tools  and cloud platforms to optimize software delivery
Aarav Lee,42,Male,Bachelor's,Software Engineering,Bachelor's in Software Engineering,Columbia University,2023,2,Machine Learning Engineer,,graphql  jenkins  terraform  node js  agile  tensorflow,"Certified Kubernetes Administrator, Oracle Certified Professional, Scrum Master Certified",seeking a challenging role as an ai engineer to develop and implement cutting edge artificial intelligence solutions  looking to work on machine learning models  neural networks  and ai driven applications that solve real world business problems
Ethan Jackson,41,Female,PhD,Electrical Engineering,PhD in Electrical Engineering,Mumbai University,2015,4,Blockchain Engineer,Frontend Developer,devops  git  mongodb  aws  network security,AWS Certified Solutions Architect,looking to join a cybersecurity team as an analyst where i can apply my knowledge of network security  threat detection  and incident response to safeguard digital infrastructure
Aisha Smith,30,Male,Master's,Data Science,"Master's in Data Science, Bachelor's in Artificial Intelligence",University of Toronto,2018,0,,,cloud computing  git  rest apis  react  terraform  aws  penetration testing  computer vision,,seeking a challenging role as a mlops specialist where i can apply my skills and knowledge to contribute to organizational success and professional growth
Noah Pillai,44,Female,PhD,Electronics Engineering,PhD in Electronics Engineering,Harvard University,2023,0,,,network security  node js  jenkins  javascript  scrum,,looking for an opportunity as a data scientist to work with large datasets  build predictive models  and communicate findings to stakeholders through compelling visualizations and reports
Amanda Singh,24,Male,Master's,Data Science,Master's in Data Science,Vellore Institute of Technology,2023,1,Cybersecurity Engineer,,blockchain  penetration testing  git  deep learning  java  react,,targeting a cybersecurity engineer position to utilize my educational background and experience to drive results and achieve career objectives
Aarav Pillai,36,Male,Bachelor's,Artificial Intelligence,Bachelor's in Artificial Intelligence,Chennai University,2020,3,Product Manager,,blockchain  ansible  azure  aws  solidity,,seeking a challenging role as a frontend developer where i can apply my skills and knowledge to contribute to organizational success and professional growth
Aryan Sharma,28,Female,Master's,Information Systems,"Master's in Information Systems, Bachelor's in Software Engineering",University of Cambridge,2015,9,Software Developer,UI/UX Designer,python  natural language processing  react  node js,,seeking a challenging role as a software developer where i can apply my skills and knowledge to contribute to organizational success and professional growth
Diya Moore,36,Non-Binary,Bachelor's,Information Technology,Bachelor's in Information Technology,University of Cambridge,2025,0,,,terraform  machine learning  network security  scrum  deep learning  solidity,"Certified Information Systems Security Professional, Google Data Analytics Professional",looking to join a cybersecurity team as an analyst where i can apply my knowledge of network security  threat detection  and incident response to safeguard digital infrastructure
James Wang,38,Non-Binary,Bachelor's,Cybersecurity,Bachelor's in Cybersecurity,Chennai University,2017,0,,,network security  data analysis  sql  machine learning  azure  devops  deep learning  git,Google Cloud Professional,seeking a challenging role as a site reliability engineer where i can apply my skills and knowledge to contribute to organizational success and professional growth
Ashley Thompson,41,Female,Diploma,Computer Science,Diploma in Computer Science,Stanford University,2019,3,AI Ethics Officer,Full-Stack Developer,data analysis  kafka  microservices  git,,looking for an opportunity as a ai ethics officer to leverage my expertise in computer science and make a meaningful impact in the industry
Abhinav Jones,27,Female,Bachelor's,Artificial Intelligence,Bachelor's in Artificial Intelligence,Mumbai University,2019,4,Quantum Computing Specialist,,git  javascript  terraform  scrum,,looking for an opportunity as a quantum computing specialist to leverage my expertise in artificial intelligence and make a meaningful impact in the industry
Amanda Venkatesh,34,Female,Master's,Robotics,Master's in Robotics,University of Toronto,2017,7,Product Manager,AI Engineer,ansible  microservices  statistics  terraform,"Certified Ethical Hacker, Scrum Master Certified, CompTIA Security+",looking for an opportunity as a data scientist to work with large datasets  build predictive models  and communicate findings to stakeholders through compelling visualizations and reports
Christopher Davis,23,Male,Master's,Computer Engineering,Master's in Computer Engineering,University of Toronto,2017,0,,,rest apis  javascript  data analysis  ci cd  jenkins  computer vision  python  aws,"Scrum Master Certified, Project Management Professional",looking for an opportunity as a prompt engineer to leverage my expertise in computer engineering and make a meaningful impact in the industry
Aadhya White,22,Female,Master's,Information Systems,Master's in Information Systems,University of Oxford,2019,1,Software Engineer,,react  kafka  sql  data analysis  linux  node js  solidity,Cisco Certified Network Associate,seeking a software engineer position to develop high quality  scalable software solutions using modern programming languages and development methodologies
Arya Venkatesh,41,Male,Bachelor's,Electronics Engineering,Bachelor's in Electronics Engineering,University of Toronto,2019,0,,,cloud computing  solidity  kafka  linux  javascript,AWS Certified Solutions Architect,looking for an opportunity as a data scientist to work with large datasets  build predictive models  and communicate findings to stakeholders through compelling visualizations and reports
Kavya Liu,22,Non-Binary,Bachelor's,Information Technology,Bachelor's in Information Technology,University of Cambridge,2017,0,,,solidity  aws  cloud computing  node js  natural language processing  machine learning  linux  ci cd,"Google Cloud Professional, Project Management Professional, Certified Ethical Hacker",targeting a cybersecurity analyst role to contribute to the development and maintenance of robust security frameworks  policies  and procedures
Charlotte Anderson,34,Non-Binary,Bachelor's,Computer Engineering,Bachelor's in Computer Engineering,Indian Institute of Technology Bombay,2016,5,Cloud Architect,"MLOps Specialist, Software Developer",kubernetes  ci cd  javascript  statistics,Scrum Master Certified,targeting a cloud architect position to utilize my educational background and experience to drive results and achieve career objectives
Benjamin Brown,33,Non-Binary,High School,Robotics,High School in Robotics,London School of Economics,2020,4,Machine Learning Engineer,,sql  node js  deep learning  cloud computing  graphql  aws  react,"Project Management Professional, Google Data Analytics Professional, CompTIA Security+",looking for an opportunity as a machine learning engineer to leverage my expertise in robotics and make a meaningful impact in the industry
Jackson Zhou,32,Male,Master's,Robotics,Master's in Robotics,Columbia University,2024,1,Cloud Engineer,,solidity  graphql  ci cd  sql  scrum,,seeking a cloud engineer position to design  implement  and maintain scalable cloud infrastructure using aws  azure  or google cloud platform
Kavya Garcia,45,Female,Master's,Electronics Engineering,Master's in Electronics Engineering,Vellore Institute of Technology,2017,0,,,computer vision  statistics  agile  linux  aws  sql  graphql  cloud computing,Scrum Master Certified,seeking a challenging role as a machine learning engineer where i can apply my skills and knowledge to contribute to organizational success and professional growth
Ankit Martin,29,Non-Binary,Master's,Machine Learning,Master's in Machine Learning,Pune University,2021,3,Cloud Engineer,,javascript  blockchain  java  kubernetes  node js,Google Data Analytics Professional,targeting a cloud engineer position to contribute to cloud migration projects and build resilient  scalable cloud native applications
Isabella Jain,31,Female,Master's,Electrical Engineering,Master's in Electrical Engineering,Georgia Institute of Technology,2017,8,Cloud Engineer,,node js  scrum  solidity  graphql,"CompTIA Security+, Certified Ethical Hacker, Cisco Certified Network Associate",targeting a cloud engineer position to contribute to cloud migration projects and build resilient  scalable cloud native applications
Aryan Thomas,42,Non-Binary,Master's,Cybersecurity,"Master's in Cybersecurity, Bachelor's in Information Systems",Christian Medical College,2019,2,Machine Learning Engineer,,cloud computing  kafka  data analysis  mongodb  deep learning,"TensorFlow Developer Certificate, Certified Information Systems Security Professional",seeking a challenging role as a mobile applications developer where i can apply my skills and knowledge to contribute to organizational success and professional growth
Joshua Zhang,27,Female,Master's,Electrical Engineering,"Master's in Electrical Engineering, Bachelor's in Software Engineering",University of Cambridge,2019,6,Cloud Architect,Backend Developer,mongodb  scrum  statistics  kubernetes  aws  jenkins,"TensorFlow Developer Certificate, Oracle Certified Professional",looking for an opportunity as a cloud architect to leverage my expertise in electrical engineering and make a meaningful impact in the industry
Arya Agarwal,27,Non-Binary,PhD,Software Engineering,PhD in Software Engineering,Christian Medical College,2022,3,AI Engineer,,javascript  terraform  kafka  pytorch  python  network security  java  ci cd,Cisco Certified Network Associate,targeting an ai engineer position to contribute to the development of intelligent systems using python  tensorflow  and pytorch  eager to work on large scale ai projects in a collaborative environment
Matthew Jain,35,Female,Master's,Information Technology,Master's in Information Technology,University of Pennsylvania,2025,0,,,aws  scrum  sql  deep learning  node js  linux,Google Data Analytics Professional,targeting a machine learning engineer position to utilize my educational background and experience to drive results and achieve career objectives
Andrew Patel,43,Non-Binary,Bachelor's,Computer Science,Bachelor's in Computer Science,Indian Institute of Technology Delhi,2018,0,,,devops  linux  pytorch  ansible,,looking for an opportunity as a site reliability engineer to leverage my expertise in computer science and make a meaningful impact in the industry
Sophia Chen,27,Female,Master's,Machine Learning,Master's in Machine Learning,Birla Institute of Technology,2015,4,DevOps Engineer,"Software Developer, Product Manager",statistics  azure  pytorch  sql  devops  machine learning  python,"Google Cloud Professional, TensorFlow Developer Certificate, Google Data Analytics Professional",targeting a devops engineer role to work with containerization technologies  configuration management tools  and cloud platforms to optimize software delivery
Benjamin Reddy,37,Non-Binary,Diploma,Computer Engineering,Diploma in Computer Engineering,Carnegie Mellon University,2019,3,Product Manager,Cloud Engineer,network security  spark  rest apis  scrum  terraform  penetration testing,"Google Cloud Professional, Certified Kubernetes Administrator",seeking a product manager position to drive product strategy  define roadmaps  and collaborate with engineering and design teams to deliver successful products
Evelyn Wilson,42,Male,Bachelor's,Artificial Intelligence,Bachelor's in Artificial Intelligence,University of Cambridge,2019,6,Data Scientist,"Blockchain Engineer, Backend Developer",penetration testing  network security  spark  graphql  natural language processing,,looking for an opportunity as a frontend developer to leverage my expertise in artificial intelligence and make a meaningful impact in the industry
Michael Moore,35,Female,Bachelor's,Computer Science,Bachelor's in Computer Science,Manipal Institute of Technology,2025,0,,,deep learning  agile  javascript  git  solidity  graphql  spark,Google Data Analytics Professional,targeting a blockchain engineer position to utilize my educational background and experience to drive results and achieve career objectives
Karan Anderson,25,Non-Binary,Master's,Robotics,Master's in Robotics,All India Institute of Medical Sciences,2018,2,Prompt Engineer,,sql  agile  scrum  ansible  node js  react  machine learning,"Google Data Analytics Professional, Certified Kubernetes Administrator",aspiring to join a dynamic team as an ai engineer where i can leverage my expertise in deep learning  natural language processing  and computer vision to build innovative ai products and services
Noah Pillai,44,Male,PhD,Computer Science,"PhD in Computer Science, Bachelor's in Robotics",Amity University,2015,1,Full-Stack Developer,,mongodb  cloud computing  rest apis  network security  javascript  kubernetes  statistics  git,,targeting an ai engineer position to contribute to the development of intelligent systems using python  tensorflow  and pytorch  eager to work on large scale ai projects in a collaborative environment
Amelia Bansal,44,Female,PhD,Information Technology,PhD in Information Technology,Indian Institute of Technology Bombay,2019,1,Cybersecurity Analyst,,graphql  java  python  terraform  docker  mongodb  rest apis  pytorch,"Oracle Certified Professional, Certified Information Systems Security Professional",targeting a cybersecurity analyst role to contribute to the development and maintenance of robust security frameworks  policies  and procedures
Meera Reddy,33,Female,Bachelor's,Data Science,Bachelor's in Data Science,University of California Berkeley,2022,0,,,data analysis  penetration testing  statistics  terraform  cloud computing  natural language processing  microservices  java,"CompTIA Security+, Certified Ethical Hacker, Certified Information Systems Security Professional",looking for an opportunity as a site reliability engineer to leverage my expertise in data science and make a meaningful impact in the industry
Andrew Jones,35,Female,Master's,Information Technology,"Master's in Information Technology, Bachelor's in Electrical Engineering",Columbia University,2023,2,Data Scientist,,agile  docker  sql  mongodb  kubernetes  machine learning,"Scrum Master Certified, Certified Kubernetes Administrator, Google Cloud Professional",looking for an opportunity as a cybersecurity engineer to leverage my expertise in information technology and make a meaningful impact in the industry
Ava Martin,30,Non-Binary,Bachelor's,Software Engineering,Bachelor's in Software Engineering,Delhi University,2022,0,,,jenkins  graphql  python  data analysis  machine learning  network security,"Certified Information Systems Security Professional, Project Management Professional, Certified Kubernetes Administrator",seeking a data scientist role to apply statistical analysis  machine learning  and data visualization techniques to extract meaningful insights from complex datasets and drive data driven decision making
Harper Wang,23,Female,Bachelor's,Computer Science,Bachelor's in Computer Science,Yale University,2017,8,DevOps Engineer,,aws  kubernetes  pytorch  solidity  spark  javascript  blockchain  network security,Project Management Professional,looking for a devops engineer position where i can streamline software deployment processes  improve system reliability  and foster a culture of continuous integration and delivery
Ankit Jackson,30,Non-Binary,PhD,Electronics Engineering,"PhD in Electronics Engineering, Bachelor's in Cybersecurity",Georgia Institute of Technology,2017,7,Blockchain Engineer,"DevOps Engineer, Machine Learning Engineer, AI Ethics Officer",linux  ci cd  jenkins  kubernetes  docker  statistics  machine learning  kafka,"TensorFlow Developer Certificate, Oracle Certified Professional",seeking a challenging role as a blockchain engineer where i can apply my skills and knowledge to contribute to organizational success and professional growth
Aadhya Martinez,43,Male,Bachelor's,Information Technology,Bachelor's in Information Technology,Indian Institute of Technology Delhi,2018,6,Quantum Computing Specialist,"Big Data Engineer, Cloud Architect",agile  mongodb  react  cybersecurity  kubernetes  node js  scrum,Certified Information Systems Security Professional,looking for an opportunity as a quantum computing specialist to leverage my expertise in information technology and make a meaningful impact in the industry
Ava Pillai,38,Non-Binary,Master's,Information Technology,"Master's in Information Technology, Bachelor's in Information Systems",Pune University,2020,4,Software Developer,"Cloud Architect, Backend Developer",mongodb  machine learning  data analysis  tensorflow  computer vision,,looking for an opportunity as a software developer to leverage my expertise in information technology and make a meaningful impact in the industry
Noah Smith,21,Male,Certificate,Information Technology,Certificate in Information Technology,Stanford University,2017,7,Cloud Architect,"Prompt Engineer, UI/UX Designer, MLOps Specialist",docker  kubernetes  penetration testing  python  linux,,seeking a challenging role as a cloud architect where i can apply my skills and knowledge to contribute to organizational success and professional growth
Jackson Pillai,33,Female,Master's,Robotics,Master's in Robotics,University of Washington,2021,3,AI Ethics Officer,Backend Developer,git  devops  linux  kafka  sql  machine learning,Project Management Professional,seeking a challenging role as a ai ethics officer where i can apply my skills and knowledge to contribute to organizational success and professional growth
Rohan Jackson,41,Female,Bachelor's,Cybersecurity,Bachelor's in Cybersecurity,Indian Institute of Technology Delhi,2018,3,Mobile Applications Developer,Prompt Engineer,blockchain  machine learning  ansible  pytorch  microservices  ci cd,CompTIA Security+,seeking a challenging role as a mobile applications developer where i can apply my skills and knowledge to contribute to organizational success and professional growth
Charlotte Miller,37,Male,Master's,Computer Science,Master's in Computer Science,Columbia University,2024,1,Cybersecurity Engineer,,penetration testing  rest apis  javascript  computer vision  data analysis  react,,targeting a cybersecurity engineer position to utilize my educational background and experience to drive results and achieve career objectives
David Wu,38,Male,High School,Computer Science,High School in Computer Science,London School of Economics,2025,0,,,tensorflow  azure  sql  graphql  aws,,looking for an opportunity as a cloud architect to leverage my expertise in computer science and make a meaningful impact in the industry
Ananya Menon,29,Male,Master's,Robotics,"Master's in Robotics, Bachelor's in Information Systems",University of Washington,2019,0,,,linux  kubernetes  ci cd  devops  python  rest apis,"Project Management Professional, Oracle Certified Professional, AWS Certified Solutions Architect",aspiring to join a dynamic team as an ai engineer where i can leverage my expertise in deep learning  natural language processing  and computer vision to build innovative ai products and services
Abhinav Davis,40,Male,Master's,Artificial Intelligence,Master's in Artificial Intelligence,Harvard University,2024,0,,,git  data analysis  ansible  scrum,,seeking a devops engineer role to bridge development and operations teams by implementing ci cd pipelines  infrastructure automation  and monitoring solutions
Akash Johnson,44,Male,Bachelor's,Electrical Engineering,Bachelor's in Electrical Engineering,Technical University of Munich,2025,0,,,kubernetes  python  machine learning  ci cd,"Google Cloud Professional, CompTIA Security+, Certified Kubernetes Administrator",seeking a challenging role as a cybersecurity engineer where i can apply my skills and knowledge to contribute to organizational success and professional growth
Joshua Wu,44,Male,Bachelor's,Artificial Intelligence,Bachelor's in Artificial Intelligence,Vellore Institute of Technology,2017,4,Frontend Developer,Cybersecurity Analyst,tensorflow  data analysis  azure  linux  graphql  deep learning,Cisco Certified Network Associate,looking for an opportunity as a frontend developer to leverage my expertise in artificial intelligence and make a meaningful impact in the industry
Benjamin Srinivasan,32,Female,Master's,Information Systems,Master's in Information Systems,University of Cambridge,2018,4,Mobile Applications Developer,,javascript  kafka  microservices  docker  terraform,CompTIA Security+,looking for an opportunity as a mobile applications developer to leverage my expertise in information systems and make a meaningful impact in the industry
Noah White,29,Male,PhD,Information Systems,PhD in Information Systems,Indian Institute of Science,2020,5,Backend Developer,,penetration testing  azure  cybersecurity  kafka  linux,"Scrum Master Certified, Certified Ethical Hacker",seeking a challenging role as a backend developer where i can apply my skills and knowledge to contribute to organizational success and professional growth
Michael Reddy,31,Female,Master's,Information Technology,Master's in Information Technology,Christian Medical College,2021,1,DevOps Engineer,,git  kubernetes  cybersecurity  terraform  tensorflow  java,"Oracle Certified Professional, Scrum Master Certified, TensorFlow Developer Certificate",looking for a devops engineer position where i can streamline software deployment processes  improve system reliability  and foster a culture of continuous integration and delivery
Diya Anderson,36,Non-Binary,Bachelor's,Computer Science,Bachelor's in Computer Science,Vellore Institute of Technology,2024,0,,,mongodb  graphql  blockchain  data analysis  rest apis  java  kubernetes  cloud computing,"Scrum Master Certified, CompTIA Security+",targeting a product manager position to lead cross functional teams in building products that meet customer needs and achieve business objectives
Emily Kumar,23,Female,Master's,Software Engineering,"Master's in Software Engineering, Bachelor's in Data Science",Christian Medical College,2016,2,Big Data Engineer,,rest apis  kubernetes  cybersecurity  python  docker  pytorch  tensorflow,"Cisco Certified Network Associate, Google Cloud Professional",looking for an opportunity as a big data engineer to leverage my expertise in software engineering and make a meaningful impact in the industry
Aadhya Reddy,26,Female,Bachelor's,Information Systems,Bachelor's in Information Systems,Georgia Institute of Technology,2021,2,Site Reliability Engineer,,machine learning  penetration testing  microservices  cybersecurity  natural language processing  mongodb  jenkins,Certified Information Systems Security Professional,targeting a backend developer position to utilize my educational background and experience to drive results and achieve career objectives
Amelia Menon,23,Female,Master's,Robotics,Master's in Robotics,Indian Institute of Technology Delhi,2024,1,Cybersecurity Engineer,,deep learning  spark  tensorflow  natural language processing,"Certified Information Systems Security Professional, Oracle Certified Professional",seeking a challenging role as a software developer where i can apply my skills and knowledge to contribute to organizational success and professional growth
Arjun Rao,27,Male,Bachelor's,Artificial Intelligence,Bachelor's in Artificial Intelligence,University of Toronto,2021,3,Cybersecurity Analyst,,microservices  tensorflow  blockchain  docker  statistics  git,"Project Management Professional, TensorFlow Developer Certificate, AWS Certified Solutions Architect",looking to join a cybersecurity team as an analyst where i can apply my knowledge of network security  threat detection  and incident response to safeguard digital infrastructure
Akash Taylor,42,Non-Binary,Bachelor's,Artificial Intelligence,Bachelor's in Artificial Intelligence,All India Institute of Medical Sciences,2021,2,AI Engineer,,linux  azure  jenkins  cloud computing  microservices,"AWS Certified Solutions Architect, TensorFlow Developer Certificate, Project Management Professional",targeting an ai engineer position to contribute to the development of intelligent systems using python  tensorflow  and pytorch  eager to work on large scale ai projects in a collaborative environment
Sarah Jain,40,Female,Master's,Machine Learning,"Master's in Machine Learning, Bachelor's in Cybersecurity",University of Toronto,2018,7,Frontend Developer,"UI/UX Designer, Data Scientist, Cloud Engineer",terraform  ci cd  aws  tensorflow  blockchain  microservices,,looking for an opportunity as a frontend developer to leverage my expertise in machine learning and make a meaningful impact in the industry
Evelyn Thomas,22,Non-Binary,Master's,Computer Engineering,Master's in Computer Engineering,Technical University of Munich,2025,0,,,statistics  java  terraform  data analysis  tensorflow  spark,"Certified Ethical Hacker, AWS Certified Solutions Architect",seeking a challenging role as a site reliability engineer where i can apply my skills and knowledge to contribute to organizational success and professional growth
Benjamin Zhang,22,Non-Binary,Master's,Data Science,Master's in Data Science,Amity University,2023,0,,,terraform  mongodb  azure  docker,"Certified Ethical Hacker, Cisco Certified Network Associate, Certified Information Systems Security Professional",seeking a devops engineer role to bridge development and operations teams by implementing ci cd pipelines  infrastructure automation  and monitoring solutions
James Thomas,22,Male,Master's,Robotics,Master's in Robotics,University of Toronto,2025,0,,,microservices  cloud computing  sql  agile,"Certified Ethical Hacker, Oracle Certified Professional",seeking a challenging role as a cybersecurity engineer where i can apply my skills and knowledge to contribute to organizational success and professional growth
Harper Jain,27,Non-Binary,Bachelor's,Computer Engineering,Bachelor's in Computer Engineering,Indian Institute of Science,2024,0,,,terraform  natural language processing  react  ci cd  penetration testing  machine learning  blockchain  data analysis,Cisco Certified Network Associate,targeting a cloud architect position to utilize my educational background and experience to drive results and achieve career objectives
Isabella Davis,21,Female,Bachelor's,Artificial Intelligence,Bachelor's in Artificial Intelligence,Indian Institute of Technology Bombay,2020,4,Backend Developer,"Cloud Architect, Mobile Applications Developer",data analysis  cybersecurity  spark  linux  mongodb,Certified Kubernetes Administrator,targeting a backend developer position to utilize my educational background and experience to drive results and achieve career objectives
Michael Lee,40,Female,Master's,Machine Learning,Master's in Machine Learning,Yale University,2018,2,Quantum Computing Specialist,,agile  linux  scrum  solidity,TensorFlow Developer Certificate,looking for an opportunity as a quantum computing specialist to leverage my expertise in machine learning and make a meaningful impact in the industry
Amelia Singh,42,Non-Binary,Diploma,Electronics Engineering,Diploma in Electronics Engineering,University of Washington,2024,1,AI Ethics Officer,,scrum  sql  machine learning  devops  ci cd  git  statistics  linux,"Project Management Professional, TensorFlow Developer Certificate, AWS Certified Solutions Architect",looking for an opportunity as a ai ethics officer to leverage my expertise in electronics engineering and make a meaningful impact in the industry
Samantha Verma,45,Female,Master's,Machine Learning,Master's in Machine Learning,Birla Institute of Technology,2017,6,Product Manager,"Software Engineer, Site Reliability Engineer",terraform  azure  microservices  aws  mongodb  rest apis  machine learning,Google Cloud Professional,targeting a product manager position to lead cross functional teams in building products that meet customer needs and achieve business objectives
Lucas Wilson,45,Female,Master's,Electronics Engineering,Master's in Electronics Engineering,London School of Economics,2017,2,Backend Developer,,cloud computing  terraform  kafka  rest apis  deep learning  ansible,"Oracle Certified Professional, TensorFlow Developer Certificate, Cisco Certified Network Associate",seeking a challenging role as a backend developer where i can apply my skills and knowledge to contribute to organizational success and professional growth
Kavya Anderson,45,Female,Master's,Electronics Engineering,Master's in Electronics Engineering,Harvard University,2024,1,Prompt Engineer,,kafka  graphql  spark  jenkins  pytorch  java  deep learning,Scrum Master Certified,targeting a cloud engineer position to contribute to cloud migration projects and build resilient  scalable cloud native applications
Jackson Smith,39,Non-Binary,Master's,Information Technology,Master's in Information Technology,Amity University,2017,3,Big Data Engineer,Cybersecurity Analyst,spark  microservices  ansible  cloud computing,Microsoft Azure Fundamentals,seeking a challenging role as a big data engineer where i can apply my skills and knowledge to contribute to organizational success and professional growth
Noah Krishnan,35,Female,Bachelor's,Electrical Engineering,Bachelor's in Electrical Engineering,University of Pennsylvania,2016,0,,,tensorflow  cybersecurity  cloud computing  aws  spark,"Microsoft Azure Fundamentals, Certified Kubernetes Administrator",seeking a challenging role as a mobile applications developer where i can apply my skills and knowledge to contribute to organizational success and professional growth
Christopher Chen,34,Non-Binary,Certificate,Artificial Intelligence,Certificate in Artificial Intelligence,University of Cambridge,2021,0,,,computer vision  terraform  aws  kafka  java  solidity  penetration testing,,looking to join a cybersecurity team as an analyst where i can apply my knowledge of network security  threat detection  and incident response to safeguard digital infrastructure
Amelia Liu,37,Non-Binary,Master's,Artificial Intelligence,Master's in Artificial Intelligence,Mumbai University,2017,7,Cloud Engineer,,docker  computer vision  kafka  aws,Certified Information Systems Security Professional,looking for a cloud engineer role where i can architect cloud solutions  automate deployments  and optimize cloud resources for performance and cost efficiency
David Wang,23,Female,PhD,Machine Learning,PhD in Machine Learning,University of Washington,2023,0,,,agile  statistics  solidity  spark  jenkins  computer vision,"Scrum Master Certified, AWS Certified Solutions Architect",looking for a product manager role where i can leverage market research  user feedback  and data analysis to guide product development decisions
Meera Thomas,43,Female,Bachelor's,Robotics,Bachelor's in Robotics,Indian Institute of Technology Bombay,2018,2,DevOps Engineer,,git  penetration testing  solidity  statistics  docker  azure  terraform  ansible,"Cisco Certified Network Associate, Project Management Professional, Certified Kubernetes Administrator",looking for a devops engineer position where i can streamline software deployment processes  improve system reliability  and foster a culture of continuous integration and delivery
Charlotte Zhang,37,Non-Binary,PhD,Information Systems,PhD in Information Systems,Columbia University,2017,6,Full-Stack Developer,,kubernetes  scrum  docker  cloud computing  linux  devops  ci cd,"TensorFlow Developer Certificate, Project Management Professional, Microsoft Azure Fundamentals",looking for an opportunity as a full stack developer to leverage my expertise in information systems and make a meaningful impact in the industry
Sophia Martinez,27,Male,Bachelor's,Electrical Engineering,Bachelor's in Electrical Engineering,Vellore Institute of Technology,2020,3,Cloud Engineer,MLOps Specialist,scrum  network security  cybersecurity  jenkins  python,CompTIA Security+,seeking a cloud engineer position to design  implement  and maintain scalable cloud infrastructure using aws  azure  or google cloud platform
Lucas Pillai,38,Non-Binary,Master's,Information Technology,Master's in Information Technology,Birla Institute of Technology,2015,4,Data Scientist,,jenkins  devops  natural language processing  spark  computer vision  tensorflow  ansible,CompTIA Security+,targeting a data scientist position where i can utilize my expertise in python  r  sql  and machine learning algorithms to solve business challenges through data analysis and predictive modeling
Olivia Zhang,23,Male,Master's,Computer Science,Master's in Computer Science,Massachusetts Institute of Technology,2018,7,Software Engineer,Cloud Engineer,natural language processing  kafka  penetration testing  cybersecurity  mongodb,,targeting a software engineer position to work on challenging technical problems and build innovative applications that deliver value to users
Aryan Brown,40,Female,Bachelor's,Computer Science,Bachelor's in Computer Science,Birla Institute of Technology,2020,4,Software Developer,"UI/UX Designer, Blockchain Engineer",aws  solidity  pytorch  cybersecurity  python  computer vision  graphql,"TensorFlow Developer Certificate, Project Management Professional",targeting a software developer position to utilize my educational background and experience to drive results and achieve career objectives
Jackson Anderson,29,Non-Binary,Master's,Computer Engineering,Master's in Computer Engineering,Technical University of Munich,2016,7,Cybersecurity Engineer,Software Engineer,aws  tensorflow  network security  python  linux  cloud computing  penetration testing,"Microsoft Azure Fundamentals, Oracle Certified Professional, Google Cloud Professional",seeking a challenging role as a cybersecurity engineer where i can apply my skills and knowledge to contribute to organizational success and professional growth
Samantha Jones,27,Female,Master's,Cybersecurity,Master's in Cybersecurity,National Institute of Technology Trichy,2020,3,MLOps Specialist,Blockchain Engineer,mongodb  git  machine learning  docker  linux  kubernetes  pytorch,"Oracle Certified Professional, Microsoft Azure Fundamentals, CompTIA Security+",seeking a challenging role as a mlops specialist where i can apply my skills and knowledge to contribute to organizational success and professional growth
Ava Reddy,30,Female,Bachelor's,Cybersecurity,Bachelor's in Cybersecurity,Georgia Institute of Technology,2022,0,,,solidity  git  blockchain  rest apis  graphql  python,"AWS Certified Solutions Architect, Certified Ethical Hacker, Certified Information Systems Security Professional",targeting a big data engineer position to utilize my educational background and experience to drive results and achieve career objectives
Olivia Brown,42,Non-Binary,Bachelor's,Cybersecurity,Bachelor's in Cybersecurity,Amity University,2017,7,Software Developer,"Data Scientist, Backend Developer, Full-Stack Developer",blockchain  microservices  linux  ansible  pytorch  machine learning,"Cisco Certified Network Associate, Google Cloud Professional, CompTIA Security+",targeting an ai engineer position to contribute to the development of intelligent systems using python  tensorflow  and pytorch  eager to work on large scale ai projects in a collaborative environment
Matthew Rao,28,Female,Certificate,Electrical Engineering,Certificate in Electrical Engineering,Carnegie Mellon University,2022,0,,,mongodb  react  agile  data analysis,"TensorFlow Developer Certificate, Cisco Certified Network Associate",targeting a full stack developer position to utilize my educational background and experience to drive results and achieve career objectives
Aisha Wilson,45,Non-Binary,Bachelor's,Software Engineering,Bachelor's in Software Engineering,University of Cambridge,2015,0,,,git  jenkins  pytorch  ansible  sql  solidity  natural language processing  linux,"Google Data Analytics Professional, Oracle Certified Professional",seeking a challenging role as a machine learning engineer where i can apply my skills and knowledge to contribute to organizational success and professional growth
Ashley Liu,44,Female,Diploma,Cybersecurity,Diploma in Cybersecurity,University of Toronto,2019,0,,,tensorflow  linux  cybersecurity  deep learning  ci cd,"Certified Kubernetes Administrator, Project Management Professional",seeking a challenging role as a mobile applications developer where i can apply my skills and knowledge to contribute to organizational success and professional growth
Ankit Kim,34,Female,Bachelor's,Machine Learning,Bachelor's in Machine Learning,Massachusetts Institute of Technology,2016,8,Quantum Computing Specialist,MLOps Specialist,react  cloud computing  ci cd  java  blockchain  javascript  kafka  linux,"Cisco Certified Network Associate, Scrum Master Certified, Certified Information Systems Security Professional",seeking a data scientist role to apply statistical analysis  machine learning  and data visualization techniques to extract meaningful insights from complex datasets and drive data driven decision making
Meera White,40,Non-Binary,Certificate,Information Technology,Certificate in Information Technology,Christian Medical College,2015,4,Backend Developer,AI Engineer,data analysis  cybersecurity  solidity  docker  agile  node js  tensorflow,"TensorFlow Developer Certificate, Google Data Analytics Professional",seeking a challenging role as a backend developer where i can apply my skills and knowledge to contribute to organizational success and professional growth
Sophia Wilson,34,Male,Bachelor's,Data Science,Bachelor's in Data Science,Technical University of Munich,2017,0,,,terraform  cybersecurity  pytorch  scrum  docker  jenkins,Certified Kubernetes Administrator,targeting a software developer position to utilize my educational background and experience to drive results and achieve career objectives
Diya Singh,45,Male,Master's,Information Technology,Master's in Information Technology,Indian Institute of Technology Bombay,2017,7,Prompt Engineer,"AI Engineer, Mobile Applications Developer, Software Engineer",deep learning  machine learning  pytorch  git  kubernetes  blockchain,"Certified Kubernetes Administrator, Oracle Certified Professional",looking for an opportunity as a prompt engineer to leverage my expertise in information technology and make a meaningful impact in the industry
Aditi Thompson,35,Female,Bachelor's,Artificial Intelligence,Bachelor's in Artificial Intelligence,National Institute of Technology Trichy,2018,0,,,sql  tensorflow  cloud computing  kafka,,looking for an opportunity as a software developer to leverage my expertise in artificial intelligence and make a meaningful impact in the industry
Joshua Subramanian,32,Non-Binary,Certificate,Artificial Intelligence,Certificate in Artificial Intelligence,University of Pennsylvania,2015,0,,,sql  cloud computing  ci cd  penetration testing  computer vision,,looking for a software engineer role where i can contribute to full stack development  write clean and maintainable code  and collaborate with cross functional teams
Amelia Agarwal,32,Female,PhD,Information Technology,PhD in Information Technology,Birla Institute of Technology,2024,0,,,deep learning  sql  microservices  penetration testing  java  data analysis,"AWS Certified Solutions Architect, Microsoft Azure Fundamentals",targeting a site reliability engineer position to utilize my educational background and experience to drive results and achieve career objectives
Arya Bansal,43,Female,Master's,Computer Science,Master's in Computer Science,Birla Institute of Technology,2020,0,,,statistics  ci cd  graphql  kubernetes  tensorflow,Google Data Analytics Professional,seeking a challenging role as a cloud architect where i can apply my skills and knowledge to contribute to organizational success and professional growth
Aarav Rao,27,Female,Bachelor's,Cybersecurity,Bachelor's in Cybersecurity,National Institute of Technology Trichy,2017,0,,,linux  java  kafka  agile  jenkins  penetration testing  javascript  docker,"AWS Certified Solutions Architect, Google Data Analytics Professional, Certified Ethical Hacker",looking for an opportunity as a blockchain engineer to leverage my expertise in cybersecurity and make a meaningful impact in the industry
Sophia Gupta,34,Male,Bachelor's,Machine Learning,Bachelor's in Machine Learning,Chennai University,2024,0,,,terraform  solidity  azure  python  git  penetration testing  devops,"Microsoft Azure Fundamentals, Certified Information Systems Security Professional",looking for an opportunity as a mobile applications developer to leverage my expertise in machine learning and make a meaningful impact in the industry
Rahul Yang,39,Male,Bachelor's,Information Systems,Bachelor's in Information Systems,Amity University,2018,4,Machine Learning Engineer,Backend Developer,deep learning  sql  mongodb  rest apis  statistics,,targeting a machine learning engineer position to utilize my educational background and experience to drive results and achieve career objectives
Vikram Iyer,39,Female,Master's,Software Engineering,"Master's in Software Engineering, Bachelor's in Computer Science",Amity University,2017,0,,,ci cd  docker  javascript  microservices  react  pytorch  tensorflow,,targeting a prompt engineer position to utilize my educational background and experience to drive results and achieve career objectives
Priya Reddy,32,Male,Master's,Electrical Engineering,"Master's in Electrical Engineering, Bachelor's in Machine Learning",University of Pennsylvania,2025,0,,,machine learning  cybersecurity  computer vision  terraform  solidity  aws  data analysis,"Certified Information Systems Security Professional, Microsoft Azure Fundamentals",looking for an opportunity as a full stack developer to leverage my expertise in electrical engineering and make a meaningful impact in the industry
Samantha Iyer,29,Male,Master's,Artificial Intelligence,Master's in Artificial Intelligence,Georgia Institute of Technology,2020,3,Cybersecurity Engineer,,terraform  azure  mongodb  deep learning,"Google Cloud Professional, Oracle Certified Professional, Google Data Analytics Professional",targeting a cybersecurity engineer position to utilize my educational background and experience to drive results and achieve career objectives
Liam Moore,37,Male,Bachelor's,Electronics Engineering,Bachelor's in Electronics Engineering,Stanford University,2023,0,,,pytorch  scrum  devops  spark,Scrum Master Certified,targeting a product manager position to lead cross functional teams in building products that meet customer needs and achieve business objectives
Vikram Smith,32,Male,Bachelor's,Software Engineering,Bachelor's in Software Engineering,Armed Forces Medical College,2022,1,UI/UX Designer,,deep learning  docker  terraform  blockchain  pytorch  data analysis  react  rest apis,"Certified Ethical Hacker, Google Data Analytics Professional",seeking a challenging role as a cybersecurity engineer where i can apply my skills and knowledge to contribute to organizational success and professional growth
Aisha Miller,43,Non-Binary,Master's,Data Science,Master's in Data Science,Vellore Institute of Technology,2018,1,Cloud Architect,,node js  react  graphql  azure  docker  penetration testing  kubernetes  natural language processing,"Oracle Certified Professional, Microsoft Azure Fundamentals, Project Management Professional",looking for an opportunity as a cloud architect to leverage my expertise in data science and make a meaningful impact in the industry
Arjun Moore,24,Non-Binary,Master's,Electronics Engineering,Master's in Electronics Engineering,University of California Berkeley,2025,0,,,solidity  docker  data analysis  linux  python,,seeking a challenging role as a machine learning engineer where i can apply my skills and knowledge to contribute to organizational success and professional growth
Jessica Thompson,30,Male,Master's,Electrical Engineering,Master's in Electrical Engineering,National Institute of Technology Trichy,2022,1,Mobile Applications Developer,,node js  agile  data analysis  javascript  microservices,"Google Cloud Professional, Project Management Professional",seeking a challenging role as a mobile applications developer where i can apply my skills and knowledge to contribute to organizational success and professional growth
Amanda Subramanian,40,Female,Bachelor's,Electronics Engineering,Bachelor's in Electronics Engineering,University of Toronto,2020,0,,,graphql  react  mongodb  data analysis  ansible  computer vision  cloud computing,"Certified Ethical Hacker, Project Management Professional",seeking a challenging role as a ai ethics officer where i can apply my skills and knowledge to contribute to organizational success and professional growth
Matthew Rao,28,Non-Binary,Master's,Electrical Engineering,Master's in Electrical Engineering,University of California Berkeley,2024,0,,,mongodb  network security  ansible  microservices  devops  jenkins,,seeking a challenging role as a site reliability engineer where i can apply my skills and knowledge to contribute to organizational success and professional growth
Charlotte Srinivasan,42,Non-Binary,PhD,Artificial Intelligence,PhD in Artificial Intelligence,Christian Medical College,2025,0,,,scrum  solidity  cybersecurity  jenkins,,seeking a challenging role as a full stack developer where i can apply my skills and knowledge to contribute to organizational success and professional growth
Meera Johnson,21,Non-Binary,PhD,Information Technology,PhD in Information Technology,University of Toronto,2017,8,UI/UX Designer,"Big Data Engineer, DevOps Engineer, AI Ethics Officer",java  cybersecurity  computer vision  scrum  ansible  terraform  natural language processing,"TensorFlow Developer Certificate, AWS Certified Solutions Architect",seeking a ui ux designer role to create intuitive and engaging user experiences through user research  wireframing  prototyping  and visual design
Emily Taylor,40,Non-Binary,Master's,Data Science,Master's in Data Science,London School of Economics,2020,1,Prompt Engineer,,mongodb  sql  rest apis  linux  network security  tensorflow,"Certified Kubernetes Administrator, Cisco Certified Network Associate, TensorFlow Developer Certificate",seeking a challenging role as a prompt engineer where i can apply my skills and knowledge to contribute to organizational success and professional growth
Olivia Srinivasan,30,Non-Binary,Master's,Information Systems,Master's in Information Systems,Bangalore University,2021,0,,,terraform  tensorflow  rest apis  node js  pytorch  sql  devops  jenkins,"Microsoft Azure Fundamentals, CompTIA Security+",looking for a ui ux designer position where i can combine creativity with analytical thinking to design user centered interfaces that solve real problems
Ananya Yang,30,Non-Binary,Master's,Information Technology,"Master's in Information Technology, Bachelor's in Robotics",SRM Institute of Science and Technology,2018,7,Prompt Engineer,Machine Learning Engineer,solidity  javascript  natural language processing  ansible  docker,"AWS Certified Solutions Architect, TensorFlow Developer Certificate",seeking a challenging role as a prompt engineer where i can apply my skills and knowledge to contribute to organizational success and professional growth
Isabella Garcia,21,Non-Binary,Master's,Machine Learning,Master's in Machine Learning,University of Toronto,2021,1,Site Reliability Engineer,,ansible  jenkins  pytorch  graphql  tensorflow  devops  rest apis  microservices,"CompTIA Security+, Certified Information Systems Security Professional",looking for an opportunity as a site reliability engineer to leverage my expertise in machine learning and make a meaningful impact in the industry
Aisha Wang,25,Female,PhD,Robotics,PhD in Robotics,SRM Institute of Science and Technology,2022,0,,,kafka  azure  mongodb  cloud computing  penetration testing  linux  jenkins  deep learning,"CompTIA Security+, Oracle Certified Professional",looking for a product manager role where i can leverage market research  user feedback  and data analysis to guide product development decisions
Karan Thompson,36,Non-Binary,Bachelor's,Software Engineering,Bachelor's in Software Engineering,University of Oxford,2024,0,,,solidity  ansible  react  scrum  penetration testing  docker  node js  kafka,,targeting an ai engineer position to contribute to the development of intelligent systems using python  tensorflow  and pytorch  eager to work on large scale ai projects in a collaborative environment
Diya Rao,34,Non-Binary,Master's,Software Engineering,Master's in Software Engineering,Indian Institute of Technology Delhi,2024,0,,,solidity  git  terraform  agile  deep learning,"Microsoft Azure Fundamentals, Google Data Analytics Professional, Project Management Professional",looking for an opportunity as a full stack developer to leverage my expertise in software engineering and make a meaningful impact in the industry
Aryan Jain,45,Male,Master's,Information Systems,"Master's in Information Systems, Bachelor's in Artificial Intelligence",Pune University,2021,3,Site Reliability Engineer,DevOps Engineer,pytorch  natural language processing  spark  tensorflow  java,"CompTIA Security+, Google Cloud Professional, Certified Information Systems Security Professional",seeking a challenging role as a site reliability engineer where i can apply my skills and knowledge to contribute to organizational success and professional growth
Mason Taylor,26,Non-Binary,Bachelor's,Computer Engineering,Bachelor's in Computer Engineering,Harvard University,2020,0,,,tensorflow  computer vision  rest apis  pytorch,Certified Information Systems Security Professional,targeting a ai ethics officer position to utilize my educational background and experience to drive results and achieve career objectives
Ava Verma,40,Male,Certificate,Computer Science,Certificate in Computer Science,Indian Institute of Technology Bombay,2024,0,,,mongodb  kubernetes  python  devops  jenkins  terraform,"Certified Ethical Hacker, Cisco Certified Network Associate",seeking a challenging role as a backend developer where i can apply my skills and knowledge to contribute to organizational success and professional growth
Olivia Lee,40,Female,Bachelor's,Data Science,Bachelor's in Data Science,Birla Institute of Technology,2023,0,,,docker  spark  ci cd  jenkins,TensorFlow Developer Certificate,looking for an opportunity as a big data engineer to leverage my expertise in data science and make a meaningful impact in the industry
Aarav Venkatesh,22,Non-Binary,PhD,Information Technology,PhD in Information Technology,Mumbai University,2022,3,Cloud Engineer,,mongodb  scrum  tensorflow  devops  kubernetes  spark,"Certified Kubernetes Administrator, Scrum Master Certified, Microsoft Azure Fundamentals",looking for a ui ux designer position where i can combine creativity with analytical thinking to design user centered interfaces that solve real problems
Jackson Thomas,25,Male,Diploma,Machine Learning,Diploma in Machine Learning,All India Institute of Medical Sciences,2023,1,Software Engineer,,javascript  scrum  react  penetration testing  mongodb  devops  sql,"Google Data Analytics Professional, Scrum Master Certified",looking for a software engineer role where i can contribute to full stack development  write clean and maintainable code  and collaborate with cross functional teams
Samantha Williams,30,Non-Binary,Bachelor's,Artificial Intelligence,Bachelor's in Artificial Intelligence,Yale University,2019,5,Full-Stack Developer,,network security  java  mongodb  linux,"Scrum Master Certified, Certified Ethical Hacker, Cisco Certified Network Associate",seeking a challenging role as a full stack developer where i can apply my skills and knowledge to contribute to organizational success and professional growth
Akash Martinez,39,Non-Binary,PhD,Information Systems,PhD in Information Systems,Stanford University,2025,0,,,react  terraform  java  spark  git  microservices,Certified Information Systems Security Professional,targeting a devops engineer role to work with containerization technologies  configuration management tools  and cloud platforms to optimize software delivery
Sneha Iyer,26,Non-Binary,Bachelor's,Robotics,Bachelor's in Robotics,Manipal Institute of Technology,2022,0,,,mongodb  cybersecurity  tensorflow  deep learning  linux,,seeking a data scientist role to apply statistical analysis  machine learning  and data visualization techniques to extract meaningful insights from complex datasets and drive data driven decision making
Alexander Brown,43,Male,PhD,Computer Science,PhD in Computer Science,University of Toronto,2021,2,Product Manager,,tensorflow  microservices  deep learning  ci cd  rest apis  javascript,Microsoft Azure Fundamentals,targeting a product manager position to lead cross functional teams in building products that meet customer needs and achieve business objectives
Joshua Davis,34,Non-Binary,High School,Artificial Intelligence,High School in Artificial Intelligence,Massachusetts Institute of Technology,2025,0,,,pytorch  network security  computer vision  python  rest apis  javascript,"Microsoft Azure Fundamentals, Project Management Professional, Certified Kubernetes Administrator",seeking a challenging role as a full stack developer where i can apply my skills and knowledge to contribute to organizational success and professional growth
Rahul Patel,26,Non-Binary,Bachelor's,Robotics,Bachelor's in Robotics,Yale University,2018,0,,,statistics  terraform  spark  jenkins  computer vision  mongodb  aws,"Certified Kubernetes Administrator, Google Cloud Professional, Google Data Analytics Professional",seeking a challenging role as a blockchain engineer where i can apply my skills and knowledge to contribute to organizational success and professional growth
Priya Reddy,24,Male,Bachelor's,Artificial Intelligence,Bachelor's in Artificial Intelligence,Indian Institute of Science,2025,0,,,node js  natural language processing  blockchain  ci cd,"CompTIA Security+, Microsoft Azure Fundamentals, TensorFlow Developer Certificate",seeking a devops engineer role to bridge development and operations teams by implementing ci cd pipelines  infrastructure automation  and monitoring solutions
Andrew Brown,44,Female,High School,Computer Science,High School in Computer Science,Massachusetts Institute of Technology,2018,3,Machine Learning Engineer,AI Engineer,computer vision  tensorflow  scrum  cybersecurity  pytorch  react,"Certified Ethical Hacker, Microsoft Azure Fundamentals, Cisco Certified Network Associate",looking for an opportunity as a machine learning engineer to leverage my expertise in computer science and make a meaningful impact in the industry
Aisha Garcia,40,Non-Binary,Bachelor's,Software Engineering,Bachelor's in Software Engineering,University of Washington,2016,0,,,linux  react  aws  node js  graphql  devops  java  kubernetes,"Certified Information Systems Security Professional, AWS Certified Solutions Architect",looking for an opportunity as a machine learning engineer to leverage my expertise in software engineering and make a meaningful impact in the industry
Aadhya Krishnan,22,Female,Master's,Information Technology,"Master's in Information Technology, Bachelor's in Electrical Engineering",Pune University,2022,1,Product Manager,,jenkins  terraform  node js  java,"Scrum Master Certified, Project Management Professional, Certified Ethical Hacker",targeting a product manager position to lead cross functional teams in building products that meet customer needs and achieve business objectives
Ava Taylor,41,Female,Master's,Software Engineering,Master's in Software Engineering,Technical University of Munich,2017,0,,,ci cd  deep learning  docker  statistics  tensorflow  microservices  computer vision  kubernetes,"CompTIA Security+, AWS Certified Solutions Architect",looking for an opportunity as a mobile applications developer to leverage my expertise in software engineering and make a meaningful impact in the industry
Matthew Menon,28,Female,Bachelor's,Electronics Engineering,Bachelor's in Electronics Engineering,All India Institute of Medical Sciences,2017,3,Big Data Engineer,,rest apis  graphql  cybersecurity  solidity  microservices,"Certified Information Systems Security Professional, Oracle Certified Professional, CompTIA Security+",targeting a big data engineer position to utilize my educational background and experience to drive results and achieve career objectives
Olivia Zhang,42,Non-Binary,Bachelor's,Machine Learning,Bachelor's in Machine Learning,Stanford University,2018,2,Quantum Computing Specialist,,ci cd  git  machine learning  rest apis  docker  penetration testing  mongodb,"Cisco Certified Network Associate, Scrum Master Certified, Certified Ethical Hacker",targeting a quantum computing specialist position to utilize my educational background and experience to drive results and achieve career objectives
Harper Johnson,35,Male,Master's,Artificial Intelligence,Master's in Artificial Intelligence,Amity University,2017,7,Software Developer,,data analysis  jenkins  docker  rest apis  pytorch,Certified Ethical Hacker,targeting a software developer position to utilize my educational background and experience to drive results and achieve career objectives
Ananya Patel,23,Male,High School,Computer Science,High School in Computer Science,Massachusetts Institute of Technology,2020,2,Prompt Engineer,,linux  scrum  pytorch  docker,Cisco Certified Network Associate,looking for an opportunity as a prompt engineer to leverage my expertise in computer science and make a meaningful impact in the industry
Priya Anderson,43,Male,Bachelor's,Information Technology,Bachelor's in Information Technology,Columbia University,2019,1,Backend Developer,,docker  kubernetes  graphql  aws  terraform,"Microsoft Azure Fundamentals, Google Data Analytics Professional, CompTIA Security+",seeking a challenging role as a quantum computing specialist where i can apply my skills and knowledge to contribute to organizational success and professional growth
Ethan Agarwal,45,Male,Bachelor's,Artificial Intelligence,Bachelor's in Artificial Intelligence,Yale University,2025,0,,,penetration testing  kubernetes  java  ci cd  solidity  tensorflow  terraform,,looking for an opportunity as a ai ethics officer to leverage my expertise in artificial intelligence and make a meaningful impact in the industry
Akash Thomas,23,Male,Bachelor's,Computer Engineering,Bachelor's in Computer Engineering,Armed Forces Medical College,2017,4,Backend Developer,MLOps Specialist,docker  aws  pytorch  linux  statistics  sql  scrum,"AWS Certified Solutions Architect, Scrum Master Certified, CompTIA Security+",seeking a challenging role as a backend developer where i can apply my skills and knowledge to contribute to organizational success and professional growth
Rahul Wilson,26,Male,Master's,Robotics,Master's in Robotics,Indian Institute of Science,2017,0,,,solidity  blockchain  agile  javascript  data analysis  cybersecurity,,targeting a ui ux designer role to contribute to the entire design process from concept to implementation  ensuring optimal user satisfaction and usability
Meera Verma,30,Female,Bachelor's,Machine Learning,Bachelor's in Machine Learning,Bangalore University,2019,3,Full-Stack Developer,,javascript  data analysis  microservices  agile  ci cd  cloud computing  blockchain,"CompTIA Security+, Certified Information Systems Security Professional, Microsoft Azure Fundamentals",looking for an opportunity as a full stack developer to leverage my expertise in machine learning and make a meaningful impact in the industry
Jessica Gupta,42,Female,PhD,Information Technology,"PhD in Information Technology, Bachelor's in Data Science",Harvard University,2016,0,,,mongodb  natural language processing  node js  tensorflow  ci cd,,seeking a challenging role as an ai engineer to develop and implement cutting edge artificial intelligence solutions  looking to work on machine learning models  neural networks  and ai driven applications that solve real world business problems
Joshua Anderson,40,Male,Bachelor's,Electronics Engineering,Bachelor's in Electronics Engineering,Harvard University,2015,10,Mobile Applications Developer,,mongodb  aws  react  azure  pytorch  sql,Google Cloud Professional,targeting a mobile applications developer position to utilize my educational background and experience to drive results and achieve career objectives
Akash Hernandez,31,Non-Binary,Master's,Machine Learning,"Master's in Machine Learning, Bachelor's in Data Science",University of Toronto,2017,3,Software Engineer,,spark  tensorflow  penetration testing  statistics  react  solidity  kafka,,seeking a software engineer position to develop high quality  scalable software solutions using modern programming languages and development methodologies
Liam Wilson,45,Male,Bachelor's,Electronics Engineering,Bachelor's in Electronics Engineering,Amity University,2023,0,,,spark  graphql  cloud computing  statistics  machine learning  blockchain,"Certified Information Systems Security Professional, CompTIA Security+",targeting a software developer position to utilize my educational background and experience to drive results and achieve career objectives
Ava Rodriguez,45,Male,Bachelor's,Information Technology,Bachelor's in Information Technology,Massachusetts Institute of Technology,2024,1,AI Ethics Officer,,react  blockchain  sql  solidity  python  jenkins,"Scrum Master Certified, Certified Information Systems Security Professional",targeting a ai ethics officer position to utilize my educational background and experience to drive results and achieve career objectives
Priya Thomas,36,Female,Master's,Cybersecurity,Master's in Cybersecurity,All India Institute of Medical Sciences,2022,3,Quantum Computing Specialist,,deep learning  kafka  kubernetes  javascript  scrum,"TensorFlow Developer Certificate, Oracle Certified Professional, Certified Information Systems Security Professional",targeting a quantum computing specialist position to utilize my educational background and experience to drive results and achieve career objectives
Samantha Hernandez,34,Male,PhD,Cybersecurity,PhD in Cybersecurity,Manipal Institute of Technology,2016,0,,,rest apis  ci cd  python  blockchain  tensorflow,Scrum Master Certified,looking for an opportunity as a full stack developer to leverage my expertise in cybersecurity and make a meaningful impact in the industry
Arya Davis,31,Male,High School,Artificial Intelligence,High School in Artificial Intelligence,Stanford University,2020,0,,,ansible  data analysis  deep learning  pytorch  network security  terraform,"Certified Ethical Hacker, Microsoft Azure Fundamentals, TensorFlow Developer Certificate",looking for a devops engineer position where i can streamline software deployment processes  improve system reliability  and foster a culture of continuous integration and delivery
Matthew Reddy,40,Female,Bachelor's,Information Systems,Bachelor's in Information Systems,Christian Medical College,2024,0,,,graphql  network security  python  git  kubernetes,"Project Management Professional, Cisco Certified Network Associate",seeking a challenging role as a ai ethics officer where i can apply my skills and knowledge to contribute to organizational success and professional growth
Vikram Rodriguez,31,Non-Binary,Bachelor's,Robotics,Bachelor's in Robotics,SRM Institute of Science and Technology,2020,3,Quantum Computing Specialist,Software Developer,jenkins  penetration testing  node js  java  solidity  ci cd,"Certified Kubernetes Administrator, Oracle Certified Professional, Certified Information Systems Security Professional",looking for an opportunity as a machine learning engineer to leverage my expertise in robotics and make a meaningful impact in the industry
Ashley Williams,25,Female,Master's,Electrical Engineering,Master's in Electrical Engineering,Yale University,2022,2,Product Manager,,natural language processing  spark  network security  penetration testing  java  linux  cloud computing  mongodb,"Oracle Certified Professional, Microsoft Azure Fundamentals, Scrum Master Certified",looking for a product manager role where i can leverage market research  user feedback  and data analysis to guide product development decisions
Andrew Williams,45,Female,Master's,Cybersecurity,Master's in Cybersecurity,Vellore Institute of Technology,2025,0,,,natural language processing  deep learning  python  linux  scrum  penetration testing  docker,"Certified Information Systems Security Professional, TensorFlow Developer Certificate",targeting a data scientist position where i can utilize my expertise in python  r  sql  and machine learning algorithms to solve business challenges through data analysis and predictive modeling
Diya Jain,30,Non-Binary,Bachelor's,Data Science,Bachelor's in Data Science,Indian Institute of Technology Bombay,2015,6,MLOps Specialist,"Machine Learning Engineer, Mobile Applications Developer, Cybersecurity Engineer",statistics  natural language processing  microservices  blockchain  python  git  computer vision  machine learning,Cisco Certified Network Associate,looking for an opportunity as a mlops specialist to leverage my expertise in data science and make a meaningful impact in the industry
Rohan Smith,40,Female,Master's,Information Technology,"Master's in Information Technology, Bachelor's in Cybersecurity",Columbia University,2020,0,,,data analysis  pytorch  cybersecurity  statistics  kubernetes  azure  linux,,targeting a blockchain engineer position to utilize my educational background and experience to drive results and achieve career objectives
Alexander Pillai,21,Non-Binary,Bachelor's,Cybersecurity,Bachelor's in Cybersecurity,Georgia Institute of Technology,2022,0,,,linux  javascript  statistics  jenkins  cloud computing,,seeking a challenging role as a full stack developer where i can apply my skills and knowledge to contribute to organizational success and professional growth
Arjun Mittal,24,Non-Binary,Bachelor's,Robotics,Bachelor's in Robotics,All India Institute of Medical Sciences,2023,0,,,ci cd  scrum  agile  sql,"Certified Information Systems Security Professional, Google Cloud Professional, TensorFlow Developer Certificate",looking for a product manager role where i can leverage market research  user feedback  and data analysis to guide product development decisions
David Moore,43,Male,Master's,Information Technology,Master's in Information Technology,SRM Institute of Science and Technology,2022,0,,,kubernetes  aws  computer vision  deep learning  natural language processing  react  java,,seeking a software engineer position to develop high quality  scalable software solutions using modern programming languages and development methodologies
Samantha Jones,25,Male,Master's,Cybersecurity,"Master's in Cybersecurity, Bachelor's in Computer Science",Manipal Institute of Technology,2018,0,,,java  cloud computing  statistics  network security  spark  graphql  node js,,looking for an opportunity as a full stack developer to leverage my expertise in cybersecurity and make a meaningful impact in the industry
Ashley Gupta,39,Female,Master's,Software Engineering,"Master's in Software Engineering, Bachelor's in Data Science",University of Toronto,2020,2,Full-Stack Developer,,docker  terraform  python  statistics  data analysis,"Google Data Analytics Professional, Certified Ethical Hacker",targeting a full stack developer position to utilize my educational background and experience to drive results and achieve career objectives
Isabella Thompson,21,Female,Master's,Electronics Engineering,Master's in Electronics Engineering,Technical University of Munich,2025,0,,,rest apis  machine learning  tensorflow  aws  javascript  microservices  mongodb  kafka,Oracle Certified Professional,targeting a backend developer position to utilize my educational background and experience to drive results and achieve career objectives
Mason Thomas,35,Male,Master's,Data Science,"Master's in Data Science, Bachelor's in Robotics",Pune University,2020,3,Software Developer,,machine learning  cloud computing  java  git  python  spark,Certified Information Systems Security Professional,looking for an opportunity as a software developer to leverage my expertise in data science and make a meaningful impact in the industry
Priya Pillai,40,Female,Master's,Electronics Engineering,Master's in Electronics Engineering,Indian Institute of Technology Delhi,2019,5,Product Manager,,mongodb  python  java  react,,seeking a product manager position to drive product strategy  define roadmaps  and collaborate with engineering and design teams to deliver successful products
Aditi Thomas,27,Non-Binary,Bachelor's,Artificial Intelligence,Bachelor's in Artificial Intelligence,Carnegie Mellon University,2019,0,,,data analysis  graphql  java  git,,looking for an opportunity as a big data engineer to leverage my expertise in artificial intelligence and make a meaningful impact in the industry
Noah Jain,41,Non-Binary,Diploma,Computer Science,Diploma in Computer Science,Columbia University,2016,2,AI Ethics Officer,,python  aws  sql  natural language processing  cybersecurity,"Cisco Certified Network Associate, AWS Certified Solutions Architect",looking for an opportunity as a ai ethics officer to leverage my expertise in computer science and make a meaningful impact in the industry
Christopher Hernandez,21,Male,Master's,Machine Learning,"Master's in Machine Learning, Bachelor's in Computer Engineering",Indian Institute of Technology Bombay,2025,0,,,python  jenkins  javascript  node js  data analysis,"CompTIA Security+, TensorFlow Developer Certificate",seeking a challenging role as a site reliability engineer where i can apply my skills and knowledge to contribute to organizational success and professional growth
Jackson Wang,35,Male,Certificate,Computer Science,Certificate in Computer Science,National Institute of Technology Trichy,2020,2,Quantum Computing Specialist,,ansible  network security  deep learning  react  statistics  ci cd  sql,"TensorFlow Developer Certificate, Oracle Certified Professional",seeking a challenging role as a software developer where i can apply my skills and knowledge to contribute to organizational success and professional growth
James Yang,41,Female,Bachelor's,Electrical Engineering,Bachelor's in Electrical Engineering,University of Toronto,2017,5,Full-Stack Developer,Quantum Computing Specialist,cybersecurity  scrum  statistics  docker  network security  graphql,"Certified Ethical Hacker, Google Cloud Professional",targeting a full stack developer position to utilize my educational background and experience to drive results and achieve career objectives
Emma Singh,31,Non-Binary,PhD,Electronics Engineering,PhD in Electronics Engineering,Indian Institute of Science,2023,0,,,agile  terraform  kubernetes  azure  machine learning  rest apis  sql  graphql,,seeking a challenging role as a machine learning engineer where i can apply my skills and knowledge to contribute to organizational success and professional growth
Ava Pillai,42,Male,Master's,Electronics Engineering,Master's in Electronics Engineering,University of California Berkeley,2018,7,Frontend Developer,,network security  aws  linux  ci cd  rest apis  devops,"Certified Kubernetes Administrator, Scrum Master Certified, Certified Information Systems Security Professional",seeking a challenging role as a frontend developer where i can apply my skills and knowledge to contribute to organizational success and professional growth
Sneha Agarwal,36,Male,PhD,Robotics,"PhD in Robotics, Bachelor's in Computer Engineering",Carnegie Mellon University,2018,1,UI/UX Designer,,rest apis  git  machine learning  terraform  mongodb,AWS Certified Solutions Architect,looking for a ui ux designer position where i can combine creativity with analytical thinking to design user centered interfaces that solve real problems
Ankit Jackson,32,Non-Binary,Bachelor's,Robotics,Bachelor's in Robotics,Indian Institute of Science,2025,0,,,agile  microservices  ci cd  machine learning  git  blockchain,"Project Management Professional, Scrum Master Certified, CompTIA Security+",seeking a challenging role as a cloud architect where i can apply my skills and knowledge to contribute to organizational success and professional growth
Rahul Wilson,32,Male,Bachelor's,Machine Learning,Bachelor's in Machine Learning,Columbia University,2019,0,,,mongodb  blockchain  scrum  network security  java  microservices  javascript  ansible,,seeking a challenging role as a full stack developer where i can apply my skills and knowledge to contribute to organizational success and professional growth
Amanda Liu,41,Male,Master's,Robotics,"Master's in Robotics, Bachelor's in Electronics Engineering",Georgia Institute of Technology,2024,0,,,spark  penetration testing  javascript  linux  git,"Certified Kubernetes Administrator, Scrum Master Certified, Certified Ethical Hacker",targeting a prompt engineer position to utilize my educational background and experience to drive results and achieve career objectives
Ethan Patel,37,Male,Master's,Robotics,"Master's in Robotics, Bachelor's in Cybersecurity",Christian Medical College,2016,1,Software Developer,,terraform  react  computer vision  aws  devops  network security  tensorflow,"Cisco Certified Network Associate, Microsoft Azure Fundamentals, AWS Certified Solutions Architect",looking for an opportunity as a software developer to leverage my expertise in robotics and make a meaningful impact in the industry
Jackson Sharma,33,Non-Binary,PhD,Software Engineering,PhD in Software Engineering,Carnegie Mellon University,2016,2,Cloud Architect,,git  tensorflow  deep learning  agile,"Certified Kubernetes Administrator, CompTIA Security+, TensorFlow Developer Certificate",targeting a full stack developer position to utilize my educational background and experience to drive results and achieve career objectives
Aarav Thompson,36,Female,Master's,Artificial Intelligence,"Master's in Artificial Intelligence, Bachelor's in Electronics Engineering",Bangalore University,2022,1,Machine Learning Engineer,,ci cd  terraform  mongodb  graphql  penetration testing  javascript  data analysis  blockchain,"Google Cloud Professional, Oracle Certified Professional, CompTIA Security+",seeking a challenging role as an ai engineer to develop and implement cutting edge artificial intelligence solutions  looking to work on machine learning models  neural networks  and ai driven applications that solve real world business problems
Aarav Smith,23,Non-Binary,Bachelor's,Data Science,Bachelor's in Data Science,SRM Institute of Science and Technology,2018,0,,,ci cd  ansible  computer vision  penetration testing  node js  tensorflow  graphql  aws,,seeking a challenging role as a mobile applications developer where i can apply my skills and knowledge to contribute to organizational success and professional growth
Joshua Wang,33,Male,Bachelor's,Information Systems,Bachelor's in Information Systems,Delhi University,2018,3,AI Engineer,AI Ethics Officer,devops  data analysis  kafka  python,"Oracle Certified Professional, Microsoft Azure Fundamentals",aspiring to join a dynamic team as an ai engineer where i can leverage my expertise in deep learning  natural language processing  and computer vision to build innovative ai products and services
Noah Agarwal,26,Female,Master's,Electronics Engineering,Master's in Electronics Engineering,Armed Forces Medical College,2025,0,,,docker  azure  cloud computing  node js,"Google Data Analytics Professional, Google Cloud Professional, Scrum Master Certified",seeking a challenging role as a quantum computing specialist where i can apply my skills and knowledge to contribute to organizational success and professional growth
Ava Martin,22,Female,High School,Cybersecurity,High School in Cybersecurity,Georgia Institute of Technology,2022,3,Full-Stack Developer,,pytorch  ci cd  rest apis  solidity,CompTIA Security+,seeking a challenging role as a full stack developer where i can apply my skills and knowledge to contribute to organizational success and professional growth
Diya Iyer,30,Female,Master's,Artificial Intelligence,Master's in Artificial Intelligence,Chennai University,2019,3,Cloud Architect,UI/UX Designer,graphql  node js  ansible  sql,Oracle Certified Professional,targeting a cloud architect position to utilize my educational background and experience to drive results and achieve career objectives
Diya Wilson,30,Female,Master's,Artificial Intelligence,"Master's in Artificial Intelligence, Bachelor's in Computer Engineering",University of Oxford,2019,1,Frontend Developer,,ansible  jenkins  azure  penetration testing  agile  sql  network security  terraform,,looking for an opportunity as a frontend developer to leverage my expertise in artificial intelligence and make a meaningful impact in the industry
Jackson Krishnan,27,Female,Diploma,Data Science,Diploma in Data Science,Delhi University,2018,2,Prompt Engineer,,graphql  data analysis  computer vision  blockchain  pytorch  azure  statistics  terraform,"CompTIA Security+, Google Data Analytics Professional",targeting a prompt engineer position to utilize my educational background and experience to drive results and achieve career objectives
Isabella Lee,28,Male,Master's,Electronics Engineering,Master's in Electronics Engineering,University of Washington,2019,2,Prompt Engineer,,network security  ci cd  natural language processing  rest apis  penetration testing,"Scrum Master Certified, TensorFlow Developer Certificate",looking for an opportunity as a prompt engineer to leverage my expertise in electronics engineering and make a meaningful impact in the industry
Rohan Moore,21,Male,Bachelor's,Computer Engineering,Bachelor's in Computer Engineering,Christian Medical College,2025,0,,,ansible  kafka  data analysis  cloud computing  graphql  pytorch  jenkins,,targeting a ai ethics officer position to utilize my educational background and experience to drive results and achieve career objectives
Ananya Reddy,34,Female,Bachelor's,Software Engineering,Bachelor's in Software Engineering,University of Oxford,2017,6,DevOps Engineer,,ci cd  react  javascript  node js,"Google Cloud Professional, Google Data Analytics Professional",seeking a devops engineer role to bridge development and operations teams by implementing ci cd pipelines  infrastructure automation  and monitoring solutions
Ankit Anderson,40,Non-Binary,Bachelor's,Artificial Intelligence,Bachelor's in Artificial Intelligence,Indian Institute of Technology Bombay,2023,0,,,deep learning  spark  jenkins  data analysis  ansible,"Certified Kubernetes Administrator, Microsoft Azure Fundamentals",seeking a product manager position to drive product strategy  define roadmaps  and collaborate with engineering and design teams to deliver successful products
Alexander Brown,38,Non-Binary,High School,Software Engineering,High School in Software Engineering,SRM Institute of Science and Technology,2019,0,,,data analysis  network security  aws  mongodb  natural language processing  graphql  deep learning  terraform,"Scrum Master Certified, Microsoft Azure Fundamentals, CompTIA Security+",seeking a cybersecurity analyst position to protect organizational assets by implementing security measures  conducting vulnerability assessments  and responding to security incidents
Jessica Martinez,34,Non-Binary,PhD,Artificial Intelligence,PhD in Artificial Intelligence,Pune University,2015,4,Mobile Applications Developer,"AI Ethics Officer, Site Reliability Engineer",deep learning  mongodb  sql  graphql  solidity,"Microsoft Azure Fundamentals, CompTIA Security+, Certified Ethical Hacker",targeting a mobile applications developer position to utilize my educational background and experience to drive results and achieve career objectives
Emily Wilson,21,Female,Master's,Artificial Intelligence,Master's in Artificial Intelligence,University of Oxford,2018,3,Mobile Applications Developer,AI Engineer,machine learning  ci cd  docker  node js  microservices  kubernetes  rest apis  spark,Certified Information Systems Security Professional,targeting a mobile applications developer position to utilize my educational background and experience to drive results and achieve career objectives
Meera Garcia,41,Non-Binary,Bachelor's,Robotics,Bachelor's in Robotics,University of Toronto,2020,2,Blockchain Engineer,,jenkins  scrum  ci cd  microservices  java  network security  blockchain,"Certified Ethical Hacker, Google Cloud Professional, Oracle Certified Professional",aspiring to join a dynamic team as an ai engineer where i can leverage my expertise in deep learning  natural language processing  and computer vision to build innovative ai products and services
Emma Smith,28,Non-Binary,Master's,Electrical Engineering,Master's in Electrical Engineering,National Institute of Technology Trichy,2016,8,MLOps Specialist,,javascript  microservices  ci cd  react  deep learning,,targeting a mlops specialist position to utilize my educational background and experience to drive results and achieve career objectives
Ava Thompson,25,Female,Bachelor's,Artificial Intelligence,Bachelor's in Artificial Intelligence,SRM Institute of Science and Technology,2016,9,Blockchain Engineer,UI/UX Designer,deep learning  graphql  git  kubernetes  devops,,targeting a blockchain engineer position to utilize my educational background and experience to drive results and achieve career objectives
Priya Jackson,26,Male,High School,Data Science,High School in Data Science,University of Pennsylvania,2023,2,Cloud Architect,,node js  mongodb  data analysis  tensorflow,,targeting a cloud architect position to utilize my educational background and experience to drive results and achieve career objectives
Liam Garcia,21,Female,PhD,Computer Engineering,PhD in Computer Engineering,Georgia Institute of Technology,2018,5,MLOps Specialist,Mobile Applications Developer,cloud computing  react  rest apis  azure,AWS Certified Solutions Architect,seeking a challenging role as a mlops specialist where i can apply my skills and knowledge to contribute to organizational success and professional growth
Evelyn Johnson,43,Male,Master's,Economics,Master's in Economics,All India Institute of Medical Sciences,2023,2,Customer Success Manager,,team management  strategic planning  excel  compliance  communication  content writing  presentation skills  problem solving,"Certified Sales Professional, Registered Nurse License, Six Sigma Green Belt",targeting a brand manager position to utilize my educational background and experience to drive results and achieve career objectives
Meera Liu,44,Female,Master's,Architecture,Master's in Architecture,Chennai University,2019,0,,,quality assurance  compliance  social media marketing  team management  powerpoint,,looking for a marketing manager role where i can leverage digital marketing  content creation  and data analytics to achieve marketing objectives
Alexander Hernandez,30,Female,High School,Chemical Engineering,High School in Chemical Engineering,Technical University of Munich,2021,0,,,powerpoint  financial analysis  content writing  accounting,Certified Sales Professional,seeking a challenging role as a account manager where i can apply my skills and knowledge to contribute to organizational success and professional growth
Ethan Miller,36,Female,Master's,Civil Engineering,Master's in Civil Engineering,University of Cambridge,2020,0,,,budgeting  social media marketing  medical knowledge  project management  negotiation,Certified Sales Professional,looking for an opportunity as a customer success manager to leverage my expertise in civil engineering and make a meaningful impact in the industry
Alexander Kim,34,Male,Master's,Chemistry,Master's in Chemistry,National Institute of Technology Trichy,2015,2,Project Manager,,risk management  team management  budgeting  financial analysis  quality assurance  negotiation  compliance  data analysis,"Google Analytics Certified, HubSpot Content Marketing",looking for an opportunity as a business analyst to leverage my expertise in chemistry and make a meaningful impact in the industry
Aditi Verma,37,Male,Master's,Chemistry,"Master's in Chemistry, Bachelor's in Architecture",Carnegie Mellon University,2022,3,Nurse,,patient care  emotional intelligence  quality assurance  adaptability  presentation skills  data analysis  budgeting,"HubSpot Content Marketing, Licensed Professional Counselor",seeking a mental health practitioner position to provide compassionate counseling and therapy services to individuals struggling with mental health challenges
Alexander Anderson,42,Non-Binary,Bachelor's,Human Resources,Bachelor's in Human Resources,Indian Institute of Science,2015,2,Brand Manager,,content writing  quality assurance  healthcare  budgeting  sales  team management,"HubSpot Content Marketing, Registered Nurse License, Google Analytics Certified",targeting a brand manager position to utilize my educational background and experience to drive results and achieve career objectives
Olivia Martin,25,Female,Master's,Dentistry,Master's in Dentistry,National Institute of Technology Trichy,2025,0,,,strategic planning  seo  team management  problem solving,"Facebook Blueprint Certified, Certified Public Accountant, Google Analytics Certified",seeking a challenging role as a account manager where i can apply my skills and knowledge to contribute to organizational success and professional growth
Jessica White,31,Non-Binary,Master's,Chemistry,Master's in Chemistry,Amity University,2018,6,Operations Manager,"Business Analyst, Salesperson",emotional intelligence  critical thinking  problem solving  strategic planning  quality assurance  accounting,"Facebook Blueprint Certified, SHRM Certified Professional",looking for an opportunity as a operations manager to leverage my expertise in chemistry and make a meaningful impact in the industry
Amanda Moore,22,Non-Binary,Bachelor's,Dentistry,Bachelor's in Dentistry,All India Institute of Medical Sciences,2021,2,Market Research Analyst,,presentation skills  negotiation  budgeting  content writing  sales,"Registered Nurse License, Google Ads Certified",seeking a challenging role as a market research analyst where i can apply my skills and knowledge to contribute to organizational success and professional growth
Karan Reddy,42,Male,Master's,Business Administration,Master's in Business Administration,Yale University,2022,3,Marketing Manager,,financial analysis  content writing  powerpoint  negotiation  communication  seo  data analysis,,seeking a marketing manager position to develop and execute comprehensive marketing strategies that drive brand awareness  customer engagement  and revenue growth
Isabella Garcia,40,Male,Bachelor's,Communications,Bachelor's in Communications,Christian Medical College,2022,1,Mental Health Practitioner,,healthcare  customer service  project management  team management  budgeting  patient care  psychology  communication,Six Sigma Green Belt,looking for an opportunity as a director of operations to leverage my expertise in communications and make a meaningful impact in the industry
Liam Singh,25,Female,Certificate,Chemistry,Certificate in Chemistry,Indian Institute of Science,2024,0,,,customer service  team management  quality assurance  accounting  content writing  seo,,seeking a challenging role as a digital marketing specialist where i can apply my skills and knowledge to contribute to organizational success and professional growth
Karan Sharma,27,Male,PhD,Chemical Engineering,PhD in Chemical Engineering,University of Toronto,2017,8,Market Research Analyst,Salesperson,organizational skills  strategic planning  medical knowledge  adaptability  content writing  compliance,,seeking a challenging role as a market research analyst where i can apply my skills and knowledge to contribute to organizational success and professional growth
Amelia Anderson,42,Male,Master's,Supply Chain Management,Master's in Supply Chain Management,Manipal Institute of Technology,2018,2,Human Resources Manager,,quality assurance  adaptability  content writing  critical thinking  counseling  medical knowledge,"Registered Nurse License, Google Analytics Certified, HubSpot Content Marketing",seeking a challenging role as a human resources manager where i can apply my skills and knowledge to contribute to organizational success and professional growth
Aryan Jain,25,Male,Certificate,Accounting,Certificate in Accounting,Technical University of Munich,2018,0,,,organizational skills  emotional intelligence  critical thinking  negotiation,"Registered Nurse License, Facebook Blueprint Certified, Certified Public Accountant",looking for an opportunity as a social media manager to leverage my expertise in accounting and make a meaningful impact in the industry
Emma Moore,27,Female,Bachelor's,Business Administration,Bachelor's in Business Administration,Delhi University,2021,4,Business Development Manager,,data analysis  compliance  presentation skills  emotional intelligence  excel  patient care  counseling,"Certified Financial Analyst, Digital Marketing Institute Certified",seeking a challenging role as a restaurant specialist where i can apply my skills and knowledge to contribute to organizational success and professional growth
Ava Martin,23,Female,PhD,Biology,"PhD in Biology, Bachelor's in Business Administration",Indian Institute of Technology Delhi,2025,0,,,social media marketing  negotiation  quality assurance  compliance,"Google Analytics Certified, Google Ads Certified",looking for an opportunity as a social media manager to leverage my expertise in biology and make a meaningful impact in the industry
Karan Thomas,31,Male,Bachelor's,Operations Management,Bachelor's in Operations Management,Vellore Institute of Technology,2021,0,,,powerpoint  content writing  emotional intelligence  quality assurance  time management,"Six Sigma Green Belt, SHRM Certified Professional, Google Ads Certified",looking for an opportunity as a business analyst to leverage my expertise in operations management and make a meaningful impact in the industry
Amanda Srinivasan,38,Female,Master's,Operations Management,Master's in Operations Management,Armed Forces Medical College,2022,1,Sales Representative,,organizational skills  emotional intelligence  leadership  medical knowledge,,seeking a challenging role as a human resources manager where i can apply my skills and knowledge to contribute to organizational success and professional growth
Ethan Miller,30,Non-Binary,PhD,Medicine,PhD in Medicine,Massachusetts Institute of Technology,2019,4,Mental Health Practitioner,"Brand Manager, Salesperson",problem solving  patient care  social media marketing  communication  quality assurance  marketing  leadership  financial analysis,"Google Analytics Certified, Registered Nurse License, Project Management Professional",targeting a digital marketing specialist position to utilize my educational background and experience to drive results and achieve career objectives
Jessica Kumar,36,Non-Binary,Bachelor's,Political Science,Bachelor's in Political Science,Vellore Institute of Technology,2015,1,Project Manager,,marketing  negotiation  budgeting  excel  time management  psychology,"Digital Marketing Institute Certified, Six Sigma Green Belt",seeking a challenging role as a project manager where i can apply my skills and knowledge to contribute to organizational success and professional growth
Priya Verma,24,Male,PhD,Human Resources,"PhD in Human Resources, Bachelor's in Finance",University of Cambridge,2019,5,Restaurant Specialist,,organizational skills  problem solving  medical knowledge  seo  financial analysis,Google Ads Certified,seeking a challenging role as a restaurant specialist where i can apply my skills and knowledge to contribute to organizational success and professional growth
Arya Jain,21,Male,Bachelor's,Operations Management,Bachelor's in Operations Management,Columbia University,2025,0,,,marketing  accounting  emotional intelligence  quality assurance  budgeting,,seeking a challenging role as a restaurant specialist where i can apply my skills and knowledge to contribute to organizational success and professional growth
Benjamin Gupta,32,Male,Bachelor's,Nursing,Bachelor's in Nursing,Vellore Institute of Technology,2022,2,Project Manager,,leadership  customer service  team management  compliance  strategic planning  seo,Six Sigma Green Belt,looking for an opportunity as a project manager to leverage my expertise in nursing and make a meaningful impact in the industry
Samantha Jackson,24,Non-Binary,Master's,Physics,Master's in Physics,Indian Institute of Science,2015,0,,,excel  risk management  strategic planning  presentation skills  compliance,"Registered Nurse License, Licensed Professional Counselor, Certified Sales Professional",targeting a account manager position to utilize my educational background and experience to drive results and achieve career objectives
Benjamin Verma,42,Female,Master's,Mechanical Engineering,Master's in Mechanical Engineering,Columbia University,2022,2,Mental Health Practitioner,,budgeting  customer service  strategic planning  medical knowledge  project management  adaptability,,seeking a mental health practitioner position to provide compassionate counseling and therapy services to individuals struggling with mental health challenges
Sarah Wilson,28,Female,Master's,Mechanical Engineering,Master's in Mechanical Engineering,Massachusetts Institute of Technology,2023,1,Salesperson,,sales  project management  adaptability  social media marketing,"Registered Nurse License, Digital Marketing Institute Certified",looking for an opportunity as a salesperson to leverage my expertise in mechanical engineering and make a meaningful impact in the industry
Michael Verma,21,Female,Bachelor's,Education,Bachelor's in Education,Manipal Institute of Technology,2024,0,,,sales  psychology  marketing  problem solving  emotional intelligence,"Certified Public Accountant, Digital Marketing Institute Certified",seeking a challenging role as a dentist where i can apply my skills and knowledge to contribute to organizational success and professional growth
Lucas Martinez,45,Non-Binary,Master's,Marketing,"Master's in Marketing, Bachelor's in Business Administration",Georgia Institute of Technology,2016,0,,,adaptability  quality assurance  project management  accounting  excel  healthcare  leadership  content writing,"Certified Public Accountant, Certified Sales Professional, Licensed Professional Counselor",targeting a project manager position to utilize my educational background and experience to drive results and achieve career objectives
Aadhya Agarwal,36,Male,Master's,Chemistry,Master's in Chemistry,University of California Berkeley,2025,0,,,sales  problem solving  customer service  organizational skills  time management  patient care  marketing  team management,"Digital Marketing Institute Certified, Facebook Blueprint Certified",looking for a financial analyst role where i can apply my analytical skills to evaluate investment opportunities  assess financial performance  and prepare detailed reports
Noah Zhang,43,Male,Bachelor's,Political Science,Bachelor's in Political Science,Christian Medical College,2018,6,Business Analyst,"Customer Success Manager, Social Media Manager",medical knowledge  communication  time management  excel  compliance,Project Management Professional,looking for an opportunity as a business analyst to leverage my expertise in political science and make a meaningful impact in the industry
Aryan Martin,39,Female,Bachelor's,Communications,Bachelor's in Communications,Birla Institute of Technology,2025,0,,,problem solving  compliance  communication  project management  excel  organizational skills  sales,"Google Ads Certified, Digital Marketing Institute Certified",targeting a market research analyst position to utilize my educational background and experience to drive results and achieve career objectives
Jackson Bansal,43,Male,Bachelor's,Medicine,Bachelor's in Medicine,Indian Institute of Technology Delhi,2025,0,,,patient care  social media marketing  powerpoint  time management,,seeking a registered nurse position to provide high quality patient care in a healthcare setting  utilizing clinical skills and compassionate bedside manner
Ashley Sharma,34,Male,Bachelor's,Civil Engineering,Bachelor's in Civil Engineering,Vellore Institute of Technology,2025,0,,,marketing  psychology  critical thinking  medical knowledge  healthcare,"Certified Financial Analyst, Certified Sales Professional",looking for an opportunity as a social media manager to leverage my expertise in civil engineering and make a meaningful impact in the industry
Benjamin Williams,42,Non-Binary,Bachelor's,Chemical Engineering,Bachelor's in Chemical Engineering,University of Pennsylvania,2023,1,Restaurant Specialist,,project management  problem solving  communication  powerpoint  presentation skills  customer service  leadership,,looking for an opportunity as a restaurant specialist to leverage my expertise in chemical engineering and make a meaningful impact in the industry
Arya Rodriguez,29,Male,Bachelor's,Psychology,Bachelor's in Psychology,University of Oxford,2017,7,Mental Health Practitioner,Brand Manager,strategic planning  budgeting  data analysis  content writing  critical thinking  marketing  presentation skills  sales,"Certified Financial Analyst, Registered Nurse License",looking for an opportunity as a operations manager to leverage my expertise in psychology and make a meaningful impact in the industry
Alexander Jones,38,Non-Binary,Master's,Accounting,"Master's in Accounting, Bachelor's in Journalism",University of California Berkeley,2018,4,Digital Marketing Specialist,"Content Manager, Sales Representative",psychology  problem solving  counseling  project management  social media marketing  financial analysis,"Google Ads Certified, Registered Nurse License",targeting a market research analyst position to utilize my educational background and experience to drive results and achieve career objectives
Liam Lee,36,Non-Binary,High School,Psychology,High School in Psychology,University of Toronto,2019,5,Director of Operations,Sales Representative,medical knowledge  emotional intelligence  communication  negotiation  sales  customer service  project management  psychology,"Google Ads Certified, Registered Nurse License",looking for an opportunity as a director of operations to leverage my expertise in psychology and make a meaningful impact in the industry
Ananya Hernandez,36,Non-Binary,Bachelor's,Medicine,Bachelor's in Medicine,Christian Medical College,2023,0,,,emotional intelligence  counseling  risk management  negotiation,"Certified Financial Analyst, Google Analytics Certified",seeking a challenging role as a director of operations where i can apply my skills and knowledge to contribute to organizational success and professional growth
Ananya Krishnan,25,Male,Bachelor's,Business Administration,Bachelor's in Business Administration,Manipal Institute of Technology,2018,0,,,medical knowledge  strategic planning  project management  emotional intelligence  time management  presentation skills  counseling,Google Analytics Certified,looking for an opportunity as a account manager to leverage my expertise in business administration and make a meaningful impact in the industry
Aadhya Srinivasan,34,Male,Certificate,Sociology,Certificate in Sociology,University of Toronto,2024,0,,,powerpoint  customer service  seo  budgeting  marketing  adaptability  project management,,seeking a challenging role as a sales representative where i can apply my skills and knowledge to contribute to organizational success and professional growth
Priya Wang,29,Non-Binary,Bachelor's,Operations Management,Bachelor's in Operations Management,University of Oxford,2015,5,Human Resources Manager,"Business Development Manager, Mental Health Practitioner",powerpoint  medical knowledge  accounting  seo  project management  team management  problem solving,SHRM Certified Professional,targeting a mental health practitioner position to make a meaningful impact in people s lives through professional counseling  assessment  and treatment planning
Ananya Lee,39,Male,Master's,Nursing,"Master's in Nursing, Bachelor's in Business Administration",London School of Economics,2018,0,,,presentation skills  team management  data analysis  excel  powerpoint,Digital Marketing Institute Certified,seeking a business development manager position to identify new market opportunities  build strategic partnerships  and drive revenue growth through relationship building
Amanda Zhang,27,Female,Master's,Operations Management,"Master's in Operations Management, Bachelor's in Business Administration",Birla Institute of Technology,2025,0,,,content writing  strategic planning  medical knowledge  accounting  customer service  negotiation  excel,,looking for an opportunity as a salesperson to leverage my expertise in operations management and make a meaningful impact in the industry
Ananya Gupta,45,Male,Bachelor's,Accounting,Bachelor's in Accounting,Manipal Institute of Technology,2022,3,Marketing Manager,Content Manager,financial analysis  presentation skills  seo  time management,"Certified Financial Analyst, Digital Marketing Institute Certified",seeking a marketing manager position to develop and execute comprehensive marketing strategies that drive brand awareness  customer engagement  and revenue growth
Amanda Zhou,21,Male,Bachelor's,Physics,Bachelor's in Physics,Columbia University,2021,4,Social Media Manager,,customer service  marketing  patient care  counseling  strategic planning  leadership  compliance,,targeting a project manager position to utilize my educational background and experience to drive results and achieve career objectives
Liam Menon,28,Male,Bachelor's,Business Administration,Bachelor's in Business Administration,University of Toronto,2019,1,Nurse,,strategic planning  negotiation  time management  risk management  team management  seo  problem solving  budgeting,,looking for an opportunity as a business analyst to leverage my expertise in business administration and make a meaningful impact in the industry
Rahul Brown,25,Male,Master's,Marketing,Master's in Marketing,Mumbai University,2015,0,,,accounting  strategic planning  financial analysis  customer service  critical thinking,"Digital Marketing Institute Certified, Certified Sales Professional, HubSpot Content Marketing",seeking a challenging role as a business analyst where i can apply my skills and knowledge to contribute to organizational success and professional growth
Andrew Verma,45,Non-Binary,Master's,Supply Chain Management,Master's in Supply Chain Management,Chennai University,2015,9,Mental Health Practitioner,Customer Success Manager,critical thinking  seo  customer service  excel,"Facebook Blueprint Certified, Certified Public Accountant, Certified Financial Analyst",looking for a role as a mental health practitioner where i can utilize evidence based therapeutic approaches to support clients in their journey toward mental wellness
Alexander Chen,24,Non-Binary,Master's,Operations Management,Master's in Operations Management,Massachusetts Institute of Technology,2017,4,Salesperson,,seo  customer service  time management  medical knowledge  strategic planning  adaptability,"HubSpot Content Marketing, Certified Financial Analyst, Six Sigma Green Belt",looking for an opportunity as a salesperson to leverage my expertise in operations management and make a meaningful impact in the industry
Alexander Reddy,22,Non-Binary,Bachelor's,Psychology,Bachelor's in Psychology,University of Oxford,2023,0,,,project management  communication  emotional intelligence  social media marketing  accounting  marketing  excel  data analysis,"Certified Public Accountant, Licensed Professional Counselor",looking for a nursing role where i can contribute to patient recovery  health education  and interdisciplinary healthcare team collaboration
Meera Jain,28,Female,Bachelor's,Dentistry,Bachelor's in Dentistry,Indian Institute of Science,2025,0,,,critical thinking  psychology  project management  adaptability  seo,"Google Ads Certified, Project Management Professional, Six Sigma Green Belt",looking for an opportunity as a business analyst to leverage my expertise in dentistry and make a meaningful impact in the industry
Noah Garcia,34,Non-Binary,PhD,English Literature,"PhD in English Literature, Bachelor's in Supply Chain Management",Stanford University,2016,4,Market Research Analyst,"Business Analyst, Mental Health Practitioner",counseling  leadership  healthcare  adaptability  risk management  critical thinking  problem solving  customer service,Certified Public Accountant,looking for an opportunity as a human resources manager to leverage my expertise in english literature and make a meaningful impact in the industry
Sarah Zhang,29,Non-Binary,Bachelor's,Chemical Engineering,Bachelor's in Chemical Engineering,Massachusetts Institute of Technology,2017,4,Business Analyst,"Brand Manager, Digital Marketing Specialist",excel  healthcare  strategic planning  patient care  time management,Digital Marketing Institute Certified,targeting a operations manager position to utilize my educational background and experience to drive results and achieve career objectives
Amanda Martinez,34,Female,Bachelor's,Medicine,Bachelor's in Medicine,Indian Institute of Science,2021,3,Marketing Manager,Salesperson,psychology  financial analysis  powerpoint  sales  adaptability,"Certified Public Accountant, Certified Financial Analyst",seeking a marketing manager position to develop and execute comprehensive marketing strategies that drive brand awareness  customer engagement  and revenue growth
Liam Moore,28,Non-Binary,Master's,Biology,Master's in Biology,Indian Institute of Technology Bombay,2018,5,Project Manager,Business Analyst,organizational skills  excel  leadership  customer service  risk management,"HubSpot Content Marketing, Registered Nurse License, Facebook Blueprint Certified",seeking a challenging role as a project manager where i can apply my skills and knowledge to contribute to organizational success and professional growth
Lucas Anderson,44,Male,Master's,Education,Master's in Education,Manipal Institute of Technology,2020,4,Nurse,Market Research Analyst,team management  organizational skills  emotional intelligence  critical thinking  leadership  financial analysis,"Google Analytics Certified, Facebook Blueprint Certified",looking for a nursing role where i can contribute to patient recovery  health education  and interdisciplinary healthcare team collaboration
Amanda Jones,25,Male,Bachelor's,Education,Bachelor's in Education,Vellore Institute of Technology,2022,3,Content Manager,,budgeting  marketing  time management  leadership  adaptability  sales  compliance,,seeking a challenging role as a content manager where i can apply my skills and knowledge to contribute to organizational success and professional growth
Michael Singh,44,Male,Diploma,Operations Management,Diploma in Operations Management,Indian Institute of Technology Delhi,2017,0,,,compliance  critical thinking  excel  project management  presentation skills  problem solving  powerpoint  healthcare,,seeking a challenging role as a content manager where i can apply my skills and knowledge to contribute to organizational success and professional growth
Aryan Agarwal,31,Female,Bachelor's,Accounting,Bachelor's in Accounting,Carnegie Mellon University,2021,4,Content Manager,Customer Success Manager,communication  negotiation  counseling  excel  seo  compliance  critical thinking  risk management,"HubSpot Content Marketing, Google Ads Certified, Facebook Blueprint Certified",targeting a content manager position to utilize my educational background and experience to drive results and achieve career objectives
Benjamin Bansal,22,Male,Bachelor's,Marketing,Bachelor's in Marketing,Georgia Institute of Technology,2021,1,Content Manager,,organizational skills  sales  time management  content writing  marketing  accounting  excel  problem solving,"Licensed Professional Counselor, Project Management Professional, SHRM Certified Professional",targeting a market research analyst position to utilize my educational background and experience to drive results and achieve career objectives
Sneha Mittal,23,Male,Master's,Biology,Master's in Biology,Indian Institute of Science,2020,2,Director of Operations,,strategic planning  customer service  social media marketing  budgeting  leadership  counseling  psychology,"Digital Marketing Institute Certified, Six Sigma Green Belt",looking for an opportunity as a director of operations to leverage my expertise in biology and make a meaningful impact in the industry
Harper Jackson,44,Male,Master's,Finance,Master's in Finance,Harvard University,2015,10,Market Research Analyst,Account Manager,financial analysis  leadership  team management  excel  project management,Licensed Professional Counselor,seeking a challenging role as a market research analyst where i can apply my skills and knowledge to contribute to organizational success and professional growth
Andrew Brown,29,Female,Bachelor's,Mechanical Engineering,Bachelor's in Mechanical Engineering,Manipal Institute of Technology,2023,1,Nurse,,data analysis  financial analysis  organizational skills  project management  negotiation  critical thinking  accounting  powerpoint,SHRM Certified Professional,seeking a challenging role as a business analyst where i can apply my skills and knowledge to contribute to organizational success and professional growth
Jackson Martinez,38,Male,Master's,Civil Engineering,"Master's in Civil Engineering, Bachelor's in Medicine",Chennai University,2024,0,,,adaptability  negotiation  compliance  financial analysis  emotional intelligence  time management,Registered Nurse License,seeking a challenging role as a account manager where i can apply my skills and knowledge to contribute to organizational success and professional growth
Jessica Thomas,35,Non-Binary,Master's,Communications,Master's in Communications,Armed Forces Medical College,2024,1,Digital Marketing Specialist,,psychology  strategic planning  patient care  content writing  budgeting  organizational skills  customer service  communication,"HubSpot Content Marketing, SHRM Certified Professional, Digital Marketing Institute Certified",looking for a nursing role where i can contribute to patient recovery  health education  and interdisciplinary healthcare team collaboration
Rohan Kim,40,Non-Binary,Master's,Political Science,"Master's in Political Science, Bachelor's in Journalism",University of California Berkeley,2019,0,,,customer service  organizational skills  strategic planning  time management  patient care  data analysis  compliance,"Certified Sales Professional, SHRM Certified Professional, Google Analytics Certified",targeting a digital marketing specialist position to utilize my educational background and experience to drive results and achieve career objectives
Mason Krishnan,40,Male,Diploma,Nursing,Diploma in Nursing,Armed Forces Medical College,2024,1,Market Research Analyst,,presentation skills  organizational skills  content writing  financial analysis  patient care,,targeting a market research analyst position to utilize my educational background and experience to drive results and achieve career objectives
Ankit White,45,Female,Diploma,Psychology,Diploma in Psychology,Chennai University,2025,0,,,data analysis  powerpoint  content writing  time management  psychology  marketing  problem solving,Licensed Professional Counselor,targeting a brand manager position to utilize my educational background and experience to drive results and achieve career objectives
Arjun Park,38,Male,PhD,Pharmacy,PhD in Pharmacy,University of Washington,2021,2,Mental Health Practitioner,,medical knowledge  marketing  strategic planning  accounting  counseling  organizational skills,"Licensed Professional Counselor, Project Management Professional, Six Sigma Green Belt",seeking a mental health practitioner position to provide compassionate counseling and therapy services to individuals struggling with mental health challenges
Harper Park,29,Male,Master's,Physics,Master's in Physics,University of Washington,2018,5,Sales Representative,,counseling  medical knowledge  critical thinking  team management  compliance  sales  communication,"Facebook Blueprint Certified, Registered Nurse License, Certified Public Accountant",looking for an opportunity as a sales representative to leverage my expertise in physics and make a meaningful impact in the industry
Olivia Zhou,29,Female,Master's,Medicine,Master's in Medicine,National Institute of Technology Trichy,2022,0,,,quality assurance  time management  critical thinking  accounting  leadership  financial analysis,,seeking a challenging role as a sales representative where i can apply my skills and knowledge to contribute to organizational success and professional growth
Jessica Nair,34,Non-Binary,Bachelor's,Physics,Bachelor's in Physics,Harvard University,2025,0,,,marketing  healthcare  quality assurance  excel,,targeting a dentist position to utilize my educational background and experience to drive results and achieve career objectives
Emily Verma,22,Male,Bachelor's,Business Administration,Bachelor's in Business Administration,Armed Forces Medical College,2017,8,Content Manager,"Brand Manager, Marketing Manager",customer service  organizational skills  critical thinking  adaptability  team management  financial analysis,"Project Management Professional, Certified Financial Analyst",seeking a challenging role as a content manager where i can apply my skills and knowledge to contribute to organizational success and professional growth
Aditi Zhang,32,Male,Master's,Dentistry,Master's in Dentistry,Armed Forces Medical College,2025,0,,,accounting  quality assurance  adaptability  content writing  excel  customer service  leadership,"Digital Marketing Institute Certified, Google Ads Certified, Registered Nurse License",seeking a mental health practitioner position to provide compassionate counseling and therapy services to individuals struggling with mental health challenges
Benjamin Verma,38,Male,Master's,Chemical Engineering,Master's in Chemical Engineering,University of Toronto,2016,3,Brand Manager,,healthcare  project management  customer service  organizational skills  counseling  adaptability  team management,"Project Management Professional, Registered Nurse License",seeking a challenging role as a brand manager where i can apply my skills and knowledge to contribute to organizational success and professional growth
Arjun Wilson,32,Non-Binary,PhD,Nursing,PhD in Nursing,Harvard University,2024,1,Customer Success Manager,,sales  budgeting  time management  compliance  team management  presentation skills  communication,Digital Marketing Institute Certified,looking for an opportunity as a customer success manager to leverage my expertise in nursing and make a meaningful impact in the industry
Jackson Nair,42,Female,Bachelor's,Chemical Engineering,Bachelor's in Chemical Engineering,Stanford University,2017,5,Project Manager,Salesperson,counseling  healthcare  project management  sales  budgeting  presentation skills  team management  emotional intelligence,"HubSpot Content Marketing, Facebook Blueprint Certified",targeting a project manager position to utilize my educational background and experience to drive results and achieve career objectives
Abhinav Agarwal,34,Female,Bachelor's,Business Administration,Bachelor's in Business Administration,University of Washington,2022,3,Counselor,,powerpoint  problem solving  medical knowledge  project management  excel  negotiation  time management,,seeking a challenging role as a counselor where i can apply my skills and knowledge to contribute to organizational success and professional growth
Aisha Sharma,26,Non-Binary,Bachelor's,Chemical Engineering,Bachelor's in Chemical Engineering,London School of Economics,2018,3,Project Manager,,data analysis  sales  critical thinking  compliance  social media marketing  problem solving  powerpoint  customer service,"Google Ads Certified, Certified Financial Analyst",seeking a challenging role as a sales representative where i can apply my skills and knowledge to contribute to organizational success and professional growth
Sneha Johnson,38,Non-Binary,Certificate,Mechanical Engineering,Certificate in Mechanical Engineering,University of Pennsylvania,2022,3,Operations Manager,,presentation skills  accounting  risk management  psychology  communication  negotiation,"Registered Nurse License, Certified Sales Professional, Certified Public Accountant",looking for a role as a mental health practitioner where i can utilize evidence based therapeutic approaches to support clients in their journey toward mental wellness
Vikram Zhou,25,Male,Bachelor's,Psychology,Bachelor's in Psychology,National Institute of Technology Trichy,2016,5,Financial Analyst,Project Manager,content writing  customer service  emotional intelligence  medical knowledge  compliance  accounting  marketing  critical thinking,"Licensed Professional Counselor, Certified Sales Professional",looking for a financial analyst role where i can apply my analytical skills to evaluate investment opportunities  assess financial performance  and prepare detailed reports
Ananya Chen,29,Female,Master's,Human Resources,Master's in Human Resources,University of Oxford,2018,4,Mental Health Practitioner,,data analysis  strategic planning  organizational skills  compliance  seo  risk management  excel  presentation skills,,seeking a challenging role as a dentist where i can apply my skills and knowledge to contribute to organizational success and professional growth
Abhinav Anderson,22,Non-Binary,Master's,Medicine,Master's in Medicine,Massachusetts Institute of Technology,2025,0,,,financial analysis  problem solving  compliance  content writing  critical thinking  strategic planning  budgeting  adaptability,"Google Ads Certified, SHRM Certified Professional",looking for an opportunity as a digital marketing specialist to leverage my expertise in medicine and make a meaningful impact in the industry
Ethan Lee,38,Non-Binary,Master's,Supply Chain Management,Master's in Supply Chain Management,Birla Institute of Technology,2015,7,Nurse,,customer service  counseling  budgeting  quality assurance  marketing  time management  excel,"Registered Nurse License, Certified Financial Analyst, Google Analytics Certified",targeting a nurse position to apply my clinical knowledge and caring attitude in delivering comprehensive patient care and support
Aisha Zhang,41,Non-Binary,Diploma,Chemical Engineering,Diploma in Chemical Engineering,Delhi University,2023,1,Nurse,,compliance  healthcare  time management  strategic planning  financial analysis  adaptability  organizational skills  powerpoint,"Google Ads Certified, Digital Marketing Institute Certified, Facebook Blueprint Certified",targeting a content manager position to utilize my educational background and experience to drive results and achieve career objectives
Kavya Wilson,42,Non-Binary,High School,Sociology,High School in Sociology,University of Pennsylvania,2024,0,,,psychology  project management  time management  leadership  healthcare,"Google Ads Certified, SHRM Certified Professional, Licensed Professional Counselor",targeting a business development manager position to contribute to organizational growth through strategic planning  client acquisition  and partnership development
Ankit Smith,29,Non-Binary,Bachelor's,Human Resources,Bachelor's in Human Resources,Georgia Institute of Technology,2020,4,Director of Operations,"Counselor, Brand Manager",time management  problem solving  customer service  budgeting  compliance  excel,"SHRM Certified Professional, Registered Nurse License, Google Analytics Certified",seeking a challenging role as a director of operations where i can apply my skills and knowledge to contribute to organizational success and professional growth
Christopher Menon,44,Non-Binary,PhD,Supply Chain Management,PhD in Supply Chain Management,Delhi University,2017,5,Operations Manager,,excel  sales  emotional intelligence  patient care  seo,"Certified Public Accountant, Certified Sales Professional",looking for a financial analyst role where i can apply my analytical skills to evaluate investment opportunities  assess financial performance  and prepare detailed reports
Alexander Smith,39,Male,Bachelor's,Journalism,Bachelor's in Journalism,All India Institute of Medical Sciences,2020,5,Counselor,Financial Analyst,emotional intelligence  psychology  sales  presentation skills  quality assurance,,targeting a counselor position to utilize my educational background and experience to drive results and achieve career objectives
James Verma,40,Female,Master's,Operations Management,Master's in Operations Management,Massachusetts Institute of Technology,2016,9,Digital Marketing Specialist,,problem solving  presentation skills  communication  sales  content writing  critical thinking,,seeking a challenging role as a digital marketing specialist where i can apply my skills and knowledge to contribute to organizational success and professional growth
Vikram Liu,31,Non-Binary,Bachelor's,Supply Chain Management,Bachelor's in Supply Chain Management,Delhi University,2019,2,Account Manager,,psychology  powerpoint  patient care  adaptability,,seeking a registered nurse position to provide high quality patient care in a healthcare setting  utilizing clinical skills and compassionate bedside manner
Noah Zhang,26,Female,Master's,Nursing,"Master's in Nursing, Bachelor's in Communications",University of Oxford,2017,1,Marketing Manager,,sales  negotiation  patient care  powerpoint  presentation skills  financial analysis  seo,,seeking a marketing manager position to develop and execute comprehensive marketing strategies that drive brand awareness  customer engagement  and revenue growth
Abhinav Zhou,32,Male,Master's,Communications,"Master's in Communications, Bachelor's in Architecture",Bangalore University,2021,1,Project Manager,,risk management  project management  social media marketing  communication,"Licensed Professional Counselor, Digital Marketing Institute Certified",looking for an opportunity as a business analyst to leverage my expertise in communications and make a meaningful impact in the industry
Michael Kumar,31,Non-Binary,Master's,Supply Chain Management,Master's in Supply Chain Management,University of Oxford,2023,2,Human Resources Manager,,accounting  time management  content writing  financial analysis  customer service  strategic planning  negotiation  counseling,"Six Sigma Green Belt, Licensed Professional Counselor",looking for an opportunity as a human resources manager to leverage my expertise in supply chain management and make a meaningful impact in the industry
James Liu,40,Female,Bachelor's,Accounting,Bachelor's in Accounting,Indian Institute of Science,2015,4,Salesperson,,marketing  customer service  patient care  counseling  powerpoint  seo  communication  strategic planning,,targeting a salesperson position to utilize my educational background and experience to drive results and achieve career objectives
David Jones,23,Male,Bachelor's,Finance,Bachelor's in Finance,Manipal Institute of Technology,2025,0,,,strategic planning  powerpoint  communication  seo  budgeting  negotiation,,targeting a director of operations position to utilize my educational background and experience to drive results and achieve career objectives
Joshua Johnson,42,Male,Bachelor's,Pharmacy,Bachelor's in Pharmacy,London School of Economics,2025,0,,,healthcare  quality assurance  organizational skills  adaptability  counseling  negotiation  strategic planning  financial analysis,Registered Nurse License,targeting a business analyst position to utilize my educational background and experience to drive results and achieve career objectives
Isabella Kim,34,Male,Master's,Accounting,Master's in Accounting,University of California Berkeley,2017,1,Customer Success Manager,,seo  psychology  content writing  sales  team management  problem solving  budgeting  patient care,Google Ads Certified,targeting a customer success manager position to utilize my educational background and experience to drive results and achieve career objectives
Arya Kim,21,Non-Binary,Bachelor's,Marketing,Bachelor's in Marketing,University of Pennsylvania,2020,0,,,communication  customer service  problem solving  marketing  powerpoint  social media marketing  negotiation,Google Analytics Certified,seeking a registered nurse position to provide high quality patient care in a healthcare setting  utilizing clinical skills and compassionate bedside manner
Andrew Reddy,33,Non-Binary,Master's,Political Science,Master's in Political Science,University of Oxford,2022,0,,,data analysis  counseling  risk management  budgeting  critical thinking,"Google Ads Certified, Licensed Professional Counselor",seeking a challenging role as a human resources manager where i can apply my skills and knowledge to contribute to organizational success and professional growth
Meera Singh,31,Male,Master's,Architecture,Master's in Architecture,Carnegie Mellon University,2025,0,,,healthcare  negotiation  psychology  project management  excel  leadership  time management,Google Ads Certified,seeking a challenging role as a digital marketing specialist where i can apply my skills and knowledge to contribute to organizational success and professional growth
Evelyn Chen,27,Male,Bachelor's,Education,Bachelor's in Education,Armed Forces Medical College,2017,6,Digital Marketing Specialist,,data analysis  leadership  seo  customer service  budgeting  strategic planning  organizational skills  medical knowledge,Google Ads Certified,targeting a account manager position to utilize my educational background and experience to drive results and achieve career objectives
Mason Garcia,38,Non-Binary,Bachelor's,Economics,Bachelor's in Economics,University of Pennsylvania,2022,3,Director of Operations,,negotiation  powerpoint  seo  time management  content writing  social media marketing,"Certified Public Accountant, Certified Financial Analyst, Certified Sales Professional",targeting a director of operations position to utilize my educational background and experience to drive results and achieve career objectives
Emily Miller,29,Non-Binary,PhD,Operations Management,"PhD in Operations Management, Bachelor's in Economics",London School of Economics,2016,5,Operations Manager,"Human Resources Manager, Business Analyst",marketing  data analysis  accounting  presentation skills  adaptability  medical knowledge  organizational skills  budgeting,,looking for an opportunity as a operations manager to leverage my expertise in operations management and make a meaningful impact in the industry
Amanda Jain,27,Female,Master's,Biology,Master's in Biology,Stanford University,2023,0,,,negotiation  social media marketing  strategic planning  communication  patient care  emotional intelligence  healthcare  project management,Facebook Blueprint Certified,seeking a challenging role as a social media manager where i can apply my skills and knowledge to contribute to organizational success and professional growth
Ava Wu,38,Female,Master's,Political Science,Master's in Political Science,Amity University,2025,0,,,quality assurance  accounting  data analysis  emotional intelligence  sales  counseling  psychology  medical knowledge,"Certified Sales Professional, Six Sigma Green Belt",seeking a challenging role as a human resources manager where i can apply my skills and knowledge to contribute to organizational success and professional growth
Samantha Zhou,22,Male,High School,Pharmacy,High School in Pharmacy,Harvard University,2015,10,Counselor,"Digital Marketing Specialist, Mental Health Practitioner",customer service  critical thinking  project management  presentation skills  team management  data analysis  medical knowledge,Google Analytics Certified,seeking a challenging role as a counselor where i can apply my skills and knowledge to contribute to organizational success and professional growth
Mason Williams,36,Female,Master's,Human Resources,"Master's in Human Resources, Bachelor's in Journalism",Yale University,2016,1,Business Analyst,,project management  excel  communication  medical knowledge  risk management,,seeking a challenging role as a business analyst where i can apply my skills and knowledge to contribute to organizational success and professional growth
Sarah Mittal,44,Male,Bachelor's,Economics,Bachelor's in Economics,Carnegie Mellon University,2016,1,Market Research Analyst,,medical knowledge  budgeting  healthcare  emotional intelligence  strategic planning  leadership  project management,,seeking a challenging role as a market research analyst where i can apply my skills and knowledge to contribute to organizational success and professional growth
Abhinav Jain,40,Non-Binary,High School,Accounting,High School in Accounting,University of Cambridge,2024,1,Director of Operations,,accounting  negotiation  sales  budgeting  adaptability  psychology  financial analysis  risk management,,targeting a director of operations position to utilize my educational background and experience to drive results and achieve career objectives
Aadhya Park,26,Female,Master's,Political Science,Master's in Political Science,Georgia Institute of Technology,2020,4,Salesperson,,sales  content writing  healthcare  patient care  compliance  customer service  project management  team management,"Project Management Professional, Six Sigma Green Belt",seeking a challenging role as a salesperson where i can apply my skills and knowledge to contribute to organizational success and professional growth
Diya Rodriguez,33,Male,High School,Journalism,High School in Journalism,Manipal Institute of Technology,2025,0,,,counseling  healthcare  medical knowledge  patient care  team management  budgeting,,looking for an opportunity as a account manager to leverage my expertise in journalism and make a meaningful impact in the industry
Arjun Zhou,43,Non-Binary,Master's,Psychology,Master's in Psychology,Pune University,2019,1,Market Research Analyst,,budgeting  marketing  content writing  time management  excel,"Licensed Professional Counselor, Six Sigma Green Belt, Facebook Blueprint Certified",seeking a challenging role as a market research analyst where i can apply my skills and knowledge to contribute to organizational success and professional growth
Ava Patel,44,Male,High School,Chemical Engineering,High School in Chemical Engineering,Stanford University,2022,0,,,marketing  psychology  adaptability  customer service  negotiation  quality assurance  time management,"HubSpot Content Marketing, Project Management Professional, Digital Marketing Institute Certified",looking for a nursing role where i can contribute to patient recovery  health education  and interdisciplinary healthcare team collaboration
Harper Srinivasan,21,Female,Bachelor's,Accounting,Bachelor's in Accounting,SRM Institute of Science and Technology,2019,0,,,sales  emotional intelligence  seo  social media marketing  financial analysis  customer service  medical knowledge  compliance,,seeking a challenging role as a salesperson where i can apply my skills and knowledge to contribute to organizational success and professional growth
Ankit Verma,40,Female,PhD,Physics,PhD in Physics,Bangalore University,2020,1,Restaurant Specialist,,accounting  psychology  powerpoint  quality assurance  patient care  content writing  adaptability  team management,"Certified Financial Analyst, SHRM Certified Professional",looking for an opportunity as a operations manager to leverage my expertise in physics and make a meaningful impact in the industry
Ananya Bansal,29,Female,Bachelor's,Finance,Bachelor's in Finance,Armed Forces Medical College,2023,1,Nurse,,project management  marketing  patient care  risk management  problem solving  quality assurance  leadership  sales,,seeking a registered nurse position to provide high quality patient care in a healthcare setting  utilizing clinical skills and compassionate bedside manner
Rahul Smith,34,Non-Binary,High School,Psychology,High School in Psychology,University of California Berkeley,2020,3,Business Analyst,,psychology  accounting  sales  content writing,,looking for an opportunity as a business analyst to leverage my expertise in psychology and make a meaningful impact in the industry
Ethan Agarwal,28,Male,Master's,Medicine,"Master's in Medicine, Bachelor's in Education",Vellore Institute of Technology,2015,0,,,project management  organizational skills  psychology  time management,"HubSpot Content Marketing, Google Analytics Certified, Registered Nurse License",looking for an opportunity as a director of operations to leverage my expertise in medicine and make a meaningful impact in the industry
Liam Taylor,38,Non-Binary,Master's,Civil Engineering,Master's in Civil Engineering,Vellore Institute of Technology,2024,1,Marketing Manager,,problem solving  compliance  communication  sales  project management  time management  risk management,"Google Analytics Certified, Certified Sales Professional",looking for a marketing manager role where i can leverage digital marketing  content creation  and data analytics to achieve marketing objectives
Harper Mittal,23,Female,Master's,Architecture,Master's in Architecture,Mumbai University,2025,0,,,risk management  leadership  team management  project management  time management,"Registered Nurse License, Facebook Blueprint Certified, Certified Public Accountant",seeking a challenging role as a counselor where i can apply my skills and knowledge to contribute to organizational success and professional growth
Ankit Kumar,35,Non-Binary,Master's,Civil Engineering,Master's in Civil Engineering,Massachusetts Institute of Technology,2024,1,Market Research Analyst,,team management  leadership  psychology  critical thinking  social media marketing  organizational skills,Six Sigma Green Belt,looking for an opportunity as a market research analyst to leverage my expertise in civil engineering and make a meaningful impact in the industry
Jackson Park,43,Male,Bachelor's,Economics,Bachelor's in Economics,Yale University,2025,0,,,quality assurance  team management  patient care  organizational skills  content writing  critical thinking,"Registered Nurse License, SHRM Certified Professional, Six Sigma Green Belt",seeking a registered nurse position to provide high quality patient care in a healthcare setting  utilizing clinical skills and compassionate bedside manner
Olivia White,39,Female,Master's,Mechanical Engineering,Master's in Mechanical Engineering,University of Oxford,2018,2,Marketing Manager,,organizational skills  sales  powerpoint  budgeting  excel  project management  strategic planning  compliance,"HubSpot Content Marketing, Project Management Professional, Certified Financial Analyst",seeking a financial analyst position to provide financial insights  conduct market analysis  and support strategic decision making through comprehensive financial modeling
Noah Yang,43,Non-Binary,Master's,Communications,Master's in Communications,Georgia Institute of Technology,2015,0,,,marketing  accounting  patient care  communication  team management  counseling  medical knowledge  social media marketing,Registered Nurse License,targeting a salesperson position to utilize my educational background and experience to drive results and achieve career objectives
Evelyn Menon,26,Male,Bachelor's,Business Administration,Bachelor's in Business Administration,London School of Economics,2017,1,Mental Health Practitioner,,problem solving  sales  customer service  negotiation,"Certified Sales Professional, Google Ads Certified",targeting a business development manager position to contribute to organizational growth through strategic planning  client acquisition  and partnership development
Kavya Nair,41,Non-Binary,Diploma,Political Science,Diploma in Political Science,Carnegie Mellon University,2022,2,Business Analyst,,strategic planning  patient care  problem solving  adaptability,Digital Marketing Institute Certified,targeting a business analyst position to utilize my educational background and experience to drive results and achieve career objectives
Sophia Krishnan,35,Non-Binary,Bachelor's,Psychology,Bachelor's in Psychology,Harvard University,2017,6,Project Manager,"Content Manager, Financial Analyst",project management  leadership  problem solving  team management  medical knowledge,"Licensed Professional Counselor, Certified Financial Analyst, Certified Sales Professional",seeking a challenging role as a project manager where i can apply my skills and knowledge to contribute to organizational success and professional growth
Samantha Kim,42,Male,PhD,Architecture,PhD in Architecture,Columbia University,2025,0,,,time management  seo  adaptability  emotional intelligence  powerpoint  quality assurance  problem solving  strategic planning,"Google Ads Certified, Registered Nurse License, SHRM Certified Professional",looking for an opportunity as a operations manager to leverage my expertise in architecture and make a meaningful impact in the industry
Abhinav Srinivasan,32,Male,Master's,Dentistry,Master's in Dentistry,SRM Institute of Science and Technology,2020,2,Dentist,,financial analysis  marketing  data analysis  powerpoint  leadership  negotiation  time management  critical thinking,Digital Marketing Institute Certified,looking for an opportunity as a dentist to leverage my expertise in dentistry and make a meaningful impact in the industry
Aryan Park,42,Non-Binary,Bachelor's,Pharmacy,Bachelor's in Pharmacy,Indian Institute of Technology Bombay,2019,2,Brand Manager,,medical knowledge  organizational skills  healthcare  negotiation,"SHRM Certified Professional, Registered Nurse License",looking for an opportunity as a brand manager to leverage my expertise in pharmacy and make a meaningful impact in the industry
Aadhya Mittal,38,Female,Bachelor's,Accounting,Bachelor's in Accounting,SRM Institute of Science and Technology,2019,4,Business Development Manager,,negotiation  medical knowledge  social media marketing  time management  budgeting  strategic planning,,targeting a business development manager position to contribute to organizational growth through strategic planning  client acquisition  and partnership development
Abhinav Jackson,25,Female,Bachelor's,Accounting,Bachelor's in Accounting,Carnegie Mellon University,2024,0,,,strategic planning  financial analysis  communication  adaptability  medical knowledge  team management  compliance,"Certified Public Accountant, Google Analytics Certified",looking for an opportunity as a business analyst to leverage my expertise in accounting and make a meaningful impact in the industry
Jessica Wu,40,Non-Binary,PhD,Nursing,PhD in Nursing,Amity University,2015,5,Marketing Manager,,presentation skills  powerpoint  risk management  medical knowledge,,looking for a marketing manager role where i can leverage digital marketing  content creation  and data analytics to achieve marketing objectives
Emily Zhou,43,Male,PhD,Chemistry,PhD in Chemistry,University of Cambridge,2019,0,,,compliance  content writing  social media marketing  project management  adaptability  budgeting,"Licensed Professional Counselor, Certified Sales Professional, Project Management Professional",targeting a restaurant specialist position to utilize my educational background and experience to drive results and achieve career objectives
Michael Moore,23,Female,Master's,Chemical Engineering,Master's in Chemical Engineering,Indian Institute of Technology Delhi,2021,4,Dentist,,social media marketing  problem solving  adaptability  time management  organizational skills  healthcare  budgeting  critical thinking,,looking for an opportunity as a dentist to leverage my expertise in chemical engineering and make a meaningful impact in the industry
Lucas Martin,37,Male,Master's,Biology,Master's in Biology,Pune University,2024,0,,,patient care  healthcare  problem solving  financial analysis  negotiation,"Google Ads Certified, SHRM Certified Professional, Six Sigma Green Belt",looking for an opportunity as a content manager to leverage my expertise in biology and make a meaningful impact in the industry
Emily Srinivasan,29,Female,PhD,Business Administration,PhD in Business Administration,Indian Institute of Science,2020,0,,,social media marketing  data analysis  project management  risk management,"Google Analytics Certified, Google Ads Certified",looking for an opportunity as a market research analyst to leverage my expertise in business administration and make a meaningful impact in the industry
Akash Jackson,42,Non-Binary,Bachelor's,Communications,Bachelor's in Communications,University of Toronto,2020,0,,,patient care  powerpoint  compliance  seo  marketing  risk management  counseling  critical thinking,Certified Public Accountant,looking for an opportunity as a project manager to leverage my expertise in communications and make a meaningful impact in the industry
Rahul Sharma,22,Male,Master's,Sociology,"Master's in Sociology, Bachelor's in Physics",Pune University,2025,0,,,social media marketing  adaptability  problem solving  organizational skills  quality assurance  customer service,,targeting a sales representative position to utilize my educational background and experience to drive results and achieve career objectives
Rohan Venkatesh,34,Female,Master's,Business Administration,Master's in Business Administration,Indian Institute of Technology Bombay,2024,1,Counselor,,problem solving  seo  communication  medical knowledge  patient care  content writing  compliance,"Licensed Professional Counselor, Certified Financial Analyst, Google Ads Certified",seeking a challenging role as a director of operations where i can apply my skills and knowledge to contribute to organizational success and professional growth
Sneha Subramanian,21,Female,Bachelor's,Supply Chain Management,Bachelor's in Supply Chain Management,Armed Forces Medical College,2020,0,,,patient care  healthcare  quality assurance  strategic planning  financial analysis  critical thinking,Facebook Blueprint Certified,seeking a challenging role as a customer success manager where i can apply my skills and knowledge to contribute to organizational success and professional growth
Amelia Lee,31,Non-Binary,Master's,Medicine,"Master's in Medicine, Bachelor's in Operations Management",London School of Economics,2021,3,Nurse,Salesperson,financial analysis  seo  data analysis  marketing,Digital Marketing Institute Certified,looking for a nursing role where i can contribute to patient recovery  health education  and interdisciplinary healthcare team collaboration
Arjun Wu,31,Non-Binary,Bachelor's,Psychology,Bachelor's in Psychology,Pune University,2015,0,,,data analysis  time management  sales  customer service,"Six Sigma Green Belt, HubSpot Content Marketing",targeting a market research analyst position to utilize my educational background and experience to drive results and achieve career objectives
Aadhya Agarwal,36,Non-Binary,Master's,Physics,Master's in Physics,University of Oxford,2022,0,,,social media marketing  excel  financial analysis  team management  customer service  organizational skills  adaptability,"Certified Financial Analyst, Project Management Professional",targeting a operations manager position to utilize my educational background and experience to drive results and achieve career objectives
Michael Miller,26,Non-Binary,PhD,Marketing,PhD in Marketing,Columbia University,2020,2,Social Media Manager,,seo  project management  powerpoint  problem solving,Google Ads Certified,targeting a social media manager position to utilize my educational background and experience to drive results and achieve career objectives
Alexander Wu,38,Male,Master's,Chemistry,Master's in Chemistry,SRM Institute of Science and Technology,2023,1,Brand Manager,,psychology  problem solving  quality assurance  data analysis  adaptability,Certified Public Accountant,looking for an opportunity as a brand manager to leverage my expertise in chemistry and make a meaningful impact in the industry
Aditi Singh,42,Female,Bachelor's,Sociology,Bachelor's in Sociology,Carnegie Mellon University,2017,2,Human Resources Manager,,budgeting  emotional intelligence  psychology  strategic planning  financial analysis  sales,,looking for an opportunity as a customer success manager to leverage my expertise in sociology and make a meaningful impact in the industry
Andrew Menon,40,Non-Binary,Master's,Chemical Engineering,"Master's in Chemical Engineering, Bachelor's in Sociology",National Institute of Technology Trichy,2022,1,Project Manager,,customer service  accounting  presentation skills  compliance  healthcare  excel  budgeting  sales,Certified Sales Professional,targeting a digital marketing specialist position to utilize my educational background and experience to drive results and achieve career objectives
Alexander Chen,26,Male,PhD,Chemistry,PhD in Chemistry,Indian Institute of Science,2021,1,Mental Health Practitioner,,project management  strategic planning  adaptability  patient care  excel  marketing  medical knowledge  leadership,"Licensed Professional Counselor, Google Ads Certified",targeting a mental health practitioner position to make a meaningful impact in people s lives through professional counseling  assessment  and treatment planning
Sneha Mittal,29,Non-Binary,PhD,Biology,PhD in Biology,All India Institute of Medical Sciences,2022,2,Counselor,,communication  team management  financial analysis  budgeting  risk management  counseling,,seeking a challenging role as a counselor where i can apply my skills and knowledge to contribute to organizational success and professional growth
Harper Taylor,26,Female,Bachelor's,Political Science,Bachelor's in Political Science,Columbia University,2024,1,Project Manager,,problem solving  financial analysis  leadership  medical knowledge  time management  sales,"Google Ads Certified, Certified Public Accountant",seeking a challenging role as a customer success manager where i can apply my skills and knowledge to contribute to organizational success and professional growth
Aadhya Kim,42,Non-Binary,Master's,Supply Chain Management,Master's in Supply Chain Management,Christian Medical College,2024,0,,,negotiation  marketing  strategic planning  time management  presentation skills  problem solving,"Six Sigma Green Belt, Google Ads Certified",targeting a digital marketing specialist position to utilize my educational background and experience to drive results and achieve career objectives
Diya Kumar,30,Female,Master's,Education,Master's in Education,Pune University,2019,1,Project Manager,,sales  time management  medical knowledge  presentation skills  emotional intelligence  strategic planning  social media marketing,"Google Analytics Certified, Project Management Professional, Certified Public Accountant",targeting a social media manager position to utilize my educational background and experience to drive results and achieve career objectives
Sophia Srinivasan,35,Male,Master's,Medicine,Master's in Medicine,Stanford University,2024,0,,,content writing  marketing  compliance  leadership,"Digital Marketing Institute Certified, SHRM Certified Professional, Google Analytics Certified",seeking a challenging role as a sales representative where i can apply my skills and knowledge to contribute to organizational success and professional growth
Arya Jain,22,Male,High School,Medicine,High School in Medicine,Indian Institute of Technology Bombay,2023,2,Business Development Manager,,leadership  strategic planning  healthcare  budgeting,"Registered Nurse License, Certified Public Accountant, Project Management Professional",targeting a business development manager position to contribute to organizational growth through strategic planning  client acquisition  and partnership development
Christopher Reddy,43,Female,Bachelor's,English Literature,Bachelor's in English Literature,Amity University,2023,1,Dentist,,excel  psychology  quality assurance  patient care  team management  content writing,,targeting a dentist position to utilize my educational background and experience to drive results and achieve career objectives
Akash Srinivasan,37,Male,Master's,Dentistry,"Master's in Dentistry, Bachelor's in Nursing",Indian Institute of Technology Bombay,2022,3,Mental Health Practitioner,Restaurant Specialist,social media marketing  excel  seo  content writing  powerpoint  financial analysis  organizational skills  risk management,,looking for a marketing manager role where i can leverage digital marketing  content creation  and data analytics to achieve marketing objectives
Joshua Srinivasan,33,Female,PhD,Biology,"PhD in Biology, Bachelor's in Sociology",All India Institute of Medical Sciences,2020,0,,,financial analysis  healthcare  time management  customer service,,targeting a mental health practitioner position to make a meaningful impact in people s lives through professional counseling  assessment  and treatment planning
Akash Liu,28,Female,High School,Civil Engineering,High School in Civil Engineering,Indian Institute of Technology Delhi,2020,1,Project Manager,,sales  patient care  adaptability  medical knowledge  organizational skills  social media marketing,"Project Management Professional, Six Sigma Green Belt, SHRM Certified Professional",targeting a project manager position to utilize my educational background and experience to drive results and achieve career objectives
Olivia Rodriguez,38,Male,Bachelor's,Human Resources,Bachelor's in Human Resources,Christian Medical College,2023,2,Sales Representative,,patient care  seo  excel  adaptability  presentation skills  quality assurance  communication  problem solving,Six Sigma Green Belt,looking for an opportunity as a sales representative to leverage my expertise in human resources and make a meaningful impact in the industry
Vikram Chen,42,Non-Binary,Master's,Communications,Master's in Communications,Pune University,2015,3,Dentist,,leadership  psychology  patient care  organizational skills  powerpoint  customer service,"Certified Financial Analyst, Certified Public Accountant",seeking a challenging role as a dentist where i can apply my skills and knowledge to contribute to organizational success and professional growth
Harper Wang,45,Female,Master's,Sociology,Master's in Sociology,Chennai University,2020,0,,,data analysis  healthcare  communication  content writing  team management  time management  risk management  compliance,"Digital Marketing Institute Certified, Certified Public Accountant",looking for an opportunity as a business analyst to leverage my expertise in sociology and make a meaningful impact in the industry
Rahul White,30,Non-Binary,Bachelor's,Human Resources,Bachelor's in Human Resources,Harvard University,2024,1,Marketing Manager,,organizational skills  healthcare  adaptability  customer service  patient care  team management  project management,HubSpot Content Marketing,looking for an opportunity as a social media manager to leverage my expertise in human resources and make a meaningful impact in the industry
Liam Smith,25,Non-Binary,PhD,Biology,"PhD in Biology, Bachelor's in English Literature",Bangalore University,2025,0,,,strategic planning  accounting  leadership  patient care  counseling  social media marketing  psychology  medical knowledge,"HubSpot Content Marketing, Digital Marketing Institute Certified",looking for an opportunity as a business analyst to leverage my expertise in biology and make a meaningful impact in the industry
Abhinav Wilson,34,Non-Binary,Bachelor's,Journalism,Bachelor's in Journalism,All India Institute of Medical Sciences,2018,5,Social Media Manager,,psychology  compliance  communication  leadership  project management,,looking for an opportunity as a social media manager to leverage my expertise in journalism and make a meaningful impact in the industry
Emma Brown,25,Female,PhD,Chemical Engineering,"PhD in Chemical Engineering, Bachelor's in Architecture",Birla Institute of Technology,2017,7,Business Development Manager,Marketing Manager,seo  critical thinking  accounting  psychology  risk management  patient care  social media marketing  communication,,seeking a business development manager position to identify new market opportunities  build strategic partnerships  and drive revenue growth through relationship building
Alexander Menon,45,Female,High School,Marketing,High School in Marketing,University of California Berkeley,2025,0,,,project management  customer service  quality assurance  organizational skills  data analysis  communication,Certified Financial Analyst,seeking a registered nurse position to provide high quality patient care in a healthcare setting  utilizing clinical skills and compassionate bedside manner
Harper Gupta,44,Male,Master's,Medicine,Master's in Medicine,Delhi University,2025,0,,,social media marketing  excel  team management  budgeting,,looking for an opportunity as a human resources manager to leverage my expertise in medicine and make a meaningful impact in the industry
Ava Wang,41,Male,PhD,Journalism,PhD in Journalism,Armed Forces Medical College,2020,0,,,critical thinking  organizational skills  marketing  patient care  quality assurance  strategic planning  budgeting  compliance,"Registered Nurse License, SHRM Certified Professional, Six Sigma Green Belt",looking for an opportunity as a salesperson to leverage my expertise in journalism and make a meaningful impact in the industry
Lucas Reddy,45,Male,Bachelor's,Human Resources,Bachelor's in Human Resources,Manipal Institute of Technology,2016,0,,,quality assurance  content writing  negotiation  sales  patient care  compliance  accounting  time management,,looking for an opportunity as a dentist to leverage my expertise in human resources and make a meaningful impact in the industry
Abhinav Mittal,32,Non-Binary,Master's,Physics,Master's in Physics,University of Washington,2021,3,Project Manager,Nurse,strategic planning  budgeting  organizational skills  powerpoint  psychology,"HubSpot Content Marketing, Six Sigma Green Belt, Google Analytics Certified",targeting a counselor position to utilize my educational background and experience to drive results and achieve career objectives
Harper Thompson,27,Non-Binary,Master's,Education,Master's in Education,Technical University of Munich,2021,4,Restaurant Specialist,Nurse,quality assurance  excel  time management  content writing  customer service  seo,Registered Nurse License,looking for an opportunity as a restaurant specialist to leverage my expertise in education and make a meaningful impact in the industry
Ethan Davis,43,Male,Bachelor's,Civil Engineering,Bachelor's in Civil Engineering,Indian Institute of Technology Delhi,2024,0,,,counseling  customer service  data analysis  excel  compliance  sales,Google Ads Certified,looking for an opportunity as a content manager to leverage my expertise in civil engineering and make a meaningful impact in the industry
Andrew Wilson,24,Male,Master's,Education,"Master's in Education, Bachelor's in Biology",University of Cambridge,2022,0,,,sales  presentation skills  customer service  budgeting,"Certified Public Accountant, SHRM Certified Professional, Certified Sales Professional",targeting a salesperson position to utilize my educational background and experience to drive results and achieve career objectives
Ashley Johnson,26,Non-Binary,High School,Education,High School in Education,Birla Institute of Technology,2015,10,Content Manager,"Director of Operations, Sales Representative, Customer Success Manager",presentation skills  critical thinking  medical knowledge  budgeting  social media marketing  counseling,,seeking a challenging role as a content manager where i can apply my skills and knowledge to contribute to organizational success and professional growth
Aadhya Smith,34,Non-Binary,PhD,Marketing,PhD in Marketing,Mumbai University,2015,0,,,emotional intelligence  powerpoint  data analysis  counseling,"Certified Financial Analyst, Certified Sales Professional",looking for an opportunity as a director of operations to leverage my expertise in marketing and make a meaningful impact in the industry
Ananya Wu,35,Non-Binary,Bachelor's,Accounting,Bachelor's in Accounting,SRM Institute of Science and Technology,2025,0,,,project management  counseling  compliance  psychology  organizational skills  emotional intelligence  data analysis  critical thinking,,seeking a challenging role as a human resources manager where i can apply my skills and knowledge to contribute to organizational success and professional growth
Aditi Sharma,33,Female,Diploma,Communications,Diploma in Communications,University of Oxford,2020,0,,,communication  powerpoint  counseling  accounting  organizational skills  project management,,seeking a challenging role as a account manager where i can apply my skills and knowledge to contribute to organizational success and professional growth
Noah Jackson,22,Non-Binary,Master's,Operations Management,Master's in Operations Management,Bangalore University,2020,1,Digital Marketing Specialist,,strategic planning  adaptability  sales  presentation skills,"SHRM Certified Professional, Facebook Blueprint Certified",targeting a salesperson position to utilize my educational background and experience to drive results and achieve career objectives
Emily Mittal,22,Female,Bachelor's,Business Administration,Bachelor's in Business Administration,Massachusetts Institute of Technology,2023,1,Nurse,,compliance  communication  critical thinking  quality assurance  excel  organizational skills  powerpoint,,seeking a registered nurse position to provide high quality patient care in a healthcare setting  utilizing clinical skills and compassionate bedside manner
Andrew Wang,28,Female,Master's,Education,"Master's in Education, Bachelor's in Chemical Engineering",University of Pennsylvania,2021,1,Digital Marketing Specialist,,powerpoint  excel  organizational skills  adaptability  psychology,Project Management Professional,seeking a challenging role as a digital marketing specialist where i can apply my skills and knowledge to contribute to organizational success and professional growth
Noah Smith,41,Female,PhD,Marketing,"PhD in Marketing, Bachelor's in English Literature",University of Toronto,2017,2,Operations Manager,,healthcare  critical thinking  problem solving  social media marketing  patient care,HubSpot Content Marketing,targeting a operations manager position to utilize my educational background and experience to drive results and achieve career objectives
Ashley Zhou,25,Male,Master's,Pharmacy,Master's in Pharmacy,Indian Institute of Technology Delhi,2025,0,,,strategic planning  communication  team management  medical knowledge,,targeting a director of operations position to utilize my educational background and experience to drive results and achieve career objectives
Rohan Martin,37,Female,Bachelor's,Accounting,Bachelor's in Accounting,Indian Institute of Technology Delhi,2019,2,Human Resources Manager,,healthcare  patient care  accounting  presentation skills,SHRM Certified Professional,looking for an opportunity as a market research analyst to leverage my expertise in accounting and make a meaningful impact in the industry
Samantha Krishnan,38,Non-Binary,Master's,Journalism,"Master's in Journalism, Bachelor's in Medicine",Armed Forces Medical College,2025,0,,,seo  financial analysis  adaptability  patient care,,seeking a business development manager position to identify new market opportunities  build strategic partnerships  and drive revenue growth through relationship building
Aadhya Wang,25,Female,Bachelor's,Architecture,Bachelor's in Architecture,London School of Economics,2016,0,,,problem solving  budgeting  leadership  social media marketing,,looking for a business development manager role where i can utilize my sales expertise and market knowledge to expand business reach and profitability
Emma Jones,43,Non-Binary,High School,Nursing,High School in Nursing,Chennai University,2024,0,,,sales  seo  strategic planning  counseling  marketing,"Google Ads Certified, Project Management Professional, Certified Sales Professional",seeking a marketing manager position to develop and execute comprehensive marketing strategies that drive brand awareness  customer engagement  and revenue growth
Andrew Jain,37,Female,Bachelor's,Chemistry,Bachelor's in Chemistry,Pune University,2023,2,Director of Operations,,customer service  critical thinking  organizational skills  psychology  presentation skills  counseling  negotiation  quality assurance,,looking for an opportunity as a director of operations to leverage my expertise in chemistry and make a meaningful impact in the industry
Jackson Reddy,38,Non-Binary,Master's,Nursing,Master's in Nursing,University of California Berkeley,2023,0,,,healthcare  content writing  problem solving  budgeting  organizational skills  negotiation  customer service  patient care,"Licensed Professional Counselor, HubSpot Content Marketing",targeting a dentist position to utilize my educational background and experience to drive results and achieve career objectives
Samantha Reddy,26,Male,Bachelor's,English Literature,Bachelor's in English Literature,University of Toronto,2016,7,Brand Manager,Social Media Manager,organizational skills  social media marketing  critical thinking  budgeting  medical knowledge  marketing  strategic planning  emotional intelligence,Project Management Professional,targeting a account manager position to utilize my educational background and experience to drive results and achieve career objectives
Vikram Yang,24,Male,Bachelor's,Chemistry,Bachelor's in Chemistry,Manipal Institute of Technology,2015,2,Sales Representative,,excel  communication  emotional intelligence  strategic planning  psychology  critical thinking  accounting  compliance,Project Management Professional,seeking a challenging role as a sales representative where i can apply my skills and knowledge to contribute to organizational success and professional growth
Arjun Liu,35,Female,Bachelor's,Accounting,Bachelor's in Accounting,Armed Forces Medical College,2020,3,Market Research Analyst,,psychology  excel  team management  social media marketing  quality assurance,,seeking a challenging role as a market research analyst where i can apply my skills and knowledge to contribute to organizational success and professional growth
Christopher Kumar,32,Non-Binary,Master's,Medicine,Master's in Medicine,Indian Institute of Technology Bombay,2025,0,,,budgeting  counseling  excel  accounting  organizational skills  project management  adaptability,Digital Marketing Institute Certified,targeting a human resources manager position to utilize my educational background and experience to drive results and achieve career objectives
Akash Martin,42,Non-Binary,Diploma,Marketing,Diploma in Marketing,Indian Institute of Technology Bombay,2019,5,Operations Manager,Dentist,healthcare  team management  financial analysis  customer service  organizational skills  psychology,Certified Public Accountant,targeting a operations manager position to utilize my educational background and experience to drive results and achieve career objectives
Alexander Moore,26,Male,Master's,Supply Chain Management,Master's in Supply Chain Management,Chennai University,2021,3,Account Manager,,medical knowledge  compliance  communication  quality assurance,,looking for an opportunity as a account manager to leverage my expertise in supply chain management and make a meaningful impact in the industry
Sophia Wang,33,Male,Bachelor's,Architecture,Bachelor's in Architecture,Indian Institute of Science,2022,3,Digital Marketing Specialist,Content Manager,psychology  project management  content writing  organizational skills  risk management  healthcare,"HubSpot Content Marketing, Certified Sales Professional",seeking a financial analyst position to provide financial insights  conduct market analysis  and support strategic decision making through comprehensive financial modeling
Matthew Jones,39,Female,Bachelor's,Pharmacy,Bachelor's in Pharmacy,Carnegie Mellon University,2016,2,Brand Manager,,healthcare  seo  presentation skills  sales  strategic planning  financial analysis  customer service  excel,Registered Nurse License,looking for an opportunity as a brand manager to leverage my expertise in pharmacy and make a meaningful impact in the industry
Jessica Bansal,44,Female,PhD,English Literature,PhD in English Literature,Yale University,2024,0,,,content writing  sales  emotional intelligence  problem solving  financial analysis  budgeting,,targeting a director of operations position to utilize my educational background and experience to drive results and achieve career objectives
Karan Martin,25,Non-Binary,Bachelor's,Pharmacy,Bachelor's in Pharmacy,University of Cambridge,2022,1,Digital Marketing Specialist,,healthcare  problem solving  marketing  sales  time management  seo  patient care  risk management,Google Ads Certified,seeking a challenging role as a dentist where i can apply my skills and knowledge to contribute to organizational success and professional growth
Charlotte Menon,28,Male,Bachelor's,Nursing,Bachelor's in Nursing,Chennai University,2019,3,Financial Analyst,Operations Manager,strategic planning  customer service  psychology  compliance  patient care,,looking for a nursing role where i can contribute to patient recovery  health education  and interdisciplinary healthcare team collaboration
Evelyn Moore,39,Non-Binary,PhD,Supply Chain Management,PhD in Supply Chain Management,Pune University,2016,4,Restaurant Specialist,,excel  psychology  risk management  marketing  powerpoint  data analysis,"HubSpot Content Marketing, Registered Nurse License, Google Ads Certified",looking for an opportunity as a restaurant specialist to leverage my expertise in supply chain management and make a meaningful impact in the industry
Isabella Thomas,21,Non-Binary,Master's,Psychology,Master's in Psychology,Chennai University,2024,1,Business Development Manager,,adaptability  customer service  medical knowledge  seo  compliance  healthcare,"SHRM Certified Professional, Digital Marketing Institute Certified, Licensed Professional Counselor",seeking a challenging role as a sales representative where i can apply my skills and knowledge to contribute to organizational success and professional growth
Jackson Sharma,35,Female,Bachelor's,Chemistry,Bachelor's in Chemistry,University of Toronto,2025,0,,,time management  data analysis  healthcare  marketing,"Project Management Professional, Certified Sales Professional",seeking a challenging role as a sales representative where i can apply my skills and knowledge to contribute to organizational success and professional growth
Jackson Smith,34,Male,Bachelor's,Biology,Bachelor's in Biology,Indian Institute of Technology Bombay,2015,10,Operations Manager,"Business Development Manager, Social Media Manager",project management  accounting  medical knowledge  presentation skills  budgeting,Certified Public Accountant,seeking a challenging role as a salesperson where i can apply my skills and knowledge to contribute to organizational success and professional growth
Akash Thomas,44,Non-Binary,Bachelor's,English Literature,Bachelor's in English Literature,University of Pennsylvania,2019,5,Restaurant Specialist,"Operations Manager, Nurse",seo  powerpoint  data analysis  medical knowledge  emotional intelligence  social media marketing,Registered Nurse License,seeking a challenging role as a restaurant specialist where i can apply my skills and knowledge to contribute to organizational success and professional growth
Rahul Williams,41,Male,PhD,Political Science,PhD in Political Science,Delhi University,2021,3,Mental Health Practitioner,Nurse,medical knowledge  emotional intelligence  accounting  psychology  quality assurance  strategic planning  marketing  presentation skills,"Certified Financial Analyst, Digital Marketing Institute Certified, SHRM Certified Professional",targeting a mental health practitioner position to make a meaningful impact in people s lives through professional counseling  assessment  and treatment planning
Abhinav Wu,41,Non-Binary,Bachelor's,Accounting,Bachelor's in Accounting,Indian Institute of Science,2015,7,Business Development Manager,Dentist,strategic planning  leadership  budgeting  risk management  data analysis  seo  critical thinking  problem solving,,looking for an opportunity as a human resources manager to leverage my expertise in accounting and make a meaningful impact in the industry
Liam Wilson,35,Non-Binary,PhD,Nursing,PhD in Nursing,Harvard University,2022,0,,,leadership  adaptability  marketing  organizational skills  counseling  patient care  project management,Facebook Blueprint Certified,seeking a challenging role as a market research analyst where i can apply my skills and knowledge to contribute to organizational success and professional growth
Ankit Williams,33,Non-Binary,Bachelor's,Education,Bachelor's in Education,Georgia Institute of Technology,2020,2,Digital Marketing Specialist,,patient care  data analysis  budgeting  psychology  communication  adaptability  critical thinking  customer service,"Facebook Blueprint Certified, Google Analytics Certified, Licensed Professional Counselor",targeting a social media manager position to utilize my educational background and experience to drive results and achieve career objectives
Noah Garcia,25,Male,Bachelor's,Education,Bachelor's in Education,Bangalore University,2018,0,,,excel  data analysis  communication  organizational skills  psychology,"Google Ads Certified, Facebook Blueprint Certified, Google Analytics Certified",looking for an opportunity as a human resources manager to leverage my expertise in education and make a meaningful impact in the industry
Harper Gupta,37,Female,Diploma,Chemical Engineering,Diploma in Chemical Engineering,Yale University,2016,2,Account Manager,,project management  budgeting  team management  quality assurance,Registered Nurse License,looking for a financial analyst role where i can apply my analytical skills to evaluate investment opportunities  assess financial performance  and prepare detailed reports
Abhinav Agarwal,21,Female,Bachelor's,Physics,Bachelor's in Physics,University of Toronto,2021,2,Market Research Analyst,,presentation skills  data analysis  counseling  team management  financial analysis  negotiation,"Google Ads Certified, HubSpot Content Marketing, Six Sigma Green Belt",looking for an opportunity as a market research analyst to leverage my expertise in physics and make a meaningful impact in the industry
Arjun Mittal,27,Male,Certificate,Accounting,Certificate in Accounting,University of Washington,2025,0,,,quality assurance  leadership  sales  organizational skills  problem solving,Licensed Professional Counselor,targeting a social media manager position to utilize my educational background and experience to drive results and achieve career objectives
Liam Johnson,44,Female,Bachelor's,Physics,Bachelor's in Physics,Carnegie Mellon University,2023,0,,,emotional intelligence  powerpoint  data analysis  critical thinking  leadership  excel  marketing  budgeting,"Facebook Blueprint Certified, Google Analytics Certified, Certified Public Accountant",looking for a business development manager role where i can utilize my sales expertise and market knowledge to expand business reach and profitability
Christopher Rao,29,Male,PhD,Psychology,PhD in Psychology,Massachusetts Institute of Technology,2018,2,Operations Manager,,presentation skills  adaptability  healthcare  project management  critical thinking  time management,"Digital Marketing Institute Certified, Project Management Professional",seeking a challenging role as a operations manager where i can apply my skills and knowledge to contribute to organizational success and professional growth
Sneha Rodriguez,42,Female,Bachelor's,Human Resources,Bachelor's in Human Resources,University of Toronto,2024,0,,,healthcare  strategic planning  seo  psychology  social media marketing  patient care,"Project Management Professional, Licensed Professional Counselor, Google Ads Certified",seeking a challenging role as a operations manager where i can apply my skills and knowledge to contribute to organizational success and professional growth
Sarah Park,23,Female,Bachelor's,Human Resources,Bachelor's in Human Resources,Harvard University,2024,0,,,strategic planning  emotional intelligence  financial analysis  time management,,targeting a restaurant specialist position to utilize my educational background and experience to drive results and achieve career objectives
James Thompson,38,Female,Bachelor's,Economics,Bachelor's in Economics,Massachusetts Institute of Technology,2024,1,Nurse,,communication  social media marketing  quality assurance  compliance  customer service  powerpoint  accounting,,targeting a nurse position to apply my clinical knowledge and caring attitude in delivering comprehensive patient care and support
Jessica Gupta,25,Female,Bachelor's,Nursing,Bachelor's in Nursing,National Institute of Technology Trichy,2021,3,Sales Representative,,financial analysis  patient care  budgeting  team management  risk management,Certified Public Accountant,seeking a challenging role as a sales representative where i can apply my skills and knowledge to contribute to organizational success and professional growth
Ethan Kim,33,Non-Binary,Master's,Civil Engineering,Master's in Civil Engineering,Pune University,2020,0,,,risk management  medical knowledge  data analysis  marketing  compliance  critical thinking  sales  financial analysis,"Google Analytics Certified, Certified Public Accountant",targeting a director of operations position to utilize my educational background and experience to drive results and achieve career objectives
Christopher Zhang,39,Non-Binary,Bachelor's,Medicine,Bachelor's in Medicine,Bangalore University,2022,2,Sales Representative,,team management  seo  marketing  strategic planning  counseling,,targeting a market research analyst position to utilize my educational background and experience to drive results and achieve career objectives
Evelyn Rodriguez,36,Male,Master's,Psychology,Master's in Psychology,London School of Economics,2019,0,,,budgeting  patient care  content writing  risk management  time management  emotional intelligence  healthcare,"Certified Financial Analyst, Registered Nurse License, HubSpot Content Marketing",looking for an opportunity as a social media manager to leverage my expertise in psychology and make a meaningful impact in the industry
Olivia Hernandez,32,Female,Master's,Business Administration,"Master's in Business Administration, Bachelor's in Journalism",Pune University,2019,4,Restaurant Specialist,Human Resources Manager,team management  leadership  powerpoint  marketing  data analysis  seo,Certified Financial Analyst,seeking a challenging role as a restaurant specialist where i can apply my skills and knowledge to contribute to organizational success and professional growth
Ankit Lee,39,Non-Binary,Bachelor's,Journalism,Bachelor's in Journalism,Birla Institute of Technology,2020,1,Financial Analyst,,critical thinking  powerpoint  project management  psychology  budgeting,,looking for a financial analyst role where i can apply my analytical skills to evaluate investment opportunities  assess financial performance  and prepare detailed reports
Michael Chen,27,Female,Bachelor's,Marketing,Bachelor's in Marketing,University of Toronto,2019,2,Dentist,,organizational skills  emotional intelligence  adaptability  excel  data analysis  content writing  powerpoint  compliance,"Google Analytics Certified, HubSpot Content Marketing, Licensed Professional Counselor",looking for an opportunity as a director of operations to leverage my expertise in marketing and make a meaningful impact in the industry
Karan Jain,33,Non-Binary,PhD,Journalism,"PhD in Journalism, Bachelor's in Operations Management",National Institute of Technology Trichy,2017,5,Counselor,,negotiation  problem solving  social media marketing  organizational skills  presentation skills  content writing  marketing  budgeting,"Registered Nurse License, HubSpot Content Marketing",targeting a counselor position to utilize my educational background and experience to drive results and achieve career objectives
Amanda Reddy,44,Male,Certificate,Political Science,Certificate in Political Science,Carnegie Mellon University,2022,3,Project Manager,Account Manager,time management  sales  marketing  customer service  project management  communication  healthcare  organizational skills,"Digital Marketing Institute Certified, Project Management Professional, Facebook Blueprint Certified",looking for an opportunity as a project manager to leverage my expertise in political science and make a meaningful impact in the industry
Sarah Liu,34,Female,Bachelor's,Supply Chain Management,Bachelor's in Supply Chain Management,Technical University of Munich,2021,1,Counselor,,social media marketing  team management  negotiation  communication  adaptability,"SHRM Certified Professional, Registered Nurse License",targeting a sales representative position to utilize my educational background and experience to drive results and achieve career objectives
Aditi Verma,25,Non-Binary,PhD,Finance,PhD in Finance,Vellore Institute of Technology,2020,5,Social Media Manager,Mental Health Practitioner,powerpoint  budgeting  emotional intelligence  patient care,"Six Sigma Green Belt, Google Ads Certified",targeting a social media manager position to utilize my educational background and experience to drive results and achieve career objectives
Harper Gupta,39,Non-Binary,Bachelor's,Marketing,Bachelor's in Marketing,SRM Institute of Science and Technology,2023,0,,,adaptability  excel  social media marketing  counseling  seo  compliance,"Google Analytics Certified, Certified Public Accountant, Google Ads Certified",seeking a challenging role as a restaurant specialist where i can apply my skills and knowledge to contribute to organizational success and professional growth
Isabella Johnson,27,Female,Bachelor's,Political Science,Bachelor's in Political Science,Armed Forces Medical College,2018,0,,,negotiation  excel  adaptability  budgeting,"Digital Marketing Institute Certified, HubSpot Content Marketing",looking for an opportunity as a social media manager to leverage my expertise in political science and make a meaningful impact in the industry
Sophia Park,35,Non-Binary,Master's,Architecture,Master's in Architecture,Pune University,2024,0,,,leadership  team management  time management  patient care  accounting  critical thinking  seo,SHRM Certified Professional,targeting a digital marketing specialist position to utilize my educational background and experience to drive results and achieve career objectives
Akash Kim,42,Female,Bachelor's,Pharmacy,Bachelor's in Pharmacy,University of Washington,2018,5,Business Development Manager,,problem solving  excel  leadership  content writing  sales  medical knowledge  seo,,targeting a dentist position to utilize my educational background and experience to drive results and achieve career objectives
Karan Davis,34,Female,Bachelor's,Civil Engineering,Bachelor's in Civil Engineering,Georgia Institute of Technology,2020,0,,,excel  social media marketing  content writing  presentation skills  communication,Project Management Professional,seeking a challenging role as a director of operations where i can apply my skills and knowledge to contribute to organizational success and professional growth
Noah Sharma,28,Male,Bachelor's,Dentistry,Bachelor's in Dentistry,Christian Medical College,2017,5,Director of Operations,,accounting  strategic planning  psychology  counseling  project management  emotional intelligence  powerpoint,"Licensed Professional Counselor, Project Management Professional, Certified Financial Analyst",targeting a marketing manager position to lead marketing campaigns  manage brand positioning  and collaborate with cross functional teams to drive business growth
Aditi Johnson,29,Non-Binary,Bachelor's,Business Administration,Bachelor's in Business Administration,Manipal Institute of Technology,2019,6,Dentist,Project Manager,presentation skills  problem solving  compliance  seo  negotiation,,looking for an opportunity as a dentist to leverage my expertise in business administration and make a meaningful impact in the industry
Evelyn Patel,39,Non-Binary,Master's,Operations Management,Master's in Operations Management,Stanford University,2022,3,Restaurant Specialist,Market Research Analyst,budgeting  seo  social media marketing  organizational skills,,looking for a role as a mental health practitioner where i can utilize evidence based therapeutic approaches to support clients in their journey toward mental wellness
David Lee,43,Female,Bachelor's,Dentistry,Bachelor's in Dentistry,SRM Institute of Science and Technology,2023,1,Marketing Manager,,data analysis  problem solving  project management  healthcare,"Certified Sales Professional, Six Sigma Green Belt",targeting a marketing manager position to lead marketing campaigns  manage brand positioning  and collaborate with cross functional teams to drive business growth
Priya Lee,25,Female,Master's,Marketing,Master's in Marketing,University of Washington,2018,3,Business Development Manager,,critical thinking  team management  emotional intelligence  healthcare  patient care,"Google Ads Certified, HubSpot Content Marketing",seeking a business development manager position to identify new market opportunities  build strategic partnerships  and drive revenue growth through relationship building
Ananya Bansal,23,Male,Diploma,Finance,Diploma in Finance,Stanford University,2025,0,,,quality assurance  team management  marketing  counseling  data analysis  budgeting  time management,"Facebook Blueprint Certified, Google Ads Certified, SHRM Certified Professional",seeking a challenging role as a business analyst where i can apply my skills and knowledge to contribute to organizational success and professional growth
Evelyn Kumar,36,Female,Master's,Supply Chain Management,Master's in Supply Chain Management,Birla Institute of Technology,2017,0,,,content writing  counseling  sales  problem solving  data analysis,"Google Ads Certified, Certified Public Accountant",looking for an opportunity as a brand manager to leverage my expertise in supply chain management and make a meaningful impact in the industry
Alexander Yang,29,Male,Bachelor's,Civil Engineering,Bachelor's in Civil Engineering,Delhi University,2025,0,,,leadership  psychology  organizational skills  content writing  marketing,"Digital Marketing Institute Certified, Registered Nurse License, Certified Sales Professional",targeting a business development manager position to contribute to organizational growth through strategic planning  client acquisition  and partnership development
David Hernandez,27,Male,Master's,Psychology,Master's in Psychology,Mumbai University,2015,0,,,excel  organizational skills  adaptability  accounting  leadership,"Six Sigma Green Belt, Facebook Blueprint Certified",seeking a challenging role as a project manager where i can apply my skills and knowledge to contribute to organizational success and professional growth
Aadhya Thomas,40,Non-Binary,Bachelor's,Architecture,Bachelor's in Architecture,All India Institute of Medical Sciences,2021,1,Digital Marketing Specialist,,strategic planning  critical thinking  sales  patient care  emotional intelligence  presentation skills,"HubSpot Content Marketing, SHRM Certified Professional, Digital Marketing Institute Certified",targeting a digital marketing specialist position to utilize my educational background and experience to drive results and achieve career objectives
Joshua Wilson,34,Male,Bachelor's,Civil Engineering,Bachelor's in Civil Engineering,Armed Forces Medical College,2016,5,Operations Manager,,critical thinking  seo  customer service  budgeting  data analysis  organizational skills  strategic planning,,targeting a operations manager position to utilize my educational background and experience to drive results and achieve career objectives
Arjun Verma,41,Female,Master's,Economics,"Master's in Economics, Bachelor's in Biology",Delhi University,2025,0,,,organizational skills  marketing  team management  seo  financial analysis  healthcare  powerpoint  sales,,looking for an opportunity as a social media manager to leverage my expertise in economics and make a meaningful impact in the industry
Sophia Jackson,28,Female,Master's,Supply Chain Management,"Master's in Supply Chain Management, Bachelor's in Architecture",Indian Institute of Technology Bombay,2025,0,,,data analysis  organizational skills  emotional intelligence  healthcare  customer service  leadership  powerpoint,"Certified Public Accountant, Licensed Professional Counselor, Certified Sales Professional",looking for an opportunity as a social media manager to leverage my expertise in supply chain management and make a meaningful impact in the industry
Ananya Williams,27,Non-Binary,Bachelor's,Sociology,Bachelor's in Sociology,Harvard University,2017,1,Business Development Manager,,team management  time management  presentation skills  seo,,seeking a challenging role as a project manager where i can apply my skills and knowledge to contribute to organizational success and professional growth
Charlotte Yang,30,Non-Binary,Master's,Finance,"Master's in Finance, Bachelor's in Journalism",Carnegie Mellon University,2023,2,Customer Success Manager,,content writing  financial analysis  time management  powerpoint  risk management  negotiation  excel  quality assurance,,looking for an opportunity as a customer success manager to leverage my expertise in finance and make a meaningful impact in the industry
Mason Martinez,45,Male,PhD,Political Science,"PhD in Political Science, Bachelor's in Biology",Delhi University,2021,2,Financial Analyst,,healthcare  data analysis  quality assurance  compliance,"Certified Sales Professional, Six Sigma Green Belt, Certified Financial Analyst",targeting a mental health practitioner position to make a meaningful impact in people s lives through professional counseling  assessment  and treatment planning
Mason Zhou,44,Male,Master's,Human Resources,"Master's in Human Resources, Bachelor's in Economics",Indian Institute of Technology Bombay,2019,0,,,organizational skills  data analysis  marketing  content writing  financial analysis,Digital Marketing Institute Certified,looking for an opportunity as a social media manager to leverage my expertise in human resources and make a meaningful impact in the industry
Emma Venkatesh,29,Non-Binary,Bachelor's,Finance,Bachelor's in Finance,Armed Forces Medical College,2024,1,Salesperson,,quality assurance  marketing  team management  negotiation  financial analysis  adaptability  presentation skills,Facebook Blueprint Certified,targeting a salesperson position to utilize my educational background and experience to drive results and achieve career objectives
Ananya Kim,26,Non-Binary,Master's,Finance,Master's in Finance,National Institute of Technology Trichy,2015,0,,,project management  presentation skills  financial analysis  medical knowledge,,looking for an opportunity as a project manager to leverage my expertise in finance and make a meaningful impact in the industry
Olivia Yang,26,Non-Binary,Bachelor's,English Literature,Bachelor's in English Literature,Amity University,2023,1,Financial Analyst,,sales  communication  critical thinking  team management  data analysis,"Google Analytics Certified, Six Sigma Green Belt",seeking a financial analyst position to provide financial insights  conduct market analysis  and support strategic decision making through comprehensive financial modeling
Michael Venkatesh,26,Non-Binary,Master's,Operations Management,Master's in Operations Management,Amity University,2018,3,Business Analyst,Digital Marketing Specialist,project management  accounting  patient care  financial analysis,Certified Financial Analyst,seeking a challenging role as a content manager where i can apply my skills and knowledge to contribute to organizational success and professional growth
Noah Reddy,34,Non-Binary,Bachelor's,Biology,Bachelor's in Biology,Technical University of Munich,2016,0,,,patient care  data analysis  budgeting  sales,Registered Nurse License,seeking a challenging role as a brand manager where i can apply my skills and knowledge to contribute to organizational success and professional growth
Olivia Mittal,42,Non-Binary,Master's,Nursing,Master's in Nursing,Massachusetts Institute of Technology,2023,2,Mental Health Practitioner,,content writing  sales  emotional intelligence  time management  financial analysis  problem solving  psychology  marketing,"Digital Marketing Institute Certified, Certified Financial Analyst",looking for an opportunity as a counselor to leverage my expertise in nursing and make a meaningful impact in the industry
Priya Rao,33,Male,Master's,Mechanical Engineering,Master's in Mechanical Engineering,University of Oxford,2018,2,Brand Manager,,seo  communication  critical thinking  accounting  time management  problem solving,,looking for an opportunity as a brand manager to leverage my expertise in mechanical engineering and make a meaningful impact in the industry
Michael Jain,35,Non-Binary,Master's,Chemistry,Master's in Chemistry,University of Washington,2021,3,Sales Representative,,negotiation  adaptability  data analysis  emotional intelligence  quality assurance  customer service  psychology,,targeting a sales representative position to utilize my educational background and experience to drive results and achieve career objectives
Benjamin Krishnan,24,Male,Bachelor's,Nursing,Bachelor's in Nursing,London School of Economics,2019,4,Mental Health Practitioner,Restaurant Specialist,quality assurance  seo  compliance  risk management  marketing  adaptability  social media marketing  emotional intelligence,"Certified Sales Professional, Facebook Blueprint Certified, Project Management Professional",targeting a salesperson position to utilize my educational background and experience to drive results and achieve career objectives
Priya Mittal,45,Non-Binary,Bachelor's,Journalism,Bachelor's in Journalism,University of Pennsylvania,2019,3,Salesperson,Digital Marketing Specialist,accounting  patient care  compliance  leadership,,targeting a salesperson position to utilize my educational background and experience to drive results and achieve career objectives
Meera Rodriguez,33,Female,Bachelor's,Architecture,Bachelor's in Architecture,University of California Berkeley,2021,4,Account Manager,Salesperson,quality assurance  adaptability  project management  powerpoint  presentation skills  marketing  content writing  accounting,"Google Analytics Certified, Registered Nurse License",looking for an opportunity as a account manager to leverage my expertise in architecture and make a meaningful impact in the industry
Aadhya Subramanian,26,Non-Binary,Master's,Supply Chain Management,"Master's in Supply Chain Management, Bachelor's in Civil Engineering",Indian Institute of Science,2021,4,Financial Analyst,,critical thinking  seo  marketing  team management,Registered Nurse License,seeking a financial analyst position to provide financial insights  conduct market analysis  and support strategic decision making through comprehensive financial modeling
Kavya Johnson,29,Non-Binary,PhD,Chemistry,PhD in Chemistry,Amity University,2024,1,Business Analyst,,presentation skills  communication  excel  team management,"Certified Financial Analyst, HubSpot Content Marketing",targeting a business analyst position to utilize my educational background and experience to drive results and achieve career objectives
Ananya Pillai,32,Female,Certificate,Medicine,Certificate in Medicine,Bangalore University,2021,3,Mental Health Practitioner,Brand Manager,accounting  psychology  communication  project management  powerpoint,,seeking a mental health practitioner position to provide compassionate counseling and therapy services to individuals struggling with mental health challenges
Aarav Taylor,33,Female,Bachelor's,Dentistry,Bachelor's in Dentistry,Carnegie Mellon University,2023,1,Nurse,,accounting  organizational skills  financial analysis  project management  quality assurance,"Google Ads Certified, Project Management Professional, Certified Sales Professional",seeking a challenging role as a sales representative where i can apply my skills and knowledge to contribute to organizational success and professional growth
Ankit Lee,45,Male,Bachelor's,Education,Bachelor's in Education,Indian Institute of Science,2021,2,Project Manager,,presentation skills  time management  organizational skills  adaptability,"Digital Marketing Institute Certified, SHRM Certified Professional",looking for an opportunity as a market research analyst to leverage my expertise in education and make a meaningful impact in the industry
Charlotte Smith,30,Male,Bachelor's,Supply Chain Management,Bachelor's in Supply Chain Management,Christian Medical College,2017,2,Social Media Manager,,critical thinking  counseling  financial analysis  risk management,Licensed Professional Counselor,seeking a challenging role as a social media manager where i can apply my skills and knowledge to contribute to organizational success and professional growth
Emily Garcia,27,Non-Binary,Master's,Pharmacy,Master's in Pharmacy,Delhi University,2020,4,Human Resources Manager,,problem solving  compliance  adaptability  risk management,"HubSpot Content Marketing, Six Sigma Green Belt, Facebook Blueprint Certified",seeking a challenging role as a human resources manager where i can apply my skills and knowledge to contribute to organizational success and professional growth
Sophia Menon,28,Female,High School,Marketing,High School in Marketing,Indian Institute of Technology Delhi,2018,2,Dentist,,emotional intelligence  counseling  sales  project management  customer service  compliance,,targeting a social media manager position to utilize my educational background and experience to drive results and achieve career objectives
Andrew Reddy,28,Non-Binary,Bachelor's,Civil Engineering,Bachelor's in Civil Engineering,National Institute of Technology Trichy,2017,4,Operations Manager,Social Media Manager,financial analysis  time management  negotiation  counseling  critical thinking,"Six Sigma Green Belt, Licensed Professional Counselor",targeting a operations manager position to utilize my educational background and experience to drive results and achieve career objectives
James Agarwal,33,Male,Diploma,Biology,Diploma in Biology,Chennai University,2019,2,Operations Manager,,customer service  accounting  team management  leadership  seo  budgeting,,looking for an opportunity as a operations manager to leverage my expertise in biology and make a meaningful impact in the industry
Lucas Reddy,28,Female,Master's,Chemistry,Master's in Chemistry,University of Pennsylvania,2018,3,Social Media Manager,,accounting  organizational skills  project management  medical knowledge  patient care  financial analysis,"Certified Public Accountant, Licensed Professional Counselor, SHRM Certified Professional",looking for an opportunity as a social media manager to leverage my expertise in chemistry and make a meaningful impact in the industry
Sneha Menon,21,Male,Bachelor's,Architecture,Bachelor's in Architecture,Indian Institute of Science,2023,2,Project Manager,,customer service  strategic planning  counseling  sales  marketing  medical knowledge  critical thinking,Registered Nurse License,seeking a challenging role as a account manager where i can apply my skills and knowledge to contribute to organizational success and professional growth
Benjamin Johnson,36,Non-Binary,Master's,Psychology,Master's in Psychology,Manipal Institute of Technology,2020,3,Business Analyst,,financial analysis  data analysis  seo  emotional intelligence  team management  risk management  customer service  project management,"Google Ads Certified, HubSpot Content Marketing, Registered Nurse License",seeking a challenging role as a salesperson where i can apply my skills and knowledge to contribute to organizational success and professional growth
Sneha Krishnan,24,Female,Bachelor's,Chemical Engineering,Bachelor's in Chemical Engineering,All India Institute of Medical Sciences,2024,1,Account Manager,,time management  healthcare  negotiation  team management  psychology  risk management,"Google Ads Certified, Registered Nurse License, Digital Marketing Institute Certified",looking for an opportunity as a account manager to leverage my expertise in chemical engineering and make a meaningful impact in the industry
Arjun Srinivasan,40,Non-Binary,Bachelor's,Physics,Bachelor's in Physics,Indian Institute of Science,2016,0,,,problem solving  emotional intelligence  leadership  adaptability  organizational skills  accounting  financial analysis,,targeting a brand manager position to utilize my educational background and experience to drive results and achieve career objectives
Rohan Anderson,36,Male,Master's,English Literature,Master's in English Literature,National Institute of Technology Trichy,2025,0,,,seo  sales  counseling  team management  time management  adaptability,"Certified Sales Professional, Six Sigma Green Belt, HubSpot Content Marketing",looking for an opportunity as a counselor to leverage my expertise in english literature and make a meaningful impact in the industry
Joshua Nair,45,Non-Binary,Bachelor's,Operations Management,Bachelor's in Operations Management,Bangalore University,2023,0,,,budgeting  psychology  presentation skills  customer service  time management  data analysis  medical knowledge  healthcare,"Licensed Professional Counselor, Certified Sales Professional, SHRM Certified Professional",targeting a digital marketing specialist position to utilize my educational background and experience to drive results and achieve career objectives
Joshua Jain,39,Male,Bachelor's,Marketing,Bachelor's in Marketing,Mumbai University,2024,1,Market Research Analyst,,budgeting  strategic planning  medical knowledge  compliance  content writing  problem solving  time management  sales,"Certified Public Accountant, Certified Financial Analyst, Project Management Professional",looking for an opportunity as a human resources manager to leverage my expertise in marketing and make a meaningful impact in the industry
Noah Jackson,36,Male,Master's,Physics,Master's in Physics,Christian Medical College,2023,0,,,customer service  data analysis  powerpoint  leadership,Six Sigma Green Belt,seeking a challenging role as a business analyst where i can apply my skills and knowledge to contribute to organizational success and professional growth
Meera Garcia,40,Female,PhD,Marketing,PhD in Marketing,Stanford University,2020,4,Marketing Manager,"Account Manager, Counselor",communication  leadership  psychology  patient care  adaptability  emotional intelligence,Certified Public Accountant,looking for an opportunity as a restaurant specialist to leverage my expertise in marketing and make a meaningful impact in the industry
Akash Lee,42,Female,Master's,English Literature,"Master's in English Literature, Bachelor's in Medicine",Harvard University,2015,8,Mental Health Practitioner,"Salesperson, Social Media Manager, Brand Manager",communication  critical thinking  sales  strategic planning  emotional intelligence  excel  quality assurance,,looking for a role as a mental health practitioner where i can utilize evidence based therapeutic approaches to support clients in their journey toward mental wellness
Benjamin Jain,28,Non-Binary,Bachelor's,Journalism,Bachelor's in Journalism,Technical University of Munich,2018,3,Nurse,Business Analyst,critical thinking  sales  financial analysis  problem solving  counseling  project management  leadership  content writing,"Project Management Professional, Digital Marketing Institute Certified",looking for a nursing role where i can contribute to patient recovery  health education  and interdisciplinary healthcare team collaboration
Noah Hernandez,45,Female,Bachelor's,Civil Engineering,Bachelor's in Civil Engineering,Stanford University,2015,8,Dentist,"Customer Success Manager, Brand Manager",counseling  quality assurance  patient care  negotiation  powerpoint,"Google Analytics Certified, SHRM Certified Professional",looking for an opportunity as a dentist to leverage my expertise in civil engineering and make a meaningful impact in the industry
Ethan Park,28,Male,Master's,Physics,Master's in Physics,Indian Institute of Science,2025,0,,,compliance  data analysis  counseling  marketing  sales,"HubSpot Content Marketing, Google Analytics Certified, Registered Nurse License",targeting a financial analyst position to contribute to financial planning  budgeting  and forecasting processes while ensuring accuracy and compliance
Jackson Reddy,36,Male,Master's,Economics,Master's in Economics,University of Toronto,2019,0,,,medical knowledge  healthcare  powerpoint  communication  seo  marketing  content writing  customer service,,targeting a project manager position to utilize my educational background and experience to drive results and achieve career objectives
Christopher Martin,23,Male,PhD,Communications,"PhD in Communications, Bachelor's in Chemistry",Carnegie Mellon University,2015,8,Human Resources Manager,Operations Manager,powerpoint  emotional intelligence  time management  financial analysis  medical knowledge  critical thinking,"Registered Nurse License, HubSpot Content Marketing",seeking a challenging role as a human resources manager where i can apply my skills and knowledge to contribute to organizational success and professional growth
Aadhya Miller,25,Female,Bachelor's,Mechanical Engineering,Bachelor's in Mechanical Engineering,Delhi University,2018,6,Social Media Manager,,sales  problem solving  critical thinking  social media marketing  emotional intelligence  budgeting  presentation skills  project management,SHRM Certified Professional,looking for an opportunity as a social media manager to leverage my expertise in mechanical engineering and make a meaningful impact in the industry
Rahul Moore,29,Non-Binary,Master's,Political Science,"Master's in Political Science, Bachelor's in Education",Amity University,2020,3,Content Manager,Market Research Analyst,data analysis  quality assurance  time management  budgeting,"Licensed Professional Counselor, Facebook Blueprint Certified",looking for an opportunity as a content manager to leverage my expertise in political science and make a meaningful impact in the industry
Lucas Williams,21,Non-Binary,Diploma,Supply Chain Management,Diploma in Supply Chain Management,Vellore Institute of Technology,2019,4,Project Manager,"Dentist, Business Analyst",marketing  sales  healthcare  excel  medical knowledge  accounting  financial analysis  social media marketing,,looking for an opportunity as a project manager to leverage my expertise in supply chain management and make a meaningful impact in the industry
Noah Pillai,36,Female,Master's,Chemistry,"Master's in Chemistry, Bachelor's in Psychology",Indian Institute of Technology Delhi,2024,1,Business Analyst,,presentation skills  powerpoint  patient care  organizational skills  risk management,"Project Management Professional, HubSpot Content Marketing, Certified Public Accountant",targeting a business analyst position to utilize my educational background and experience to drive results and achieve career objectives
Michael Verma,26,Non-Binary,Bachelor's,Accounting,Bachelor's in Accounting,Harvard University,2024,0,,,seo  team management  budgeting  social media marketing  compliance  critical thinking,Google Analytics Certified,targeting a customer success manager position to utilize my educational background and experience to drive results and achieve career objectives
Benjamin Thompson,35,Male,High School,Operations Management,High School in Operations Management,Manipal Institute of Technology,2017,3,Brand Manager,,leadership  project management  compliance  time management,,seeking a challenging role as a restaurant specialist where i can apply my skills and knowledge to contribute to organizational success and professional growth
Karan Reddy,43,Non-Binary,Bachelor's,Sociology,Bachelor's in Sociology,Manipal Institute of Technology,2017,1,Salesperson,,time management  budgeting  leadership  risk management  content writing,"HubSpot Content Marketing, SHRM Certified Professional, Registered Nurse License",seeking a challenging role as a social media manager where i can apply my skills and knowledge to contribute to organizational success and professional growth
Liam Rodriguez,21,Female,PhD,Education,PhD in Education,Christian Medical College,2016,3,Brand Manager,,data analysis  medical knowledge  sales  project management  team management,HubSpot Content Marketing,seeking a challenging role as a brand manager where i can apply my skills and knowledge to contribute to organizational success and professional growth
Kavya Moore,35,Non-Binary,Master's,Business Administration,Master's in Business Administration,Vellore Institute of Technology,2021,4,Social Media Manager,Human Resources Manager,team management  emotional intelligence  negotiation  patient care,"Google Ads Certified, Digital Marketing Institute Certified, Certified Public Accountant",looking for an opportunity as a social media manager to leverage my expertise in business administration and make a meaningful impact in the industry
Diya Wilson,21,Male,Bachelor's,Medicine,Bachelor's in Medicine,London School of Economics,2017,1,Social Media Manager,,communication  leadership  patient care  presentation skills  sales  adaptability,"Certified Public Accountant, Google Analytics Certified, Project Management Professional",looking for an opportunity as a social media manager to leverage my expertise in medicine and make a meaningful impact in the industry
Meera Singh,44,Non-Binary,Master's,Marketing,Master's in Marketing,Armed Forces Medical College,2016,1,Brand Manager,,compliance  content writing  customer service  project management  communication  patient care  medical knowledge,"Licensed Professional Counselor, Google Ads Certified",targeting a brand manager position to utilize my educational background and experience to drive results and achieve career objectives
Aisha Reddy,21,Female,Bachelor's,Medicine,Bachelor's in Medicine,Chennai University,2017,0,,,content writing  presentation skills  adaptability  organizational skills,Digital Marketing Institute Certified,looking for a marketing manager role where i can leverage digital marketing  content creation  and data analytics to achieve marketing objectives
Aadhya Mittal,31,Male,Bachelor's,Journalism,Bachelor's in Journalism,Pune University,2024,0,,,content writing  leadership  time management  adaptability,"Facebook Blueprint Certified, Certified Financial Analyst, Digital Marketing Institute Certified",targeting a restaurant specialist position to utilize my educational background and experience to drive results and achieve career objectives
Liam Martin,41,Non-Binary,Bachelor's,Finance,Bachelor's in Finance,Georgia Institute of Technology,2019,6,Counselor,"Market Research Analyst, Financial Analyst",risk management  medical knowledge  customer service  budgeting  adaptability,,seeking a challenging role as a counselor where i can apply my skills and knowledge to contribute to organizational success and professional growth
Arjun Agarwal,24,Non-Binary,Master's,Biology,Master's in Biology,Armed Forces Medical College,2019,3,Business Analyst,Social Media Manager,customer service  seo  patient care  powerpoint  time management  excel  healthcare  counseling,"Google Ads Certified, SHRM Certified Professional",seeking a challenging role as a project manager where i can apply my skills and knowledge to contribute to organizational success and professional growth
Evelyn Hernandez,22,Male,Master's,Dentistry,Master's in Dentistry,Carnegie Mellon University,2024,0,,,problem solving  leadership  quality assurance  psychology  marketing  presentation skills  medical knowledge,,looking for an opportunity as a salesperson to leverage my expertise in dentistry and make a meaningful impact in the industry
Karan Krishnan,25,Male,Bachelor's,Business Administration,Bachelor's in Business Administration,Delhi University,2018,4,Nurse,Human Resources Manager,excel  patient care  adaptability  psychology  critical thinking  strategic planning  medical knowledge,Facebook Blueprint Certified,seeking a registered nurse position to provide high quality patient care in a healthcare setting  utilizing clinical skills and compassionate bedside manner
Sneha Smith,24,Male,Master's,Architecture,"Master's in Architecture, Bachelor's in Economics",Vellore Institute of Technology,2022,1,Customer Success Manager,,time management  financial analysis  customer service  strategic planning  counseling  compliance,,looking for a marketing manager role where i can leverage digital marketing  content creation  and data analytics to achieve marketing objectives
Aadhya Brown,45,Male,High School,Psychology,High School in Psychology,Carnegie Mellon University,2024,0,,,healthcare  negotiation  patient care  content writing  psychology  counseling  excel  presentation skills,SHRM Certified Professional,targeting a mental health practitioner position to make a meaningful impact in people s lives through professional counseling  assessment  and treatment planning
Vikram Krishnan,45,Non-Binary,Certificate,Finance,Certificate in Finance,University of Washington,2018,0,,,patient care  communication  leadership  customer service,"SHRM Certified Professional, Google Ads Certified, Certified Sales Professional",looking for an opportunity as a restaurant specialist to leverage my expertise in finance and make a meaningful impact in the industry
Olivia White,44,Non-Binary,Master's,Operations Management,Master's in Operations Management,Christian Medical College,2022,3,Sales Representative,,team management  healthcare  communication  time management  patient care  psychology  seo,"Six Sigma Green Belt, Certified Public Accountant",seeking a challenging role as a sales representative where i can apply my skills and knowledge to contribute to organizational success and professional growth
Diya Srinivasan,37,Female,Master's,Medicine,Master's in Medicine,Harvard University,2020,0,,,sales  negotiation  accounting  customer service,,targeting a marketing manager position to lead marketing campaigns  manage brand positioning  and collaborate with cross functional teams to drive business growth
Rohan Kim,32,Non-Binary,Bachelor's,Architecture,Bachelor's in Architecture,Massachusetts Institute of Technology,2020,1,Social Media Manager,,adaptability  content writing  communication  sales  critical thinking  social media marketing  patient care  emotional intelligence,,looking for an opportunity as a social media manager to leverage my expertise in architecture and make a meaningful impact in the industry
Aarav Thompson,31,Female,PhD,Communications,"PhD in Communications, Bachelor's in Business Administration",Georgia Institute of Technology,2019,5,Content Manager,,organizational skills  time management  financial analysis  excel  powerpoint  presentation skills,Google Ads Certified,targeting a content manager position to utilize my educational background and experience to drive results and achieve career objectives
Andrew Menon,23,Non-Binary,Master's,Accounting,Master's in Accounting,Massachusetts Institute of Technology,2022,2,Human Resources Manager,,quality assurance  accounting  organizational skills  communication  content writing,"Digital Marketing Institute Certified, Project Management Professional, Six Sigma Green Belt",seeking a challenging role as a brand manager where i can apply my skills and knowledge to contribute to organizational success and professional growth
Benjamin Lee,27,Female,Bachelor's,Medicine,Bachelor's in Medicine,Mumbai University,2016,6,Brand Manager,,leadership  communication  content writing  team management  customer service  adaptability  project management,Six Sigma Green Belt,looking for an opportunity as a customer success manager to leverage my expertise in medicine and make a meaningful impact in the industry
Benjamin Krishnan,21,Female,Master's,Physics,"Master's in Physics, Bachelor's in Mechanical Engineering",Indian Institute of Technology Bombay,2015,0,,,project management  budgeting  data analysis  presentation skills,,targeting a market research analyst position to utilize my educational background and experience to drive results and achieve career objectives
Jackson Iyer,25,Female,Bachelor's,Marketing,Bachelor's in Marketing,University of Toronto,2023,0,,,social media marketing  financial analysis  strategic planning  counseling  customer service,Project Management Professional,looking for a business development manager role where i can utilize my sales expertise and market knowledge to expand business reach and profitability
Joshua Jackson,34,Female,Bachelor's,Operations Management,Bachelor's in Operations Management,Armed Forces Medical College,2018,4,Restaurant Specialist,,healthcare  team management  accounting  content writing  critical thinking  customer service,Certified Financial Analyst,seeking a challenging role as a restaurant specialist where i can apply my skills and knowledge to contribute to organizational success and professional growth
Karan Gupta,31,Male,High School,Chemical Engineering,High School in Chemical Engineering,Harvard University,2022,1,Brand Manager,,adaptability  compliance  content writing  problem solving  negotiation,"Six Sigma Green Belt, Registered Nurse License",looking for an opportunity as a brand manager to leverage my expertise in chemical engineering and make a meaningful impact in the industry
Samantha Agarwal,44,Non-Binary,Bachelor's,Civil Engineering,Bachelor's in Civil Engineering,University of Washington,2017,1,Content Manager,,patient care  accounting  communication  quality assurance  medical knowledge,"Licensed Professional Counselor, Google Ads Certified, Registered Nurse License",looking for an opportunity as a digital marketing specialist to leverage my expertise in civil engineering and make a meaningful impact in the industry
Michael Menon,35,Non-Binary,PhD,Dentistry,PhD in Dentistry,Chennai University,2015,0,,,risk management  budgeting  medical knowledge  team management  emotional intelligence  customer service,,seeking a challenging role as a content manager where i can apply my skills and knowledge to contribute to organizational success and professional growth
Sneha Martinez,37,Non-Binary,Master's,Pharmacy,Master's in Pharmacy,Armed Forces Medical College,2021,0,,,negotiation  critical thinking  time management  powerpoint  adaptability,,seeking a challenging role as a social media manager where i can apply my skills and knowledge to contribute to organizational success and professional growth
Akash Anderson,41,Female,PhD,Communications,PhD in Communications,Harvard University,2016,0,,,counseling  problem solving  data analysis  leadership  patient care,"Facebook Blueprint Certified, HubSpot Content Marketing",targeting a customer success manager position to utilize my educational background and experience to drive results and achieve career objectives
Karan Rao,45,Male,Master's,Marketing,Master's in Marketing,University of Cambridge,2023,2,Dentist,,budgeting  negotiation  communication  financial analysis  presentation skills,"Google Analytics Certified, Licensed Professional Counselor",targeting a business analyst position to utilize my educational background and experience to drive results and achieve career objectives
Vikram Davis,39,Female,Master's,Physics,"Master's in Physics, Bachelor's in Economics",Chennai University,2019,5,Financial Analyst,"Business Development Manager, Counselor",leadership  counseling  financial analysis  project management  medical knowledge  budgeting,,seeking a financial analyst position to provide financial insights  conduct market analysis  and support strategic decision making through comprehensive financial modeling
Ankit Liu,33,Male,Bachelor's,Human Resources,Bachelor's in Human Resources,National Institute of Technology Trichy,2015,3,Business Analyst,Project Manager,communication  negotiation  compliance  strategic planning  project management  counseling  psychology,"Project Management Professional, Facebook Blueprint Certified, Google Analytics Certified",targeting a business analyst position to utilize my educational background and experience to drive results and achieve career objectives
Karan Subramanian,22,Male,Bachelor's,Dentistry,Bachelor's in Dentistry,Yale University,2016,7,Project Manager,"Nurse, Market Research Analyst, Brand Manager",powerpoint  adaptability  risk management  marketing,Certified Public Accountant,looking for a nursing role where i can contribute to patient recovery  health education  and interdisciplinary healthcare team collaboration
Arya Wu,32,Non-Binary,Master's,Operations Management,Master's in Operations Management,Massachusetts Institute of Technology,2018,5,Nurse,"Business Development Manager, Market Research Analyst",problem solving  sales  organizational skills  critical thinking  content writing  financial analysis  budgeting  presentation skills,"Licensed Professional Counselor, Project Management Professional",seeking a registered nurse position to provide high quality patient care in a healthcare setting  utilizing clinical skills and compassionate bedside manner
Priya Smith,38,Non-Binary,Master's,Civil Engineering,"Master's in Civil Engineering, Bachelor's in Mechanical Engineering",University of California Berkeley,2021,0,,,risk management  social media marketing  budgeting  project management,Certified Financial Analyst,targeting a business analyst position to utilize my educational background and experience to drive results and achieve career objectives
Sneha Jain,45,Non-Binary,Master's,Accounting,Master's in Accounting,SRM Institute of Science and Technology,2015,6,Social Media Manager,,healthcare  problem solving  risk management  compliance  marketing,Certified Financial Analyst,seeking a challenging role as a social media manager where i can apply my skills and knowledge to contribute to organizational success and professional growth
Liam Rodriguez,38,Male,Master's,Education,"Master's in Education, Bachelor's in Pharmacy",Vellore Institute of Technology,2017,6,Business Development Manager,,counseling  budgeting  financial analysis  problem solving  leadership  communication,Certified Sales Professional,looking for an opportunity as a project manager to leverage my expertise in education and make a meaningful impact in the industry
Aryan Singh,33,Non-Binary,Master's,Physics,Master's in Physics,Massachusetts Institute of Technology,2021,0,,,budgeting  problem solving  excel  emotional intelligence  negotiation  communication,"Facebook Blueprint Certified, Certified Financial Analyst, Certified Sales Professional",seeking a challenging role as a project manager where i can apply my skills and knowledge to contribute to organizational success and professional growth
Meera Thomas,43,Non-Binary,PhD,Accounting,"PhD in Accounting, Bachelor's in Chemical Engineering",Indian Institute of Technology Delhi,2018,0,,,project management  marketing  medical knowledge  powerpoint  accounting  content writing,Registered Nurse License,targeting a dentist position to utilize my educational background and experience to drive results and achieve career objectives
Vikram Zhou,29,Male,Bachelor's,Nursing,Bachelor's in Nursing,Indian Institute of Technology Delhi,2019,5,Market Research Analyst,,presentation skills  social media marketing  content writing  time management  financial analysis  risk management  problem solving  team management,Project Management Professional,seeking a challenging role as a market research analyst where i can apply my skills and knowledge to contribute to organizational success and professional growth
James Jones,22,Male,Bachelor's,Marketing,Bachelor's in Marketing,Mumbai University,2018,1,Financial Analyst,,psychology  healthcare  counseling  content writing  excel  risk management  patient care,Google Analytics Certified,looking for a financial analyst role where i can apply my analytical skills to evaluate investment opportunities  assess financial performance  and prepare detailed reports
Aarav Jain,45,Female,PhD,Mechanical Engineering,PhD in Mechanical Engineering,Carnegie Mellon University,2017,1,Operations Manager,,compliance  quality assurance  financial analysis  marketing  critical thinking,"Google Analytics Certified, Six Sigma Green Belt, Licensed Professional Counselor",looking for an opportunity as a restaurant specialist to leverage my expertise in mechanical engineering and make a meaningful impact in the industry
Ananya Bansal,28,Non-Binary,Bachelor's,Journalism,Bachelor's in Journalism,Indian Institute of Technology Bombay,2017,4,Operations Manager,"Customer Success Manager, Restaurant Specialist",sales  emotional intelligence  data analysis  social media marketing  strategic planning  excel  critical thinking  leadership,"Digital Marketing Institute Certified, Google Analytics Certified, Registered Nurse License",looking for an opportunity as a operations manager to leverage my expertise in journalism and make a meaningful impact in the industry
Andrew White,35,Male,High School,Marketing,High School in Marketing,University of Toronto,2025,0,,,leadership  budgeting  powerpoint  project management,"Certified Public Accountant, Licensed Professional Counselor, Registered Nurse License",targeting a human resources manager position to utilize my educational background and experience to drive results and achieve career objectives
Samantha Jones,36,Non-Binary,Master's,Nursing,Master's in Nursing,Delhi University,2022,3,Market Research Analyst,,critical thinking  adaptability  marketing  problem solving  communication  healthcare  customer service,"HubSpot Content Marketing, Certified Public Accountant, Facebook Blueprint Certified",looking for an opportunity as a market research analyst to leverage my expertise in nursing and make a meaningful impact in the industry
Ava Zhou,45,Female,Master's,Physics,Master's in Physics,Pune University,2025,0,,,data analysis  adaptability  leadership  presentation skills  powerpoint  accounting  social media marketing,Project Management Professional,looking for an opportunity as a social media manager to leverage my expertise in physics and make a meaningful impact in the industry
Aisha Liu,27,Female,Bachelor's,English Literature,Bachelor's in English Literature,Stanford University,2021,0,,,medical knowledge  social media marketing  data analysis  adaptability  strategic planning  sales  problem solving,"Google Ads Certified, Six Sigma Green Belt, Certified Financial Analyst",looking for a financial analyst role where i can apply my analytical skills to evaluate investment opportunities  assess financial performance  and prepare detailed reports
Vikram Iyer,33,Non-Binary,Master's,Economics,Master's in Economics,University of Washington,2022,3,Director of Operations,Marketing Manager,psychology  negotiation  social media marketing  communication  data analysis  patient care,,looking for a nursing role where i can contribute to patient recovery  health education  and interdisciplinary healthcare team collaboration
Andrew Sharma,31,Male,Master's,Human Resources,"Master's in Human Resources, Bachelor's in Mechanical Engineering",Massachusetts Institute of Technology,2024,0,,,accounting  project management  psychology  negotiation  problem solving  adaptability  presentation skills,"Google Ads Certified, Licensed Professional Counselor, Facebook Blueprint Certified",seeking a challenging role as a director of operations where i can apply my skills and knowledge to contribute to organizational success and professional growth
Vikram Miller,25,Male,Master's,Physics,"Master's in Physics, Bachelor's in Operations Management",Massachusetts Institute of Technology,2022,3,Social Media Manager,,powerpoint  data analysis  leadership  counseling  customer service  accounting  critical thinking,Certified Financial Analyst,looking for an opportunity as a social media manager to leverage my expertise in physics and make a meaningful impact in the industry
Ananya Jackson,26,Male,Master's,Economics,Master's in Economics,University of California Berkeley,2021,0,,,psychology  marketing  content writing  social media marketing  medical knowledge  time management  excel  organizational skills,Project Management Professional,seeking a challenging role as a content manager where i can apply my skills and knowledge to contribute to organizational success and professional growth
Aryan Johnson,26,Male,PhD,Human Resources,PhD in Human Resources,Massachusetts Institute of Technology,2022,0,,,communication  sales  accounting  social media marketing  customer service  emotional intelligence  excel  budgeting,"Certified Public Accountant, Project Management Professional, Registered Nurse License",seeking a marketing manager position to develop and execute comprehensive marketing strategies that drive brand awareness  customer engagement  and revenue growth
Akash Moore,27,Female,PhD,Business Administration,PhD in Business Administration,Birla Institute of Technology,2019,3,Director of Operations,,team management  organizational skills  excel  powerpoint,Registered Nurse License,looking for an opportunity as a director of operations to leverage my expertise in business administration and make a meaningful impact in the industry
Emma Krishnan,29,Female,Bachelor's,Medicine,Bachelor's in Medicine,Bangalore University,2024,1,Project Manager,,presentation skills  team management  patient care  critical thinking,"Project Management Professional, Digital Marketing Institute Certified",targeting a project manager position to utilize my educational background and experience to drive results and achieve career objectives
Sophia Yang,40,Male,Bachelor's,Education,Bachelor's in Education,Stanford University,2019,4,Nurse,,data analysis  customer service  compliance  accounting  organizational skills  project management  medical knowledge,"Google Analytics Certified, Licensed Professional Counselor, Certified Sales Professional",looking for a business development manager role where i can utilize my sales expertise and market knowledge to expand business reach and profitability
Matthew Martin,35,Female,Master's,Economics,Master's in Economics,Christian Medical College,2019,3,Customer Success Manager,Mental Health Practitioner,adaptability  counseling  powerpoint  compliance  problem solving,"Project Management Professional, Certified Financial Analyst",seeking a challenging role as a human resources manager where i can apply my skills and knowledge to contribute to organizational success and professional growth
Abhinav Menon,21,Non-Binary,Master's,Finance,"Master's in Finance, Bachelor's in Dentistry",Indian Institute of Science,2024,0,,,team management  seo  data analysis  strategic planning  psychology,"Google Analytics Certified, SHRM Certified Professional",looking for an opportunity as a sales representative to leverage my expertise in finance and make a meaningful impact in the industry
Olivia Garcia,27,Male,High School,Economics,High School in Economics,Carnegie Mellon University,2024,0,,,strategic planning  team management  quality assurance  patient care  data analysis  critical thinking,"Licensed Professional Counselor, Project Management Professional",looking for an opportunity as a counselor to leverage my expertise in economics and make a meaningful impact in the industry
Isabella Anderson,43,Non-Binary,PhD,Medicine,PhD in Medicine,University of Cambridge,2018,2,Financial Analyst,,quality assurance  organizational skills  counseling  patient care  sales  adaptability  accounting  healthcare,Google Analytics Certified,seeking a financial analyst position to provide financial insights  conduct market analysis  and support strategic decision making through comprehensive financial modeling
Aadhya Menon,21,Female,Master's,Human Resources,Master's in Human Resources,Mumbai University,2024,0,,,marketing  social media marketing  time management  customer service  seo,,seeking a challenging role as a project manager where i can apply my skills and knowledge to contribute to organizational success and professional growth
Ankit Mittal,28,Female,Bachelor's,Marketing,Bachelor's in Marketing,University of Oxford,2025,0,,,adaptability  psychology  social media marketing  customer service  team management  communication  excel,SHRM Certified Professional,seeking a challenging role as a operations manager where i can apply my skills and knowledge to contribute to organizational success and professional growth
Ethan Anderson,40,Male,Master's,Economics,Master's in Economics,University of Washington,2025,0,,,strategic planning  presentation skills  project management  negotiation  data analysis  marketing  psychology,"Digital Marketing Institute Certified, Registered Nurse License, HubSpot Content Marketing",targeting a financial analyst position to contribute to financial planning  budgeting  and forecasting processes while ensuring accuracy and compliance
Amelia Miller,33,Male,PhD,Accounting,PhD in Accounting,University of Oxford,2020,2,Mental Health Practitioner,,financial analysis  marketing  presentation skills  patient care  healthcare  compliance  communication  medical knowledge,Certified Sales Professional,seeking a mental health practitioner position to provide compassionate counseling and therapy services to individuals struggling with mental health challenges
Matthew Agarwal,23,Female,Master's,Biology,Master's in Biology,University of California Berkeley,2019,6,Customer Success Manager,"Operations Manager, Sales Representative, Human Resources Manager",critical thinking  sales  time management  powerpoint,Certified Public Accountant,targeting a customer success manager position to utilize my educational background and experience to drive results and achieve career objectives
Arjun Miller,35,Non-Binary,Diploma,Chemistry,Diploma in Chemistry,Carnegie Mellon University,2024,0,,,content writing  customer service  quality assurance  negotiation  problem solving,"Google Ads Certified, Six Sigma Green Belt",looking for an opportunity as a restaurant specialist to leverage my expertise in chemistry and make a meaningful impact in the industry
Andrew Menon,36,Female,High School,Chemical Engineering,High School in Chemical Engineering,Stanford University,2017,8,Brand Manager,"Restaurant Specialist, Nurse, Business Analyst",excel  powerpoint  accounting  marketing  healthcare  customer service  organizational skills,"Licensed Professional Counselor, Certified Public Accountant, Facebook Blueprint Certified",looking for an opportunity as a brand manager to leverage my expertise in chemical engineering and make a meaningful impact in the industry
Sarah Nair,32,Non-Binary,Master's,Nursing,Master's in Nursing,University of Oxford,2021,4,Customer Success Manager,Account Manager,critical thinking  financial analysis  risk management  social media marketing  patient care,Project Management Professional,targeting a project manager position to utilize my educational background and experience to drive results and achieve career objectives
James Yang,32,Male,Master's,Physics,Master's in Physics,All India Institute of Medical Sciences,2017,4,Business Development Manager,"Marketing Manager, Account Manager",seo  data analysis  customer service  financial analysis  compliance  communication  healthcare  project management,Licensed Professional Counselor,targeting a business development manager position to contribute to organizational growth through strategic planning  client acquisition  and partnership development
Samantha Miller,26,Non-Binary,High School,Economics,High School in Economics,Armed Forces Medical College,2021,3,Business Development Manager,Financial Analyst,time management  customer service  organizational skills  data analysis  communication,,seeking a business development manager position to identify new market opportunities  build strategic partnerships  and drive revenue growth through relationship building
Ava Anderson,22,Non-Binary,Bachelor's,Nursing,Bachelor's in Nursing,Massachusetts Institute of Technology,2015,1,Business Development Manager,,risk management  organizational skills  team management  leadership,SHRM Certified Professional,seeking a business development manager position to identify new market opportunities  build strategic partnerships  and drive revenue growth through relationship building
Charlotte Wu,27,Non-Binary,Master's,Accounting,Master's in Accounting,Armed Forces Medical College,2015,2,Business Development Manager,,budgeting  customer service  team management  organizational skills  marketing  excel,,targeting a business development manager position to contribute to organizational growth through strategic planning  client acquisition  and partnership development
Abhinav Wilson,33,Female,Bachelor's,Political Science,Bachelor's in Political Science,Bangalore University,2015,0,,,risk management  financial analysis  social media marketing  patient care,"Google Analytics Certified, Google Ads Certified",looking for a marketing manager role where i can leverage digital marketing  content creation  and data analytics to achieve marketing objectives
Sophia White,26,Male,Bachelor's,Marketing,Bachelor's in Marketing,University of Toronto,2019,3,Human Resources Manager,,content writing  presentation skills  emotional intelligence  project management  sales  financial analysis  accounting,"Certified Public Accountant, Project Management Professional, Certified Sales Professional",targeting a human resources manager position to utilize my educational background and experience to drive results and achieve career objectives
Ananya Hernandez,32,Female,PhD,Pharmacy,PhD in Pharmacy,Manipal Institute of Technology,2019,1,Market Research Analyst,,budgeting  data analysis  risk management  healthcare  psychology,"Registered Nurse License, Project Management Professional, Facebook Blueprint Certified",seeking a challenging role as a market research analyst where i can apply my skills and knowledge to contribute to organizational success and professional growth
Lucas Jackson,23,Female,Bachelor's,Biology,Bachelor's in Biology,Technical University of Munich,2017,0,,,accounting  leadership  team management  medical knowledge  financial analysis  negotiation  adaptability  budgeting,Digital Marketing Institute Certified,seeking a challenging role as a market research analyst where i can apply my skills and knowledge to contribute to organizational success and professional growth
Isabella Pillai,28,Female,Bachelor's,Operations Management,Bachelor's in Operations Management,Vellore Institute of Technology,2023,2,Restaurant Specialist,,compliance  seo  presentation skills  time management,"Registered Nurse License, Licensed Professional Counselor",targeting a restaurant specialist position to utilize my educational background and experience to drive results and achieve career objectives
Samantha Sharma,26,Female,PhD,Operations Management,"PhD in Operations Management, Bachelor's in Civil Engineering",Birla Institute of Technology,2018,4,Project Manager,,presentation skills  healthcare  medical knowledge  compliance  strategic planning  powerpoint,,seeking a challenging role as a project manager where i can apply my skills and knowledge to contribute to organizational success and professional growth
Diya Anderson,28,Non-Binary,PhD,Sociology,PhD in Sociology,Indian Institute of Science,2024,1,Director of Operations,,time management  data analysis  team management  excel  psychology  social media marketing  marketing,"Facebook Blueprint Certified, SHRM Certified Professional",looking for an opportunity as a director of operations to leverage my expertise in sociology and make a meaningful impact in the industry
Christopher Jackson,22,Female,Master's,Sociology,"Master's in Sociology, Bachelor's in Human Resources",Pune University,2016,7,Customer Success Manager,"Restaurant Specialist, Marketing Manager, Human Resources Manager",sales  organizational skills  marketing  presentation skills  problem solving  accounting  social media marketing,"Google Analytics Certified, Certified Financial Analyst",seeking a challenging role as a brand manager where i can apply my skills and knowledge to contribute to organizational success and professional growth
Christopher Hernandez,45,Male,Bachelor's,Supply Chain Management,Bachelor's in Supply Chain Management,Stanford University,2017,2,Dentist,,adaptability  customer service  problem solving  data analysis  medical knowledge  risk management,,seeking a challenging role as a dentist where i can apply my skills and knowledge to contribute to organizational success and professional growth
Aadhya Zhou,37,Female,Bachelor's,Education,Bachelor's in Education,Mumbai University,2015,3,Human Resources Manager,Sales Representative,healthcare  leadership  content writing  marketing  data analysis  powerpoint  quality assurance  financial analysis,,targeting a human resources manager position to utilize my educational background and experience to drive results and achieve career objectives
Jackson Brown,21,Female,Master's,Civil Engineering,"Master's in Civil Engineering, Bachelor's in Mechanical Engineering",Columbia University,2024,0,,,leadership  patient care  risk management  marketing  social media marketing,Google Ads Certified,targeting a digital marketing specialist position to utilize my educational background and experience to drive results and achieve career objectives
Aarav Zhou,37,Female,Master's,Architecture,Master's in Architecture,Manipal Institute of Technology,2024,1,Marketing Manager,,powerpoint  emotional intelligence  compliance  adaptability  patient care  medical knowledge,,seeking a marketing manager position to develop and execute comprehensive marketing strategies that drive brand awareness  customer engagement  and revenue growth
Ashley Nair,43,Non-Binary,PhD,Architecture,"PhD in Architecture, Bachelor's in Finance",University of Pennsylvania,2015,8,Operations Manager,,leadership  critical thinking  patient care  compliance  seo  financial analysis  communication,"SHRM Certified Professional, Digital Marketing Institute Certified",targeting a operations manager position to utilize my educational background and experience to drive results and achieve career objectives
Amelia Chen,44,Female,High School,Physics,High School in Physics,Birla Institute of Technology,2023,0,,,project management  strategic planning  patient care  seo  communication,"Google Analytics Certified, SHRM Certified Professional, Google Ads Certified",targeting a account manager position to utilize my educational background and experience to drive results and achieve career objectives
Meera Menon,26,Female,Bachelor's,Accounting,Bachelor's in Accounting,Christian Medical College,2019,1,Marketing Manager,,powerpoint  presentation skills  compliance  team management  risk management  psychology,,looking for a marketing manager role where i can leverage digital marketing  content creation  and data analytics to achieve marketing objectives
Emma Verma,27,Non-Binary,Master's,English Literature,"Master's in English Literature, Bachelor's in Operations Management",Armed Forces Medical College,2022,0,,,customer service  negotiation  critical thinking  adaptability  leadership,,looking for an opportunity as a digital marketing specialist to leverage my expertise in english literature and make a meaningful impact in the industry
Diya Johnson,23,Non-Binary,Bachelor's,English Literature,Bachelor's in English Literature,University of Oxford,2025,0,,,communication  psychology  problem solving  seo  time management,Six Sigma Green Belt,seeking a challenging role as a human resources manager where i can apply my skills and knowledge to contribute to organizational success and professional growth
Ashley Mittal,43,Non-Binary,PhD,Marketing,"PhD in Marketing, Bachelor's in Finance",Mumbai University,2025,0,,,marketing  medical knowledge  negotiation  problem solving  financial analysis  communication  excel  critical thinking,"Certified Sales Professional, HubSpot Content Marketing, Facebook Blueprint Certified",seeking a challenging role as a human resources manager where i can apply my skills and knowledge to contribute to organizational success and professional growth
Ananya Hernandez,41,Female,PhD,Journalism,PhD in Journalism,University of Washington,2021,0,,,quality assurance  customer service  emotional intelligence  communication  excel,"Facebook Blueprint Certified, Project Management Professional, Certified Public Accountant",looking for an opportunity as a digital marketing specialist to leverage my expertise in journalism and make a meaningful impact in the industry
Aditi Brown,21,Non-Binary,Master's,Business Administration,Master's in Business Administration,Birla Institute of Technology,2025,0,,,budgeting  seo  patient care  content writing,SHRM Certified Professional,looking for an opportunity as a business analyst to leverage my expertise in business administration and make a meaningful impact in the industry
Mason Iyer,31,Male,Master's,Psychology,"Master's in Psychology, Bachelor's in English Literature",Indian Institute of Technology Delhi,2021,0,,,quality assurance  emotional intelligence  data analysis  budgeting  time management,,targeting a human resources manager position to utilize my educational background and experience to drive results and achieve career objectives
Diya Hernandez,24,Male,Master's,Physics,Master's in Physics,Birla Institute of Technology,2021,2,Financial Analyst,,communication  team management  social media marketing  leadership  negotiation,,seeking a financial analyst position to provide financial insights  conduct market analysis  and support strategic decision making through comprehensive financial modeling
James Subramanian,33,Non-Binary,Master's,Sociology,Master's in Sociology,University of Washington,2019,2,Restaurant Specialist,,compliance  communication  team management  customer service  quality assurance  psychology,"Facebook Blueprint Certified, Certified Sales Professional",targeting a restaurant specialist position to utilize my educational background and experience to drive results and achieve career objectives
Aarav Srinivasan,23,Male,Diploma,Civil Engineering,Diploma in Civil Engineering,Amity University,2024,1,Customer Success Manager,,communication  data analysis  time management  accounting  patient care,,looking for an opportunity as a customer success manager to leverage my expertise in civil engineering and make a meaningful impact in the industry
Jackson Hernandez,31,Male,PhD,Education,PhD in Education,London School of Economics,2020,2,Salesperson,,counseling  presentation skills  financial analysis  problem solving,,seeking a challenging role as a salesperson where i can apply my skills and knowledge to contribute to organizational success and professional growth
Amelia Wang,29,Non-Binary,Master's,Finance,"Master's in Finance, Bachelor's in Business Administration",Pune University,2021,4,Business Analyst,Salesperson,accounting  compliance  marketing  problem solving  data analysis  social media marketing  counseling  excel,"Digital Marketing Institute Certified, Google Analytics Certified, Facebook Blueprint Certified",targeting a customer success manager position to utilize my educational background and experience to drive results and achieve career objectives
Aisha Bansal,32,Non-Binary,Bachelor's,Chemical Engineering,Bachelor's in Chemical Engineering,Armed Forces Medical College,2024,0,,,social media marketing  project management  problem solving  data analysis  healthcare,Digital Marketing Institute Certified,looking for an opportunity as a digital marketing specialist to leverage my expertise in chemical engineering and make a meaningful impact in the industry
Michael Moore,23,Female,PhD,Journalism,PhD in Journalism,Amity University,2018,7,Financial Analyst,"Operations Manager, Human Resources Manager, Content Manager",data analysis  excel  accounting  quality assurance  compliance  adaptability  organizational skills,SHRM Certified Professional,seeking a challenging role as a sales representative where i can apply my skills and knowledge to contribute to organizational success and professional growth
Charlotte Zhou,34,Male,Bachelor's,Medicine,Bachelor's in Medicine,Delhi University,2018,3,Content Manager,,data analysis  project management  problem solving  financial analysis  patient care  social media marketing  adaptability  marketing,,seeking a challenging role as a restaurant specialist where i can apply my skills and knowledge to contribute to organizational success and professional growth
Arjun Moore,21,Male,High School,Marketing,High School in Marketing,Technical University of Munich,2025,0,,,project management  budgeting  compliance  excel  strategic planning  medical knowledge,,seeking a challenging role as a salesperson where i can apply my skills and knowledge to contribute to organizational success and professional growth
Isabella Zhang,39,Male,Bachelor's,Finance,Bachelor's in Finance,Christian Medical College,2025,0,,,compliance  critical thinking  content writing  risk management  social media marketing,,targeting a mental health practitioner position to make a meaningful impact in people s lives through professional counseling  assessment  and treatment planning
Alexander Martinez,26,Non-Binary,Master's,Education,Master's in Education,SRM Institute of Science and Technology,2020,0,,,communication  emotional intelligence  adaptability  counseling  critical thinking  strategic planning,,targeting a social media manager position to utilize my educational background and experience to drive results and achieve career objectives
Rahul Jackson,34,Non-Binary,PhD,Finance,PhD in Finance,Chennai University,2021,0,,,patient care  social media marketing  budgeting  organizational skills  medical knowledge  healthcare,,seeking a challenging role as a content manager where i can apply my skills and knowledge to contribute to organizational success and professional growth
Priya Park,32,Male,Master's,Psychology,Master's in Psychology,University of Cambridge,2015,4,Human Resources Manager,,medical knowledge  quality assurance  project management  budgeting  problem solving  powerpoint  organizational skills  seo,"Digital Marketing Institute Certified, Certified Sales Professional, Google Ads Certified",targeting a human resources manager position to utilize my educational background and experience to drive results and achieve career objectives
Emma Wilson,28,Male,Master's,Chemical Engineering,Master's in Chemical Engineering,Bangalore University,2015,1,Digital Marketing Specialist,,critical thinking  patient care  project management  communication  leadership  negotiation  financial analysis  medical knowledge,Certified Sales Professional,seeking a challenging role as a digital marketing specialist where i can apply my skills and knowledge to contribute to organizational success and professional growth
Abhinav Mittal,43,Female,PhD,Human Resources,PhD in Human Resources,University of Cambridge,2019,3,Sales Representative,,strategic planning  excel  problem solving  negotiation  sales  accounting  presentation skills  leadership,HubSpot Content Marketing,looking for an opportunity as a sales representative to leverage my expertise in human resources and make a meaningful impact in the industry
Rahul Jackson,21,Female,Master's,English Literature,"Master's in English Literature, Bachelor's in Chemical Engineering",Indian Institute of Science,2023,1,Marketing Manager,,presentation skills  critical thinking  strategic planning  communication  risk management,"Licensed Professional Counselor, Certified Public Accountant, SHRM Certified Professional",targeting a marketing manager position to lead marketing campaigns  manage brand positioning  and collaborate with cross functional teams to drive business growth
Jackson Park,26,Non-Binary,Master's,Marketing,Master's in Marketing,Bangalore University,2023,0,,,healthcare  excel  social media marketing  leadership  adaptability  medical knowledge,,looking for an opportunity as a restaurant specialist to leverage my expertise in marketing and make a meaningful impact in the industry
Kavya Yang,23,Non-Binary,Master's,Finance,Master's in Finance,All India Institute of Medical Sciences,2015,7,Director of Operations,"Mental Health Practitioner, Sales Representative",problem solving  time management  counseling  patient care  adaptability  excel  emotional intelligence,"Google Analytics Certified, SHRM Certified Professional",seeking a challenging role as a director of operations where i can apply my skills and knowledge to contribute to organizational success and professional growth
Aadhya Liu,30,Female,PhD,Finance,"PhD in Finance, Bachelor's in English Literature",Indian Institute of Technology Bombay,2025,0,,,leadership  negotiation  adaptability  budgeting  patient care  counseling,Digital Marketing Institute Certified,looking for an opportunity as a project manager to leverage my expertise in finance and make a meaningful impact in the industry
Amelia Zhou,26,Non-Binary,Master's,Medicine,"Master's in Medicine, Bachelor's in Biology",National Institute of Technology Trichy,2024,0,,,patient care  time management  critical thinking  counseling  psychology  communication,"Six Sigma Green Belt, Facebook Blueprint Certified, Project Management Professional",looking for an opportunity as a business analyst to leverage my expertise in medicine and make a meaningful impact in the industry
Isabella Wang,34,Non-Binary,Master's,Nursing,Master's in Nursing,Stanford University,2021,4,Content Manager,"Operations Manager, Nurse",medical knowledge  social media marketing  sales  leadership  risk management  adaptability,"HubSpot Content Marketing, Facebook Blueprint Certified, Project Management Professional",targeting a counselor position to utilize my educational background and experience to drive results and achieve career objectives
Emma Singh,42,Non-Binary,Bachelor's,Education,Bachelor's in Education,Pune University,2021,0,,,organizational skills  presentation skills  customer service  excel,Facebook Blueprint Certified,looking for an opportunity as a content manager to leverage my expertise in education and make a meaningful impact in the industry
Kavya Davis,38,Female,Master's,Biology,Master's in Biology,National Institute of Technology Trichy,2017,0,,,negotiation  data analysis  emotional intelligence  project management  budgeting  adaptability  critical thinking,"Project Management Professional, HubSpot Content Marketing, Certified Financial Analyst",seeking a business development manager position to identify new market opportunities  build strategic partnerships  and drive revenue growth through relationship building
Diya Reddy,42,Male,Master's,Dentistry,Master's in Dentistry,Harvard University,2022,2,Customer Success Manager,,organizational skills  risk management  psychology  counseling  patient care  leadership,Certified Sales Professional,seeking a challenging role as a customer success manager where i can apply my skills and knowledge to contribute to organizational success and professional growth
Karan Krishnan,31,Non-Binary,Bachelor's,Dentistry,Bachelor's in Dentistry,Pune University,2015,0,,,healthcare  medical knowledge  strategic planning  financial analysis  powerpoint  customer service  marketing,"Google Ads Certified, SHRM Certified Professional",seeking a marketing manager position to develop and execute comprehensive marketing strategies that drive brand awareness  customer engagement  and revenue growth
Joshua Hernandez,23,Non-Binary,Master's,Psychology,Master's in Psychology,Indian Institute of Science,2021,3,Customer Success Manager,,compliance  accounting  communication  sales  excel  problem solving,"Project Management Professional, Licensed Professional Counselor, Facebook Blueprint Certified",seeking a challenging role as a social media manager where i can apply my skills and knowledge to contribute to organizational success and professional growth
Amanda Iyer,41,Male,Master's,Mechanical Engineering,Master's in Mechanical Engineering,Stanford University,2018,2,Restaurant Specialist,,marketing  communication  powerpoint  team management,,seeking a challenging role as a restaurant specialist where i can apply my skills and knowledge to contribute to organizational success and professional growth
Diya Miller,31,Male,Master's,Operations Management,"Master's in Operations Management, Bachelor's in Communications",Christian Medical College,2015,0,,,budgeting  psychology  marketing  financial analysis  project management  organizational skills,Registered Nurse License,looking for an opportunity as a human resources manager to leverage my expertise in operations management and make a meaningful impact in the industry
Benjamin Rao,30,Non-Binary,Bachelor's,Supply Chain Management,Bachelor's in Supply Chain Management,Harvard University,2016,8,Restaurant Specialist,"Customer Success Manager, Brand Manager",social media marketing  team management  seo  content writing  psychology  time management  adaptability  budgeting,"Licensed Professional Counselor, Google Analytics Certified",targeting a restaurant specialist position to utilize my educational background and experience to drive results and achieve career objectives
Noah Rodriguez,30,Female,Bachelor's,Physics,Bachelor's in Physics,Pune University,2015,6,Business Development Manager,"Social Media Manager, Salesperson, Project Manager",psychology  content writing  marketing  compliance  project management,"Google Ads Certified, Registered Nurse License",looking for a business development manager role where i can utilize my sales expertise and market knowledge to expand business reach and profitability
Aarav Thompson,21,Female,Bachelor's,Sociology,Bachelor's in Sociology,Indian Institute of Technology Bombay,2016,3,Social Media Manager,,patient care  leadership  strategic planning  sales  data analysis  quality assurance  team management,"Six Sigma Green Belt, Licensed Professional Counselor",looking for an opportunity as a social media manager to leverage my expertise in sociology and make a meaningful impact in the industry
Sophia Chen,44,Non-Binary,Diploma,Mechanical Engineering,Diploma in Mechanical Engineering,Georgia Institute of Technology,2017,1,Operations Manager,,critical thinking  financial analysis  project management  counseling,"SHRM Certified Professional, Project Management Professional, Licensed Professional Counselor",targeting a operations manager position to utilize my educational background and experience to drive results and achieve career objectives
James Martinez,35,Non-Binary,Bachelor's,Education,Bachelor's in Education,University of Pennsylvania,2016,1,Business Analyst,,psychology  powerpoint  project management  emotional intelligence  patient care  seo,"SHRM Certified Professional, Project Management Professional, Licensed Professional Counselor",targeting a financial analyst position to contribute to financial planning  budgeting  and forecasting processes while ensuring accuracy and compliance
Meera Menon,33,Female,Diploma,Pharmacy,Diploma in Pharmacy,Yale University,2019,4,Financial Analyst,"Mental Health Practitioner, Customer Success Manager",powerpoint  financial analysis  seo  excel  accounting  project management  time management  marketing,Licensed Professional Counselor,targeting a financial analyst position to contribute to financial planning  budgeting  and forecasting processes while ensuring accuracy and compliance
Evelyn Kumar,45,Male,Diploma,Human Resources,Diploma in Human Resources,Birla Institute of Technology,2017,0,,,customer service  problem solving  marketing  financial analysis  communication  patient care  critical thinking,,looking for an opportunity as a operations manager to leverage my expertise in human resources and make a meaningful impact in the industry
Harper Rao,28,Male,Bachelor's,Accounting,Bachelor's in Accounting,Georgia Institute of Technology,2020,1,Human Resources Manager,,powerpoint  social media marketing  sales  organizational skills  financial analysis  excel  content writing,"Project Management Professional, Digital Marketing Institute Certified",looking for an opportunity as a content manager to leverage my expertise in accounting and make a meaningful impact in the industry
Karan Srinivasan,41,Male,Bachelor's,Civil Engineering,Bachelor's in Civil Engineering,Birla Institute of Technology,2015,4,Operations Manager,,seo  presentation skills  emotional intelligence  content writing  team management,Google Analytics Certified,seeking a challenging role as a operations manager where i can apply my skills and knowledge to contribute to organizational success and professional growth
Harper Venkatesh,27,Male,Master's,Economics,Master's in Economics,University of Washington,2024,0,,,organizational skills  social media marketing  sales  content writing  negotiation  emotional intelligence,,targeting a business analyst position to utilize my educational background and experience to drive results and achieve career objectives
Priya Anderson,31,Male,Bachelor's,Dentistry,Bachelor's in Dentistry,Vellore Institute of Technology,2023,0,,,healthcare  project management  accounting  critical thinking  financial analysis,,seeking a challenging role as a director of operations where i can apply my skills and knowledge to contribute to organizational success and professional growth
Aadhya Liu,33,Female,Certificate,Nursing,Certificate in Nursing,Manipal Institute of Technology,2016,8,Digital Marketing Specialist,,data analysis  financial analysis  content writing  social media marketing  compliance,"Certified Financial Analyst, Facebook Blueprint Certified, Google Analytics Certified",looking for an opportunity as a digital marketing specialist to leverage my expertise in nursing and make a meaningful impact in the industry
Amelia Martinez,44,Female,High School,Supply Chain Management,High School in Supply Chain Management,Delhi University,2017,4,Human Resources Manager,Dentist,powerpoint  psychology  project management  negotiation,"Facebook Blueprint Certified, Project Management Professional, Licensed Professional Counselor",targeting a human resources manager position to utilize my educational background and experience to drive results and achieve career objectives
Abhinav Lee,36,Non-Binary,Bachelor's,Business Administration,Bachelor's in Business Administration,Christian Medical College,2022,2,Social Media Manager,,time management  leadership  emotional intelligence  critical thinking  financial analysis  powerpoint  negotiation,"Six Sigma Green Belt, Digital Marketing Institute Certified",seeking a challenging role as a social media manager where i can apply my skills and knowledge to contribute to organizational success and professional growth
Harper Smith,21,Male,Bachelor's,Physics,Bachelor's in Physics,University of Oxford,2020,5,Account Manager,,counseling  patient care  accounting  compliance  social media marketing  powerpoint  psychology  team management,"SHRM Certified Professional, Certified Financial Analyst",targeting a account manager position to utilize my educational background and experience to drive results and achieve career objectives
Noah Srinivasan,43,Non-Binary,Master's,Human Resources,Master's in Human Resources,Manipal Institute of Technology,2017,6,Sales Representative,Social Media Manager,time management  strategic planning  social media marketing  adaptability  counseling  problem solving  powerpoint  leadership,"Licensed Professional Counselor, Project Management Professional",targeting a sales representative position to utilize my educational background and experience to drive results and achieve career objectives
Sophia Srinivasan,29,Female,Bachelor's,Finance,Bachelor's in Finance,Massachusetts Institute of Technology,2017,6,Business Development Manager,Account Manager,strategic planning  sales  seo  adaptability  content writing  time management  risk management  marketing,"Project Management Professional, Facebook Blueprint Certified",targeting a business development manager position to contribute to organizational growth through strategic planning  client acquisition  and partnership development
Vikram Liu,30,Female,Bachelor's,Sociology,Bachelor's in Sociology,University of Washington,2017,8,Business Development Manager,"Nurse, Director of Operations, Digital Marketing Specialist",patient care  budgeting  psychology  problem solving  counseling  negotiation,,targeting a business development manager position to contribute to organizational growth through strategic planning  client acquisition  and partnership development
Isabella Patel,33,Non-Binary,High School,Education,High School in Education,Delhi University,2023,1,Dentist,,problem solving  psychology  patient care  adaptability  budgeting,"Registered Nurse License, Project Management Professional",targeting a dentist position to utilize my educational background and experience to drive results and achieve career objectives
Andrew Hernandez,27,Non-Binary,Master's,Psychology,Master's in Psychology,University of Washington,2021,0,,,content writing  excel  compliance  patient care  project management  leadership  medical knowledge,,looking for an opportunity as a content manager to leverage my expertise in psychology and make a meaningful impact in the industry
Arjun Sharma,24,Female,Bachelor's,Biology,Bachelor's in Biology,Yale University,2020,0,,,medical knowledge  time management  seo  negotiation  emotional intelligence  problem solving  excel  risk management,"Facebook Blueprint Certified, Licensed Professional Counselor",seeking a challenging role as a human resources manager where i can apply my skills and knowledge to contribute to organizational success and professional growth
Ava Reddy,34,Female,High School,Business Administration,High School in Business Administration,Stanford University,2020,0,,,accounting  emotional intelligence  problem solving  patient care  budgeting  powerpoint  quality assurance  risk management,HubSpot Content Marketing,looking for a financial analyst role where i can apply my analytical skills to evaluate investment opportunities  assess financial performance  and prepare detailed reports
Benjamin Miller,31,Male,Bachelor's,Dentistry,Bachelor's in Dentistry,Armed Forces Medical College,2023,0,,,strategic planning  risk management  budgeting  content writing  communication  quality assurance,Google Analytics Certified,targeting a salesperson position to utilize my educational background and experience to drive results and achieve career objectives
Andrew Jones,31,Female,PhD,Human Resources,PhD in Human Resources,Armed Forces Medical College,2015,5,Project Manager,Counselor,leadership  negotiation  powerpoint  sales  quality assurance  adaptability  content writing,"Digital Marketing Institute Certified, Google Analytics Certified",seeking a challenging role as a dentist where i can apply my skills and knowledge to contribute to organizational success and professional growth
Diya Zhou,29,Non-Binary,Bachelor's,Dentistry,Bachelor's in Dentistry,University of Oxford,2020,4,Digital Marketing Specialist,,communication  financial analysis  critical thinking  team management  medical knowledge  adaptability  negotiation  compliance,"SHRM Certified Professional, Certified Financial Analyst, Digital Marketing Institute Certified",looking for an opportunity as a digital marketing specialist to leverage my expertise in dentistry and make a meaningful impact in the industry
Alexander Venkatesh,29,Non-Binary,High School,Biology,High School in Biology,Delhi University,2022,1,Nurse,,powerpoint  counseling  healthcare  risk management  excel  budgeting  compliance,"HubSpot Content Marketing, Six Sigma Green Belt, Project Management Professional",targeting a nurse position to apply my clinical knowledge and caring attitude in delivering comprehensive patient care and support
Aarav Anderson,39,Non-Binary,Master's,Business Administration,Master's in Business Administration,Harvard University,2020,4,Social Media Manager,Business Analyst,communication  seo  counseling  adaptability  social media marketing  accounting  strategic planning,,looking for an opportunity as a social media manager to leverage my expertise in business administration and make a meaningful impact in the industry
Karan Verma,35,Male,PhD,Accounting,PhD in Accounting,Carnegie Mellon University,2025,0,,,sales  accounting  budgeting  risk management  organizational skills,"Certified Financial Analyst, Licensed Professional Counselor, SHRM Certified Professional",targeting a nurse position to apply my clinical knowledge and caring attitude in delivering comprehensive patient care and support
Harper Yang,29,Non-Binary,Master's,Economics,Master's in Economics,Amity University,2025,0,,,quality assurance  social media marketing  critical thinking  patient care,"Certified Public Accountant, SHRM Certified Professional",seeking a challenging role as a account manager where i can apply my skills and knowledge to contribute to organizational success and professional growth
Harper Verma,44,Non-Binary,Bachelor's,English Literature,Bachelor's in English Literature,London School of Economics,2018,6,Financial Analyst,Digital Marketing Specialist,time management  seo  presentation skills  powerpoint  medical knowledge  negotiation  content writing  problem solving,Certified Public Accountant,targeting a financial analyst position to contribute to financial planning  budgeting  and forecasting processes while ensuring accuracy and compliance
Christopher Gupta,32,Male,Certificate,Architecture,Certificate in Architecture,Technical University of Munich,2021,4,Marketing Manager,,quality assurance  content writing  compliance  healthcare  strategic planning  excel  medical knowledge,"Licensed Professional Counselor, SHRM Certified Professional",seeking a challenging role as a dentist where i can apply my skills and knowledge to contribute to organizational success and professional growth
Arjun White,44,Male,Bachelor's,Chemical Engineering,Bachelor's in Chemical Engineering,Indian Institute of Science,2021,2,Project Manager,,quality assurance  leadership  strategic planning  accounting  customer service  marketing  negotiation,,targeting a market research analyst position to utilize my educational background and experience to drive results and achieve career objectives
Sarah Thompson,22,Non-Binary,PhD,Dentistry,PhD in Dentistry,Massachusetts Institute of Technology,2023,2,Human Resources Manager,,critical thinking  problem solving  team management  quality assurance  patient care  presentation skills  powerpoint,"Licensed Professional Counselor, Facebook Blueprint Certified, Google Analytics Certified",looking for an opportunity as a human resources manager to leverage my expertise in dentistry and make a meaningful impact in the industry
Joshua Brown,35,Non-Binary,Bachelor's,Journalism,Bachelor's in Journalism,Manipal Institute of Technology,2023,2,Dentist,,compliance  project management  time management  organizational skills  content writing  data analysis,"Digital Marketing Institute Certified, Registered Nurse License, Six Sigma Green Belt",seeking a challenging role as a dentist where i can apply my skills and knowledge to contribute to organizational success and professional growth
Vikram Verma,25,Male,Master's,Physics,Master's in Physics,Mumbai University,2016,8,Dentist,"Brand Manager, Market Research Analyst, Business Analyst",negotiation  patient care  sales  data analysis  marketing,,seeking a challenging role as a dentist where i can apply my skills and knowledge to contribute to organizational success and professional growth
Aarav Kim,36,Male,PhD,Physics,PhD in Physics,University of Washington,2021,1,Content Manager,,marketing  project management  budgeting  social media marketing,Certified Financial Analyst,targeting a content manager position to utilize my educational background and experience to drive results and achieve career objectives
Sneha Park,34,Non-Binary,Bachelor's,Civil Engineering,Bachelor's in Civil Engineering,Vellore Institute of Technology,2020,3,Nurse,Human Resources Manager,critical thinking  team management  medical knowledge  compliance  budgeting,"Six Sigma Green Belt, Google Ads Certified, Google Analytics Certified",seeking a registered nurse position to provide high quality patient care in a healthcare setting  utilizing clinical skills and compassionate bedside manner
Joshua Agarwal,45,Male,PhD,Political Science,PhD in Political Science,Harvard University,2023,2,Account Manager,,critical thinking  emotional intelligence  team management  accounting,,targeting a account manager position to utilize my educational background and experience to drive results and achieve career objectives
Sophia Iyer,29,Non-Binary,PhD,Dentistry,PhD in Dentistry,University of California Berkeley,2017,5,Account Manager,Project Manager,psychology  powerpoint  project management  team management  content writing  budgeting,"Certified Financial Analyst, Project Management Professional",looking for a nursing role where i can contribute to patient recovery  health education  and interdisciplinary healthcare team collaboration
Ankit Wilson,41,Female,PhD,Operations Management,"PhD in Operations Management, Bachelor's in Pharmacy",University of Oxford,2020,2,Project Manager,,strategic planning  team management  organizational skills  critical thinking  presentation skills  financial analysis  accounting  adaptability,"Six Sigma Green Belt, Project Management Professional, Digital Marketing Institute Certified",looking for an opportunity as a project manager to leverage my expertise in operations management and make a meaningful impact in the industry
Meera Rodriguez,21,Male,PhD,Mechanical Engineering,PhD in Mechanical Engineering,Manipal Institute of Technology,2016,7,Marketing Manager,Content Manager,leadership  strategic planning  powerpoint  sales  compliance  adaptability,"Certified Financial Analyst, Google Analytics Certified",targeting a marketing manager position to lead marketing campaigns  manage brand positioning  and collaborate with cross functional teams to drive business growth
Jessica Mittal,42,Female,Bachelor's,Architecture,Bachelor's in Architecture,Technical University of Munich,2025,0,,,powerpoint  team management  strategic planning  organizational skills  medical knowledge  compliance  seo  time management,"Google Ads Certified, Certified Sales Professional",seeking a financial analyst position to provide financial insights  conduct market analysis  and support strategic decision making through comprehensive financial modeling
Sophia Johnson,30,Male,Bachelor's,Human Resources,Bachelor's in Human Resources,Technical University of Munich,2019,6,Customer Success Manager,"Financial Analyst, Business Development Manager",counseling  problem solving  negotiation  financial analysis,"Project Management Professional, Certified Financial Analyst, Google Analytics Certified",targeting a customer success manager position to utilize my educational background and experience to drive results and achieve career objectives
Ankit Taylor,44,Non-Binary,Master's,English Literature,Master's in English Literature,Mumbai University,2015,2,Salesperson,,compliance  time management  marketing  financial analysis,,targeting a salesperson position to utilize my educational background and experience to drive results and achieve career objectives
Ananya Moore,39,Non-Binary,Bachelor's,Pharmacy,Bachelor's in Pharmacy,Yale University,2022,1,Market Research Analyst,,adaptability  time management  risk management  healthcare  project management,"Six Sigma Green Belt, Google Analytics Certified",targeting a market research analyst position to utilize my educational background and experience to drive results and achieve career objectives
Arjun Menon,33,Female,Master's,Medicine,Master's in Medicine,Vellore Institute of Technology,2021,3,Account Manager,Marketing Manager,content writing  financial analysis  counseling  leadership,"Google Ads Certified, Digital Marketing Institute Certified, Certified Public Accountant",looking for an opportunity as a account manager to leverage my expertise in medicine and make a meaningful impact in the industry
Harper Patel,21,Male,Certificate,Human Resources,Certificate in Human Resources,Indian Institute of Science,2016,3,Marketing Manager,,time management  data analysis  team management  social media marketing  presentation skills,"SHRM Certified Professional, Facebook Blueprint Certified",looking for a financial analyst role where i can apply my analytical skills to evaluate investment opportunities  assess financial performance  and prepare detailed reports
Rahul Taylor,40,Non-Binary,High School,Chemical Engineering,High School in Chemical Engineering,University of Oxford,2019,0,,,strategic planning  critical thinking  quality assurance  compliance  content writing  social media marketing  medical knowledge  excel,,seeking a challenging role as a human resources manager where i can apply my skills and knowledge to contribute to organizational success and professional growth
Noah Garcia,45,Female,Bachelor's,Pharmacy,Bachelor's in Pharmacy,Carnegie Mellon University,2023,1,Financial Analyst,,financial analysis  adaptability  strategic planning  quality assurance  patient care  excel,,seeking a financial analyst position to provide financial insights  conduct market analysis  and support strategic decision making through comprehensive financial modeling
Aisha Krishnan,39,Female,Master's,Sociology,"Master's in Sociology, Bachelor's in Business Administration",Indian Institute of Technology Bombay,2018,5,Financial Analyst,,emotional intelligence  counseling  organizational skills  healthcare  customer service  critical thinking  accounting  negotiation,"Registered Nurse License, HubSpot Content Marketing, Certified Public Accountant",targeting a financial analyst position to contribute to financial planning  budgeting  and forecasting processes while ensuring accuracy and compliance
Emily Anderson,23,Non-Binary,Master's,Nursing,"Master's in Nursing, Bachelor's in Chemical Engineering",Amity University,2018,0,,,problem solving  patient care  negotiation  strategic planning  customer service  time management,SHRM Certified Professional,looking for an opportunity as a restaurant specialist to leverage my expertise in nursing and make a meaningful impact in the industry
Lucas Hernandez,44,Non-Binary,Master's,Chemistry,Master's in Chemistry,Delhi University,2018,0,,,organizational skills  excel  strategic planning  data analysis  team management  project management  social media marketing,"Six Sigma Green Belt, Facebook Blueprint Certified, Certified Financial Analyst",targeting a digital marketing specialist position to utilize my educational background and experience to drive results and achieve career objectives
Aadhya Rodriguez,21,Non-Binary,Bachelor's,Medicine,Bachelor's in Medicine,Stanford University,2016,8,Human Resources Manager,Dentist,financial analysis  quality assurance  project management  problem solving  sales  leadership  counseling,"Six Sigma Green Belt, Project Management Professional",looking for an opportunity as a human resources manager to leverage my expertise in medicine and make a meaningful impact in the industry
Noah Srinivasan,23,Female,Bachelor's,Marketing,Bachelor's in Marketing,Yale University,2023,0,,,financial analysis  risk management  medical knowledge  seo  sales,,looking for an opportunity as a restaurant specialist to leverage my expertise in marketing and make a meaningful impact in the industry
Ananya Singh,40,Non-Binary,Bachelor's,Architecture,Bachelor's in Architecture,Indian Institute of Technology Delhi,2017,3,Director of Operations,,adaptability  social media marketing  seo  healthcare  presentation skills  medical knowledge  leadership,"Certified Sales Professional, Six Sigma Green Belt, Facebook Blueprint Certified",looking for an opportunity as a director of operations to leverage my expertise in architecture and make a meaningful impact in the industry
Ava Johnson,43,Non-Binary,Bachelor's,Physics,Bachelor's in Physics,Indian Institute of Technology Bombay,2025,0,,,data analysis  excel  project management  quality assurance,"Licensed Professional Counselor, Certified Sales Professional, Facebook Blueprint Certified",seeking a registered nurse position to provide high quality patient care in a healthcare setting  utilizing clinical skills and compassionate bedside manner
Emma Rodriguez,44,Male,Bachelor's,Supply Chain Management,Bachelor's in Supply Chain Management,Delhi University,2016,9,Social Media Manager,,patient care  medical knowledge  risk management  team management,,seeking a challenging role as a social media manager where i can apply my skills and knowledge to contribute to organizational success and professional growth
Amelia Jackson,28,Male,PhD,Architecture,PhD in Architecture,Stanford University,2020,5,Social Media Manager,"Content Manager, Nurse",social media marketing  time management  team management  critical thinking  presentation skills,Digital Marketing Institute Certified,seeking a challenging role as a social media manager where i can apply my skills and knowledge to contribute to organizational success and professional growth
Ankit Wu,27,Female,Master's,Nursing,"Master's in Nursing, Bachelor's in Communications",University of Toronto,2020,3,Counselor,Social Media Manager,sales  excel  marketing  critical thinking  customer service  data analysis  accounting  problem solving,"Certified Public Accountant, Google Analytics Certified, Digital Marketing Institute Certified",seeking a challenging role as a counselor where i can apply my skills and knowledge to contribute to organizational success and professional growth
Mason Johnson,37,Female,Bachelor's,Supply Chain Management,Bachelor's in Supply Chain Management,Birla Institute of Technology,2015,9,Counselor,"Human Resources Manager, Brand Manager, Digital Marketing Specialist",accounting  financial analysis  patient care  communication  customer service  social media marketing  organizational skills  problem solving,"Registered Nurse License, Google Analytics Certified, HubSpot Content Marketing",looking for an opportunity as a salesperson to leverage my expertise in supply chain management and make a meaningful impact in the industry
Sarah Garcia,29,Non-Binary,Master's,Sociology,Master's in Sociology,Birla Institute of Technology,2021,3,Brand Manager,Sales Representative,data analysis  risk management  medical knowledge  marketing  quality assurance  excel,,seeking a challenging role as a brand manager where i can apply my skills and knowledge to contribute to organizational success and professional growth
Lucas Rao,45,Female,Diploma,Chemistry,Diploma in Chemistry,All India Institute of Medical Sciences,2024,0,,,project management  medical knowledge  powerpoint  content writing  quality assurance  social media marketing  negotiation  patient care,"Google Analytics Certified, Facebook Blueprint Certified",looking for an opportunity as a counselor to leverage my expertise in chemistry and make a meaningful impact in the industry
Ethan Zhou,29,Female,Bachelor's,Biology,Bachelor's in Biology,Vellore Institute of Technology,2021,4,Digital Marketing Specialist,,emotional intelligence  powerpoint  medical knowledge  social media marketing  negotiation,HubSpot Content Marketing,looking for an opportunity as a digital marketing specialist to leverage my expertise in biology and make a meaningful impact in the industry
Priya Gupta,26,Non-Binary,Master's,Sociology,Master's in Sociology,Amity University,2025,0,,,presentation skills  critical thinking  time management  powerpoint  organizational skills,"Six Sigma Green Belt, Licensed Professional Counselor, Facebook Blueprint Certified",looking for a marketing manager role where i can leverage digital marketing  content creation  and data analytics to achieve marketing objectives
